LL 210 118
251 252 252 252 250 248 246 244 241 238 235 232 231 235 239 241 242 244 247 249 246 244 246 250 251 250 250 250 251 252 249 245 246 247 248 249 246 244 241 240 238 237 237 236 235 235 236 245 248 251 251 241 227 221 222 221 230 240 241 247 254 248 245 238 235 228 222 219 217 219 222 224 224 224 224 224 221 221 221 221 221 222 223 225 227 227 227 227 226 223 223 225 232 232 233 234 233 232 230 229 226 225 224 224 226 227 229 230 229 228 225 224 223 222 220 218 216 216
249 249 250 251 250 248 245 243 239 237 234 232 233 235 239 242 245 246 247 249 245 245 246 248 251 251 250 249 249 250 248 246 248 248 249 249 246 245 242 240 238 238 237 237 236 236 238 247 251 250 249 243 227 221 222 221 225 226 231 247 245 242 239 236 233 227 221 219 218 220 223 225 225 225 224 223 221 221 221 221 222 223 224 225 228 228 228 228 225 223 224 226 233 233 234 234 234 233 231 229 226 226 225 225 226 226 227 228 228 227 225 224 223 222 220 218 216 216
245 247 248 249 249 247 244 243 240 238 236 234 236 239 243 246 249 249 249 249 244 246 246 245 250 252 250 245 247 246 246 248 250 250 250 250 247 245 243 241 239 238 238 237 237 238 240 250 253 251 250 243 227 221 222 221 221 224 226 229 233 233 232 233 229 224 220 220 220 222 224 226 227 226 224 223 221 221 221 221 222 223 225 226 228 228 228 228 228 226 227 230 234 234 235 236 236 234 232 231 228 227 226 226 225 226 226 226 225 225 224 224 223 222 220 218 216 216
243 244 247 248 249 247 244 242 242 241 239 238 241 244 248 251 252 251 249 249 244 246 246 243 249 252 250 243 246 244 246 249 252 251 250 250 248 246 243 241 239 239 238 238 237 239 242 252 252 254 251 241 227 221 222 221 218 224 225 220 224 228 227 230 227 223 220 221 221 222 225 227 228 227 224 223 221 221 221 221 223 224 225 226 229 229 229 229 231 230 232 235 235 235 236 237 237 235 233 232 229 228 227 227 225 225 224 224 224 224 224 223 223 222 220 218 216 216
243 244 246 247 246 243 241 242 241 242 243 243 247 249 253 255 254 252 250 248 248 248 247 247 251 253 253 249 243 243 246 250 251 250 248 248 247 245 243 242 242 240 238 237 238 242 248 253 254 255 251 239 230 225 222 217 215 216 218 222 224 224 225 225 222 222 222 222 223 224 227 229 229 227 224 222 222 222 222 222 224 224 225 226 229 230 232 234 234 234 235 236 238 238 238 239 238 236 233 232 230 229 228 227 225 224 223 223 225 225 225 225 222 221 220 220 217 216
243 244 246 248 247 243 241 242 242 243 245 245 249 251 253 255 254 253 251 250 246 248 249 251 252 253 252 250 248 247 248 251 250 249 248 247 246 244 242 241 241 240 239 238 239 244 250 253 254 255 251 239 232 223 216 208 200 203 221 225 225 225 224 224 223 223 223 223 223 225 228 229 228 226 224 222 222 222 222 222 224 225 226 227 230 232 234 235 235 236 236 237 239 239 238 238 237 235 233 231 229 228 227 226 224 224 224 223 225 225 225 225 222 222 221 221 218 217
244 245 247 248 247 244 242 243 243 245 247 248 253 253 254 254 255 254 253 252 248 249 250 252 253 251 251 251 250 248 248 250 249 248 246 245 244 243 241 239 241 241 240 240 242 249 253 254 254 255 251 239 232 224 217 208 202 225 235 231 225 225 224 223 223 223 223 223 224 226 228 230 227 226 223 221 222 222 222 222 224 226 228 230 232 234 236 237 237 238 238 239 240 239 239 238 236 234 231 229 228 227 226 225 223 224 224 224 225 225 225 225 224 223 222 222 220 219
244 245 247 249 248 245 243 243 243 245 248 251 255 255 254 254 255 255 254 254 251 251 251 250 254 251 250 252 250 247 246 247 248 247 245 245 243 242 240 239 241 241 241 242 244 251 255 254 254 255 251 239 232 226 224 218 223 233 232 231 226 225 223 222 224 224 224 224 224 226 229 231 227 225 222 221 222 222 222 222 224 226 229 231 234 235 237 238 239 239 240 240 242 240 239 238 235 233 230 228 227 226 225 224 223 223 224 225 225 225 225 225 225 224 223 223 221 221
251 251 250 249 249 247 245 244 243 245 248 250 255 255 255 255 255 255 255 255 254 252 251 249 250 250 249 249 247 247 247 247 246 246 245 244 244 244 242 242 241 240 241 244 249 253 255 255 255 254 250 237 232 230 227 224 225 229 232 232 227 225 224 223 225 225 224 224 225 226 227 228 225 223 221 220 221 221 222 223 226 227 229 230 236 236 236 236 238 239 240 241 241 240 239 239 235 233 229 227 227 225 224 223 224 224 225 225 225 225 226 227 226 225 224 223 222 221
253 252 252 252 250 247 244 241 241 244 248 252 255 255 255 255 255 255 255 255 254 253 252 251 250 248 247 246 246 246 246 246 245 244 244 244 247 244 242 240 241 240 241 245 250 253 255 254 254 250 245 236 232 230 227 224 225 229 231 231 227 226 225 224 225 224 224 223 224 225 227 228 224 223 222 221 222 223 223 224 226 228 230 231 235 235 235 235 239 239 240 240 239 238 238 238 234 232 229 226 225 224 224 223 224 224 225 225 226 226 227 227 227 226 225 224 223 222
252 252 252 253 251 249 246 244 245 247 250 253 255 255 255 255 255 255 255 255 254 254 254 253 253 250 246 244 245 245 245 245 242 243 243 244 247 244 242 240 241 240 243 247 252 254 255 254 253 244 239 235 231 229 227 225 225 229 230 229 228 227 225 224 224 224 223 223 224 225 226 227 224 224 223 223 224 225 225 226 228 229 231 233 234 234 234 234 238 237 237 236 236 236 236 237 234 231 228 226 224 224 223 223 224 224 225 225 227 227 228 229 228 227 226 225 224 224
249 250 251 251 251 251 251 251 252 253 253 254 255 255 255 255 255 255 255 255 255 255 255 255 255 253 249 245 244 244 244 244 241 241 243 243 244 244 242 242 241 240 244 248 253 255 255 254 252 240 235 233 230 229 227 226 225 228 229 228 228 227 226 225 224 223 223 222 223 224 225 227 224 224 224 225 226 226 227 227 229 230 232 234 233 233 233 233 234 233 232 232 233 234 235 236 233 231 228 225 223 223 223 224 224 224 225 225 228 228 229 230 229 228 227 226 225 225
245 249 251 250 250 251 252 254 255 255 255 255 255 255 255 255 255 255 255 255 254 254 254 254 254 253 251 250 245 244 242 241 239 239 240 241 243 243 243 243 241 241 245 249 255 254 253 252 245 241 236 233 231 229 226 225 224 224 226 227 226 226 226 226 224 223 221 220 224 224 224 224 225 225 225 225 225 227 229 231 231 232 233 234 231 230 229 228 228 228 228 229 230 231 231 232 228 227 225 224 223 223 223 223 223 224 225 227 230 230 231 231 231 229 227 226 225 224
244 248 251 251 251 252 253 254 255 255 255 255 255 255 255 255 255 255 255 255 254 254 254 254 254 252 250 249 246 245 243 241 239 240 240 240 243 243 243 243 241 241 245 249 253 251 248 246 247 243 238 235 235 232 228 225 224 224 224 224 226 226 226 226 224 223 222 222 224 224 224 224 225 225 225 225 226 227 229 230 230 231 232 232 230 229 228 226 223 224 225 226 229 229 230 230 228 226 224 223 223 223 223 223 223 224 227 228 231 231 232 232 232 231 229 227 226 225
243 248 251 252 251 252 254 255 255 255 255 255 255 255 255 255 255 255 255 255 254 254 254 254 253 252 250 248 248 246 244 243 240 240 240 239 242 242 242 242 241 241 245 249 255 253 251 250 250 246 241 237 236 234 231 228 227 226 225 223 226 226 226 226 225 224 224 224 225 225 225 225 225 225 225 225 227 228 229 229 229 229 229 229 229 228 225 223 220 221 222 224 227 227 228 228 227 226 224 222 223 223 223 223 223 225 228 231 233 233 234 234 234 233 231 229 227 227
243 247 252 253 252 253 254 255 255 255 255 255 255 255 255 255 255 255 255 255 254 254 254 254 253 251 249 248 249 247 245 244 241 240 239 239 242 242 242 242 241 241 245 249 252 252 253 254 252 248 243 239 235 235 234 234 231 230 227 225 226 226 226 226 225 225 226 226 225 225 225 225 225 225 225 225 228 228 229 229 228 228 228 227 228 226 223 221 219 221 223 225 226 226 227 227 227 225 223 222 223 223 223 223 223 226 230 232 234 235 235 236 235 234 232 231 228 228
243 246 251 254 255 255 255 255 255 255 255 255 255 255 255 255 253 253 252 252 255 255 255 255 251 248 247 249 250 249 247 247 242 241 238 237 236 241 244 244 242 244 246 247 253 253 253 253 252 249 245 241 239 239 238 238 236 234 231 229 227 227 227 227 227 228 229 230 228 227 225 223 225 224 224 224 225 225 226 226 224 224 224 224 224 222 220 219 217 218 220 222 226 227 227 227 227 226 225 224 224 224 224 224 225 228 231 234 236 237 237 238 238 236 234 232 228 228
246 248 252 254 255 255 255 255 255 255 255 255 255 255 255 255 254 253 253 252 254 254 254 254 252 249 248 248 249 248 247 246 242 240 238 236 235 237 240 241 239 241 243 244 249 250 252 252 252 249 246 243 241 241 240 239 237 236 233 232 231 231 231 231 231 231 232 232 231 230 228 226 226 225 225 224 225 224 224 224 223 223 223 223 223 221 219 218 216 217 219 221 225 225 226 227 226 226 225 225 225 225 226 227 229 232 235 237 239 240 240 241 239 237 234 232 228 228
250 251 253 254 255 255 255 255 255 255 255 255 255 255 255 255 254 254 253 253 254 254 254 254 254 250 248 248 248 247 246 245 243 240 236 234 232 232 234 236 235 237 239 240 244 246 249 251 252 250 247 245 244 243 243 242 240 239 237 236 235 235 235 235 236 236 235 235 235 234 232 230 228 227 225 224 224 223 222 222 222 222 222 222 221 220 218 216 214 216 218 219 222 224 225 227 225 225 226 226 226 228 229 231 232 234 236 238 241 241 242 242 241 238 234 231 228 228
253 253 254 255 255 255 255 255 255 255 255 255 255 255 255 255 255 254 254 253 253 253 253 253 255 251 248 248 248 247 246 245 243 240 236 233 230 228 229 233 232 234 236 237 240 243 247 250 253 251 249 247 246 245 244 244 241 241 240 239 238 238 238 238 239 238 237 237 238 237 235 233 230 228 226 225 224 223 221 220 221 221 221 221 220 219 217 216 214 215 217 218 221 222 225 226 224 225 226 227 227 229 232 233 233 234 235 236 239 240 240 241 242 239 235 231 228 228
253 255 255 253 255 255 255 255 255 255 255 255 255 255 255 255 255 255 255 255 255 255 255 255 255 254 251 250 249 247 245 244 242 240 237 234 231 227 226 227 227 227 231 235 237 239 242 244 249 251 251 249 249 247 248 247 245 245 244 244 243 244 244 244 240 242 239 239 239 238 237 236 234 232 229 226 224 224 223 223 225 224 223 223 222 221 219 218 213 212 212 215 217 217 220 225 224 226 228 230 232 232 232 232 233 234 236 237 237 238 239 239 236 235 232 230 227 227
252 254 255 253 255 255 255 255 255 255 255 255 255 255 255 255 255 255 255 255 255 255 255 255 255 253 251 249 248 246 244 243 242 240 237 234 229 226 223 224 226 227 230 234 236 238 241 242 247 250 251 250 251 253 250 253 252 251 250 250 250 249 248 247 247 242 243 240 241 240 239 238 236 234 231 228 226 226 225 224 225 225 224 224 223 222 220 218 215 212 212 214 215 216 219 223 225 227 229 231 233 233 233 233 233 233 234 235 235 236 236 237 234 232 231 229 227 227
250 253 255 254 255 255 255 255 255 255 255 255 255 255 255 255 255 255 255 255 255 255 255 255 254 252 249 247 246 245 243 241 241 239 237 235 230 226 223 223 225 225 229 233 234 236 239 240 245 249 252 252 251 254 252 251 253 253 254 254 254 254 254 253 249 249 245 243 243 243 241 240 239 237 233 231 229 228 228 227 227 226 225 225 225 223 221 220 217 213 211 212 213 214 217 221 226 228 231 232 234 234 234 234 233 232 231 231 233 233 232 232 230 229 228 228 227 227
248 252 255 254 255 255 255 255 255 255 255 255 255 255 255 255 255 255 255 255 255 255 255 255 253 251 248 246 245 244 242 241 240 239 237 236 233 229 225 224 224 224 228 232 232 234 237 239 244 248 253 254 253 253 204 109 118 123 129 134 140 145 152 157 159 170 247 247 245 244 243 242 241 238 235 233 231 230 229 229 228 227 226 226 226 224 222 221 218 214 210 210 212 212 215 220 227 229 231 233 235 235 235 235 233 231 229 228 231 231 230 229 227 227 227 227 227 227
251 252 254 255 255 255 255 255 255 255 255 255 255 255 255 255 255 255 255 255 255 255 255 255 254 250 247 247 243 243 243 243 242 241 239 239 236 232 229 229 227 228 230 230 234 235 237 239 243 246 251 253 254 168 72 88 79 80 82 83 82 82 83 83 78 72 126 245 249 244 248 247 241 239 237 236 233 232 232 231 228 228 227 226 227 225 222 221 217 213 210 210 210 211 215 220 224 228 232 232 234 234 234 234 231 229 227 226 228 227 226 225 226 226 226 227 226 226
252 253 254 255 255 255 255 255 255 255 255 255 255 255 255 255 255 255 255 255 255 255 255 255 254 250 247 248 245 245 245 245 242 241 240 239 238 235 232 232 230 231 232 233 235 237 239 240 242 250 250 247 141 77 101 146 111 63 62 62 65 66 66 67 132 130 72 137 249 247 247 243 241 240 238 236 234 233 233 232 230 229 227 226 226 224 222 220 216 213 210 210 211 212 216 221 225 229 233 233 234 234 234 234 230 229 227 226 225 224 224 223 224 224 225 226 228 228
254 254 255 255 255 255 255 255 255 255 255 255 255 255 255 255 255 255 255 255 255 255 255 255 254 251 248 248 247 247 247 247 245 244 243 242 242 239 236 236 234 235 236 237 237 239 241 242 247 251 231 103 86 81 143 163 166 173 183 182 188 186 183 181 163 176 111 75 133 247 247 246 242 240 238 237 235 235 234 233 232 231 228 226 225 223 220 218 215 212 211 211 213 213 217 222 226 231 234 234 235 235 235 235 230 228 226 225 223 223 223 224 224 225 227 229 230 230
255 255 255 255 255 255 255 255 255 255 255 255 255 255 255 255 255 255 255 255 255 255 255 255 255 251 249 249 248 248 248 248 250 249 247 247 245 241 239 239 237 238 239 240 239 240 242 243 248 183 81 92 79 90 182 170 147 154 159 160 163 161 158 156 142 182 142 72 77 109 164 248 242 241 239 238 236 236 235 235 234 232 229 227 224 222 219 217 214 212 211 212 214 214 218 223 227 232 235 235 235 235 235 235 229 228 226 225 224 224 225 226 227 228 231 232 231 231
255 255 255 255 255 255 255 255 254 254 254 254 255 255 255 255 255 255 255 255 255 255 254 254 253 252 250 249 248 248 248 248 253 255 254 252 250 245 242 241 239 240 241 241 243 242 244 250 164 65 100 67 118 210 170 177 105 71 73 72 80 79 77 75 114 178 195 110 75 80 40 155 246 242 239 241 238 237 236 235 236 234 230 228 224 222 219 217 213 213 212 212 213 216 221 224 231 233 235 237 238 237 236 235 229 227 226 225 225 226 227 228 230 232 234 235 235 235
255 255 255 255 255 255 255 255 253 247 252 255 255 255 255 255 255 255 255 255 255 255 254 254 252 252 251 250 247 249 251 253 253 255 254 252 249 245 242 242 241 242 243 245 247 249 248 139 74 93 61 153 196 77 130 117 113 136 132 128 125 124 122 120 90 97 104 148 108 78 79 44 182 247 244 240 241 240 238 237 236 234 231 228 224 222 219 218 214 214 214 215 215 219 224 227 233 235 237 239 239 237 235 233 228 227 226 225 226 227 228 229 232 233 235 237 236 236
255 255 255 255 255 255 255 255 250 242 245 251 255 255 255 255 255 255 255 255 255 255 254 254 252 252 251 251 249 251 254 255 253 255 254 252 248 245 243 243 243 245 247 249 251 250 179 74 109 69 187 162 70 67 30 35 34 38 39 38 35 34 33 33 34 26 20 46 152 120 81 78 45 198 251 246 244 243 242 241 237 235 231 229 225 223 220 218 216 216 217 218 219 223 228 231 235 237 240 242 240 238 233 230 227 227 227 226 227 228 229 230 234 235 237 239 239 239
255 255 255 255 255 255 255 255 253 250 243 250 255 255 255 255 255 255 255 255 255 255 254 254 251 251 252 252 254 254 255 255 253 255 254 252 248 245 243 244 244 247 250 252 252 190 39 114 151 191 124 80 64 32 56 60 64 66 62 63 67 67 66 66 61 62 44 22 47 158 111 106 79 43 214 248 246 245 244 243 237 235 232 229 225 223 221 219 217 218 220 221 223 225 230 234 237 239 242 243 241 238 232 228 226 227 227 227 228 229 230 231 235 237 239 240 241 241
255 255 255 255 255 255 255 255 255 255 255 255 255 255 254 254 255 255 254 254 253 253 252 251 250 250 251 252 255 255 255 255 255 254 252 250 246 246 246 246 246 251 250 252 196 37 33 151 161 100 89 50 37 66 61 73 54 56 58 59 62 62 63 64 62 75 62 47 21 51 162 169 131 24 56 227 247 246 243 242 238 236 232 229 225 224 224 223 223 222 223 226 228 231 235 237 239 240 241 242 239 237 232 229 225 225 225 225 225 227 230 232 234 237 240 242 243 243
255 255 255 255 255 255 255 255 255 255 255 255 255 255 254 254 254 254 253 252 250 250 249 249 251 251 252 252 255 255 255 255 255 254 252 250 248 248 248 248 251 250 253 195 40 22 45 165 91 91 38 48 55 73 81 88 91 89 86 83 81 78 74 71 71 69 48 53 51 22 50 144 172 23 19 72 239 249 245 242 239 236 232 230 227 226 225 225 225 223 225 228 230 232 235 237 240 241 241 242 239 236 231 228 223 223 223 223 224 226 229 230 234 237 240 242 243 243
255 255 255 255 255 255 255 255 255 255 255 255 255 255 254 254 253 252 252 251 249 249 249 249 252 252 253 254 255 255 255 255 255 254 252 250 250 250 250 250 250 254 204 37 21 24 67 168 94 29 56 54 83 89 108 100 104 102 101 99 96 94 91 90 89 84 72 58 51 47 22 60 163 39 17 21 106 248 247 244 241 238 234 231 229 229 228 228 227 225 227 230 232 234 236 238 242 242 242 241 239 235 229 225 220 220 220 220 222 224 227 228 234 237 240 242 243 243
255 255 255 255 255 255 255 255 255 255 255 255 255 255 254 254 252 251 251 250 249 250 251 252 253 253 254 255 255 255 255 255 255 254 252 250 252 252 252 252 252 207 42 26 22 26 93 74 31 56 59 89 99 122 146 128 119 118 116 114 114 112 110 108 107 116 92 80 68 51 46 28 140 67 25 18 21 147 248 246 241 239 235 232 231 231 230 230 228 227 228 231 234 235 236 238 243 242 242 241 239 234 228 223 219 219 219 219 220 222 225 227 234 237 240 242 243 243
255 255 255 255 255 255 255 255 255 255 255 255 255 255 255 255 252 251 250 249 250 249 250 253 255 255 255 255 255 255 255 255 255 255 255 255 249 254 253 252 202 44 26 21 29 51 26 39 56 72 86 111 116 139 176 162 123 106 101 100 98 101 106 109 123 154 140 94 77 71 54 49 41 73 27 26 16 27 174 251 243 241 236 234 234 233 231 230 230 228 229 232 233 235 238 239 243 244 243 239 235 232 226 223 220 219 219 219 220 220 224 228 235 237 240 242 242 242
255 255 255 255 255 255 255 255 255 255 255 255 255 255 255 255 253 252 251 250 249 248 249 252 255 255 255 255 255 255 255 255 255 255 255 255 254 254 254 214 48 22 25 27 52 39 31 51 81 96 122 119 103 174 177 174 184 200 198 193 187 176 160 149 154 172 171 121 102 79 71 53 49 24 25 32 20 18 33 199 244 242 238 239 237 236 234 232 232 230 231 234 235 237 240 242 244 244 242 238 233 230 226 223 221 220 220 219 220 220 224 228 235 237 239 241 241 241
255 255 255 255 255 255 255 255 255 255 255 255 255 255 255 255 254 253 252 251 250 249 250 253 255 255 255 255 255 255 255 255 255 255 255 255 253 254 218 52 25 23 27 56 40 34 59 86 109 119 117 86 131 194 183 176 187 201 201 207 206 206 205 205 174 179 190 113 100 104 77 67 45 38 23 24 27 34 27 49 223 248 244 241 240 239 237 235 235 233 234 237 239 240 243 245 245 245 242 237 234 231 228 225 223 222 220 219 221 221 225 229 234 236 239 240 241 242
255 255 255 255 255 255 255 255 255 255 255 255 255 255 255 255 255 254 253 252 253 252 253 255 255 255 255 255 255 255 255 255 255 255 255 255 252 223 58 24 25 30 58 43 37 66 95 115 120 105 97 201 230 201 176 179 193 201 203 206 206 205 202 201 180 180 189 164 78 96 101 78 75 40 23 22 19 31 23 16 67 237 247 246 242 241 239 238 237 235 236 238 241 243 246 247 246 245 241 237 236 234 231 229 225 223 221 220 222 222 225 230 234 235 238 240 243 245
255 255 255 255 255 255 255 255 255 255 255 255 255 255 255 255 255 255 255 255 255 255 255 255 255 255 255 255 255 255 255 255 254 254 254 254 219 60 28 26 31 55 46 39 66 93 124 121 95 142 235 240 231 202 181 165 179 187 195 199 206 205 203 203 183 181 186 211 191 77 95 103 81 72 32 17 19 26 29 18 20 92 246 249 246 243 241 239 239 238 237 237 244 246 248 246 245 244 241 240 238 236 233 230 228 226 223 221 221 223 226 228 235 237 240 243 243 246
255 255 255 255 255 255 255 255 255 255 255 255 255 255 255 255 255 255 255 255 255 255 255 255 255 255 255 255 255 255 255 255 253 255 253 229 60 28 24 30 57 45 42 42 75 134 123 101 198 247 246 243 201 197 172 104 46 52 57 58 71 80 93 102 111 152 189 208 240 188 81 93 102 81 70 34 23 27 31 29 15 18 121 252 249 245 244 240 239 239 238 238 243 246 248 246 246 244 241 239 237 235 233 231 228 226 223 222 222 224 226 228 236 238 242 244 244 247
255 255 255 255 255 255 255 255 255 255 255 255 255 255 255 255 255 255 255 255 255 255 255 255 255 255 255 255 255 255 255 255 252 253 230 70 28 24 30 57 47 40 47 42 91 173 176 234 248 248 248 162 71 198 173 168 164 162 157 151 140 129 113 103 109 145 182 179 235 240 190 77 92 100 80 68 27 31 32 33 27 15 20 147 253 250 244 245 241 240 239 239 241 245 247 247 247 245 241 238 236 235 233 232 229 227 224 222 223 225 226 228 234 237 240 242 243 246
255 255 255 255 255 255 255 255 255 255 255 255 255 255 255 255 255 255 255 255 255 255 255 255 255 255 255 255 255 255 255 255 253 231 72 27 25 30 57 49 43 44 44 43 105 193 209 247 250 224 103 74 162 198 173 172 190 194 197 196 198 197 196 195 184 158 180 140 107 229 242 199 84 126 115 65 28 34 31 30 35 28 15 27 176 250 249 243 242 241 240 240 240 244 247 247 248 245 241 237 235 235 234 233 229 227 225 223 225 225 227 227 232 234 237 240 240 243
255 255 255 255 254 255 254 250 253 254 255 255 255 255 255 255 255 255 255 255 255 255 255 255 255 255 255 255 252 253 255 255 232 75 29 27 33 56 48 43 46 46 42 53 132 189 223 252 187 74 111 224 213 153 129 149 178 187 196 202 202 200 197 195 190 169 176 189 81 93 229 243 209 153 164 73 29 33 32 32 30 37 23 19 37 200 248 246 242 242 238 239 239 242 246 248 247 245 241 238 235 233 231 229 226 225 223 223 223 225 227 229 230 232 234 236 238 242
255 255 255 255 254 255 254 250 252 253 255 255 255 255 255 255 255 255 255 255 255 255 255 255 255 255 255 255 252 254 252 233 80 27 26 30 57 51 43 45 46 46 39 60 154 181 224 129 63 157 244 237 96 13 16 20 19 27 40 50 65 80 102 117 130 136 152 197 215 91 77 217 244 198 190 76 33 32 32 32 32 31 39 20 18 45 224 247 245 241 242 239 241 243 246 248 246 243 239 237 231 229 227 225 225 225 225 225 224 225 227 228 229 230 232 233 238 242
255 255 255 255 254 255 254 250 252 253 254 255 255 255 255 255 255 255 255 255 255 255 255 255 255 255 255 255 254 252 236 80 26 27 28 58 49 44 45 47 42 40 40 71 181 163 80 92 205 255 208 62 24 43 47 51 46 42 39 38 36 33 30 27 24 21 13 56 218 223 109 70 206 215 190 94 39 31 31 33 33 30 31 37 20 20 59 235 248 244 242 237 242 244 246 248 244 241 237 235 228 227 224 222 223 225 226 227 226 226 226 226 227 228 229 230 237 241
255 255 255 255 254 255 254 250 251 252 253 255 255 255 255 255 255 255 255 255 255 255 255 255 255 255 255 255 254 236 82 29 30 30 60 50 45 46 47 46 44 38 48 85 193 102 138 236 253 159 34 29 58 64 65 61 65 65 64 63 63 62 60 59 49 53 50 35 38 201 238 130 57 177 195 120 44 30 31 34 33 33 30 32 33 17 21 85 244 245 242 244 243 244 246 248 242 240 236 233 229 227 224 222 223 225 227 229 228 227 225 224 226 226 227 227 236 241
255 255 255 255 255 255 255 255 255 255 255 255 255 255 255 255 255 255 255 255 255 255 255 255 254 252 254 251 240 90 26 31 33 57 50 46 45 46 44 42 39 48 56 103 192 136 234 237 108 27 43 70 61 67 68 63 62 61 59 58 49 53 59 69 94 50 62 56 47 33 185 241 156 61 147 151 54 30 30 34 33 33 33 32 36 31 15 20 110 252 246 244 245 244 243 243 240 238 235 232 229 226 224 221 225 226 227 227 225 224 222 221 221 221 224 227 234 243
255 255 255 255 255 255 255 255 255 255 255 255 255 255 255 255 255 255 255 255 255 255 255 255 252 254 252 241 100 24 29 30 57 51 44 47 48 43 44 40 56 62 81 128 181 150 202 67 32 57 72 68 55 51 54 39 40 40 40 40 58 59 58 62 115 55 73 55 54 45 22 165 249 186 122 173 56 33 33 29 32 33 33 33 30 34 32 15 20 140 248 250 246 245 244 243 241 238 235 233 227 226 226 225 225 225 225 226 224 223 221 219 217 216 219 223 234 243
255 255 255 255 255 255 255 255 255 255 255 255 255 255 255 255 255 255 255 255 255 255 255 255 254 251 241 99 26 31 36 59 51 45 46 47 44 44 39 55 57 56 90 156 166 103 32 37 65 68 70 43 66 81 82 77 79 78 77 76 76 78 77 81 82 86 84 78 75 47 52 24 136 231 143 188 64 37 32 33 31 32 33 34 33 32 36 25 17 24 171 249 249 247 245 243 241 239 236 233 228 228 227 226 225 224 224 223 223 221 218 216 213 213 216 220 231 239
255 255 255 255 255 255 255 255 255 255 255 255 255 255 255 255 255 255 255 255 255 255 255 255 252 242 99 46 34 32 60 53 47 48 48 46 44 43 54 56 43 33 78 170 76 24 49 72 70 68 55 85 77 67 70 71 72 73 73 74 75 73 70 75 73 73 77 73 71 74 38 53 22 105 161 194 82 43 26 36 31 32 33 35 34 34 31 35 23 18 31 200 250 248 245 243 242 240 236 234 232 230 227 225 224 224 222 222 223 220 216 214 213 213 216 219 226 235
255 255 255 255 255 255 255 255 255 255 255 255 255 255 255 255 255 255 255 255 253 252 254 253 248 109 27 34 32 62 56 44 50 48 46 46 41 57 59 36 44 48 52 44 29 60 75 75 59 69 93 81 103 107 108 113 111 110 110 110 109 109 108 108 111 104 111 103 81 63 73 45 50 21 56 179 114 40 31 31 35 33 35 34 36 35 33 32 39 14 18 48 222 249 250 241 243 241 238 237 231 229 226 225 224 223 222 221 220 218 215 213 213 213 216 219 226 227
255 255 255 255 255 255 255 255 255 255 255 255 255 255 255 255 255 255 255 255 252 255 254 252 153 26 33 33 58 56 46 49 48 46 48 43 57 53 33 33 50 66 31 37 71 80 73 53 82 89 87 117 124 132 105 97 93 94 95 96 92 92 91 91 93 94 90 110 90 78 68 76 45 58 22 55 106 33 30 27 33 39 28 34 35 35 34 33 32 34 16 17 57 232 246 247 243 241 238 237 231 230 227 225 224 223 222 221 220 218 216 214 214 213 215 218 224 224
255 255 255 255 255 255 255 255 255 255 255 255 255 255 255 255 255 255 255 255 253 253 254 253 210 37 32 64 54 46 50 50 46 48 42 55 59 44 34 38 36 90 39 72 75 70 54 93 91 96 121 103 144 150 126 124 124 123 122 121 124 124 123 123 121 122 123 149 126 85 83 63 77 44 52 21 19 24 35 27 34 31 35 31 35 35 34 34 33 35 33 13 19 77 243 250 243 241 238 237 232 230 228 226 224 223 222 221 220 219 217 216 215 214 214 217 221 221
255 255 255 255 255 255 255 255 255 255 255 255 255 255 255 255 255 255 255 255 254 253 251 226 72 33 59 57 49 51 50 48 46 43 55 60 36 45 44 69 60 55 41 77 77 66 99 88 109 114 109 135 158 163 146 125 119 119 120 120 124 123 123 122 121 121 148 161 153 101 85 85 62 78 43 50 20 28 48 38 30 30 35 34 34 34 35 35 34 31 32 30 14 20 109 249 243 241 238 237 233 231 228 226 224 223 222 221 220 219 218 217 216 214 214 216 219 218
254 253 253 252 253 253 253 253 254 254 255 255 255 255 255 255 254 255 253 254 254 253 222 70 34 59 59 48 53 50 48 49 44 56 55 40 38 36 71 72 72 47 47 71 87 95 87 120 110 118 124 124 180 162 155 144 149 153 156 155 159 159 159 159 161 158 158 167 169 120 97 83 86 61 72 45 41 36 43 51 26 32 24 34 35 33 33 35 35 35 35 35 26 12 19 145 247 238 239 233 232 231 229 227 226 225 223 222 221 221 220 220 216 217 217 218 218 218
254 253 253 252 252 252 252 252 253 253 254 255 255 255 255 255 255 253 253 255 252 228 72 28 59 61 46 53 50 50 51 43 55 57 41 32 36 70 74 87 69 44 68 95 91 99 122 107 132 116 66 154 183 164 158 149 160 164 166 166 167 167 167 167 166 162 161 170 180 140 91 101 83 82 66 71 44 26 47 43 37 30 28 34 36 30 33 35 35 35 35 35 39 21 16 21 178 244 243 234 234 232 230 229 227 227 225 224 222 222 221 221 219 219 219 218 219 218
254 253 253 252 251 251 251 251 251 252 254 255 255 255 255 255 253 253 253 253 232 75 33 60 64 50 53 56 53 50 42 56 56 41 49 45 73 73 97 47 53 84 103 89 110 117 108 136 100 84 199 192 185 164 158 152 165 170 172 172 172 172 172 172 171 166 163 170 176 163 102 89 102 83 92 68 75 58 24 48 41 33 32 38 29 39 30 33 35 35 35 35 33 37 21 15 32 206 245 239 236 234 232 231 230 229 228 227 224 224 223 223 223 222 221 220 222 221
254 253 253 252 250 250 250 250 250 252 254 255 255 255 255 255 254 255 253 233 78 31 59 63 49 52 54 53 51 47 57 59 47 45 49 73 77 86 44 69 65 89 93 120 112 118 127 77 115 214 212 191 184 162 157 153 164 167 170 170 172 172 172 172 173 167 161 168 178 189 158 100 94 100 82 90 68 75 56 28 47 35 40 33 33 30 36 30 35 35 35 35 33 33 36 14 18 48 224 239 237 236 234 232 232 231 230 229 226 225 225 224 225 224 223 221 218 217
254 254 254 254 252 252 252 252 255 255 255 255 255 255 255 255 252 253 240 89 32 57 66 49 51 54 51 52 45 59 52 49 42 40 70 81 83 40 71 67 71 91 123 109 132 111 68 164 222 217 215 190 179 159 159 149 163 166 169 171 171 171 171 171 170 164 161 166 169 188 215 163 104 89 99 82 88 71 77 58 29 40 34 33 27 29 34 39 30 34 35 35 34 34 34 34 12 19 64 235 241 236 237 236 234 233 232 232 228 227 225 224 224 221 218 216 212 212
254 254 254 254 253 253 253 253 255 255 255 255 255 255 254 254 254 243 100 31 54 66 49 52 51 53 53 43 57 55 48 69 49 69 81 85 43 45 62 67 77 107 141 131 91 85 200 226 222 214 205 188 178 162 158 152 164 165 168 169 169 169 169 169 168 162 159 165 169 188 213 214 174 108 90 101 81 92 71 75 31 30 47 29 35 37 52 26 36 31 33 33 34 34 34 34 33 8 15 93 242 240 241 238 235 234 232 232 228 226 224 223 222 220 216 214 211 210
255 255 255 255 254 254 254 254 255 255 255 255 255 254 253 252 244 108 34 51 70 46 53 51 53 49 42 56 56 49 43 77 64 83 81 42 55 47 46 52 86 123 160 124 110 222 226 222 217 207 199 185 175 159 162 156 166 167 169 170 169 169 169 169 168 166 165 162 165 185 212 219 213 179 115 90 101 79 89 73 34 34 28 44 27 44 46 38 34 34 29 32 34 34 34 34 34 27 8 16 120 246 238 238 237 235 233 231 227 226 224 222 219 217 214 211 209 208
255 255 255 255 255 255 255 255 255 255 255 255 255 254 252 251 113 33 49 68 48 53 52 52 49 43 56 60 45 42 45 68 85 76 36 57 56 52 55 60 88 146 169 185 234 229 224 218 210 201 200 182 170 154 72 66 66 66 67 68 72 72 72 72 75 75 80 116 167 183 211 221 220 208 181 119 97 105 109 72 45 34 31 32 41 31 36 34 31 32 33 31 34 34 34 34 28 34 25 11 16 151 247 239 238 236 233 231 227 225 223 222 217 215 212 209 208 207
255 255 255 255 255 255 255 255 255 255 255 255 251 253 251 124 31 46 65 50 51 54 52 48 43 56 53 46 59 52 73 79 77 35 56 56 54 60 71 69 92 166 174 202 230 227 217 212 208 199 129 144 168 149 114 69 69 69 69 69 72 71 71 71 73 68 103 130 163 179 180 222 218 216 211 184 132 130 149 74 50 32 32 31 41 45 29 27 33 53 30 32 31 32 35 32 31 28 33 24 10 25 181 241 239 234 234 230 227 225 222 220 218 216 213 211 209 206
255 255 255 255 255 255 255 255 255 255 255 255 254 251 133 32 46 70 51 49 50 47 48 47 55 54 51 52 81 70 84 70 39 52 55 56 56 69 69 74 96 178 171 211 226 222 215 211 189 93 51 156 166 155 148 140 150 150 150 150 152 152 151 150 149 148 150 139 162 180 79 168 221 217 218 211 190 149 173 78 53 35 34 32 29 37 42 31 34 54 31 36 32 29 33 32 32 31 26 34 18 16 30 208 240 238 234 231 228 226 223 221 219 217 214 212 210 207
255 255 255 255 255 255 255 255 255 255 255 255 251 139 33 45 69 47 49 53 50 48 42 55 69 41 46 53 74 81 67 39 54 53 52 56 64 62 77 74 107 187 172 222 226 222 216 154 65 67 135 180 167 151 146 153 164 164 164 164 161 159 158 156 156 155 149 154 164 177 95 47 154 227 217 216 204 167 176 89 60 40 35 31 32 25 42 39 38 49 29 29 35 29 30 31 31 30 27 25 33 10 16 48 225 238 236 231 229 227 225 223 220 218 216 214 211 208
255 255 255 255 255 255 255 255 255 255 255 255 147 32 46 69 46 48 49 49 48 45 51 73 94 53 50 75 80 63 42 51 55 57 57 57 66 60 74 74 117 188 177 229 227 208 116 57 92 173 188 183 165 153 149 160 166 166 166 166 167 165 163 161 158 156 143 154 161 173 171 89 47 139 218 214 213 183 171 110 59 41 39 38 37 31 26 41 34 36 28 23 54 40 30 29 30 32 29 29 27 34 9 15 67 235 233 234 230 228 225 224 221 219 216 215 211 208
255 255 255 255 255 255 255 255 252 254 254 158 35 45 68 47 47 48 47 48 44 55 70 108 80 68 75 86 60 43 56 56 65 67 63 70 57 31 88 83 136 182 184 234 183 84 62 132 188 200 184 186 163 154 153 162 167 167 167 167 166 165 163 162 159 157 143 152 162 172 190 184 96 43 130 216 214 193 167 135 68 39 40 43 44 41 31 27 45 36 34 30 63 72 36 28 29 30 30 30 24 29 28 11 14 92 239 234 234 227 227 224 221 219 217 215 211 210
255 255 255 255 255 255 255 255 254 252 163 37 46 71 47 47 49 47 47 43 53 64 103 98 57 75 90 68 45 57 53 59 64 59 65 54 26 29 93 91 159 179 192 147 63 82 166 197 201 199 192 186 165 152 143 159 166 167 167 167 167 165 163 161 159 158 146 155 163 170 190 205 184 105 43 120 214 205 165 157 69 26 44 42 40 40 34 34 33 47 32 35 42 78 68 34 28 27 29 30 30 24 29 23 11 11 126 241 237 230 231 223 222 220 218 216 212 211
255 255 255 255 255 255 255 255 254 171 40 41 66 46 46 50 51 45 43 56 69 91 94 98 71 88 61 44 59 54 54 64 54 69 47 41 27 23 59 94 182 164 99 53 120 195 201 203 201 204 193 192 172 160 150 165 172 172 172 172 167 167 168 168 162 161 148 158 164 171 193 211 209 187 117 45 110 204 170 172 74 24 25 45 44 42 36 34 36 33 48 33 35 60 69 48 33 29 27 30 30 28 26 31 21 10 21 154 240 233 229 228 223 222 219 217 213 212
255 255 255 255 255 255 255 255 175 41 42 66 45 47 48 49 46 43 53 66 87 90 108 75 85 56 46 58 57 56 55 62 64 52 31 41 20 50 58 100 192 101 93 153 206 209 210 207 208 212 138 53 45 45 48 56 63 66 71 75 82 85 89 93 97 100 94 108 113 121 149 214 212 207 194 126 50 97 173 184 85 28 16 29 45 44 37 36 39 40 27 46 35 62 77 60 42 33 28 29 29 28 28 26 31 21 9 23 175 237 233 228 224 222 220 218 214 213
255 255 255 255 252 253 252 182 44 41 61 49 48 48 48 45 45 50 69 60 92 118 90 84 59 58 70 59 59 62 62 67 46 27 26 37 19 56 71 114 187 127 173 209 214 215 213 213 205 90 13 24 24 23 21 19 18 21 27 31 31 29 28 27 21 19 16 13 9 9 9 115 217 217 214 196 134 53 86 177 102 45 26 26 28 44 39 44 37 40 43 31 45 39 77 67 49 42 31 28 27 29 30 27 26 32 17 13 28 199 233 230 228 224 223 220 216 213
255 255 255 255 255 252 184 37 40 65 47 48 49 49 50 43 51 70 60 52 121 143 150 94 49 78 60 50 56 65 68 48 33 30 33 41 31 60 56 132 181 137 188 216 219 217 221 168 40 14 23 37 43 44 46 48 44 43 41 40 36 35 34 34 34 31 28 26 24 24 18 12 99 221 216 215 199 141 94 144 129 56 23 25 19 31 48 44 40 36 48 47 32 51 101 99 62 32 46 31 26 30 28 31 29 27 32 10 12 42 224 232 230 226 225 220 218 214
255 255 255 255 253 192 47 39 64 51 49 51 49 51 42 52 53 37 35 91 137 147 146 149 102 68 56 42 66 71 40 31 36 29 38 33 38 102 71 135 164 143 199 217 219 218 104 15 19 34 61 60 61 64 68 72 70 69 68 67 67 67 67 67 71 69 66 63 56 50 45 18 8 77 220 221 215 195 137 137 159 50 28 20 29 25 28 41 38 35 45 53 64 119 124 111 100 21 35 34 30 27 31 30 31 26 25 30 7 15 64 233 233 228 226 221 220 216
255 255 255 255 202 48 38 64 51 51 50 51 47 44 52 53 44 37 33 94 150 147 145 144 144 77 46 57 66 40 46 28 32 26 51 27 31 81 89 165 154 150 209 220 187 48 21 22 49 73 63 69 60 63 67 70 67 68 68 68 68 68 68 68 68 65 62 60 57 61 50 56 21 10 60 209 219 212 154 143 181 25 30 22 28 21 28 33 45 37 34 58 116 121 119 116 112 39 15 29 34 30 27 29 30 31 28 32 30 8 12 89 235 230 227 222 221 218
253 253 252 202 54 36 64 52 51 53 50 47 47 52 55 41 43 36 45 78 101 139 142 147 126 82 58 76 41 34 24 24 40 35 55 42 65 58 86 192 145 158 217 121 25 27 32 65 73 70 69 72 78 58 63 68 66 66 66 66 66 66 66 66 62 66 61 50 56 57 55 58 59 23 16 47 202 218 165 146 190 35 44 21 31 21 38 19 43 61 32 63 115 121 118 112 59 48 18 29 29 34 29 23 29 31 29 30 30 25 8 11 120 237 231 227 224 220
253 254 215 55 33 63 55 50 51 54 51 47 52 57 42 41 38 30 67 99 115 142 145 135 126 100 71 44 45 32 26 25 51 61 58 62 52 47 64 197 143 148 53 23 27 50 74 72 71 69 61 90 85 59 62 67 69 69 69 69 70 70 70 70 68 70 62 49 80 95 59 63 62 60 34 16 33 186 184 152 185 77 42 29 35 24 21 33 35 78 56 94 110 119 120 106 74 69 15 24 34 23 36 29 26 31 33 32 28 32 21 9 11 147 236 229 226 223
254 223 61 35 59 54 49 55 52 49 46 59 56 42 40 39 27 42 112 108 133 140 139 140 117 97 33 66 58 35 26 41 66 67 83 70 69 62 79 192 90 20 28 30 66 74 70 73 71 65 65 76 92 60 71 77 78 78 78 78 76 76 76 76 73 71 61 50 81 81 60 61 65 64 59 41 15 21 141 152 173 112 27 44 43 20 20 30 42 39 68 98 117 119 121 113 78 77 57 18 26 29 29 36 28 30 33 33 32 28 37 17 11 16 170 236 230 227
225 66 41 58 54 53 53 52 51 48 57 52 37 45 44 32 31 72 112 120 138 140 147 135 103 37 61 47 68 23 47 62 67 99 80 84 74 65 106 64 14 26 44 77 75 73 72 70 68 69 67 79 88 76 94 80 50 50 50 50 55 55 55 55 55 86 91 67 78 69 60 61 63 61 63 61 43 19 16 109 166 158 37 39 42 30 26 33 48 39 41 116 118 122 118 116 94 93 94 11 15 31 29 34 34 28 31 34 33 31 30 36 13 14 23 193 233 230
76 37 61 53 49 54 52 51 44 58 52 42 37 52 60 48 40 70 108 128 137 144 141 116 42 45 40 44 57 49 58 68 103 82 52 55 80 56 12 22 30 64 82 76 75 74 72 71 70 75 87 114 120 95 116 81 47 40 41 49 40 44 43 38 46 94 115 82 90 68 63 64 63 61 62 62 64 49 19 13 96 190 32 39 36 40 29 27 54 44 44 55 127 123 124 114 108 86 83 28 13 37 34 23 35 35 25 32 34 34 32 30 33 12 13 37 211 234
33 60 49 53 55 53 52 47 54 54 48 50 39 64 68 64 61 63 77 126 145 145 110 40 71 48 50 37 64 56 62 102 78 43 49 64 44 17 24 48 78 83 81 74 73 72 69 72 79 61 53 87 83 78 90 66 49 44 43 47 43 46 47 44 52 94 112 85 99 72 61 65 68 64 61 64 65 68 55 24 12 94 42 33 51 33 39 28 49 29 28 44 60 132 123 123 110 78 44 63 51 40 43 26 32 38 34 29 31 34 33 30 30 27 10 9 53 228
59 52 57 54 52 52 45 57 54 36 58 54 61 64 58 58 59 58 91 137 147 105 47 46 106 43 42 53 63 59 78 58 45 52 61 52 43 22 61 78 77 79 77 74 72 73 75 64 46 79 88 85 89 82 82 82 82 76 70 67 65 64 63 60 56 60 60 53 59 62 59 47 46 67 64 63 66 64 68 61 23 11 22 26 38 45 31 30 41 26 54 45 55 61 134 121 114 76 57 55 56 56 44 34 32 38 35 33 28 30 33 34 30 31 25 10 7 77
53 49 53 52 51 47 56 52 48 48 54 63 72 53 58 64 61 61 128 142 94 46 48 59 87 39 59 60 74 79 44 31 42 63 66 64 43 38 77 74 74 70 70 73 76 80 47 59 103 104 106 103 103 105 102 101 102 103 104 104 104 103 103 103 104 102 100 99 100 103 101 97 60 43 66 63 63 67 65 65 62 22 16 20 26 25 36 25 24 25 42 63 72 51 62 136 120 107 41 56 52 27 53 45 35 35 29 42 34 29 28 33 31 26 28 25 8 13
49 53 54 51 47 56 52 46 55 49 59 65 55 62 80 70 79 101 143 81 58 59 41 57 72 62 56 80 85 44 32 34 46 54 69 69 36 57 73 81 75 65 67 81 70 40 87 109 103 92 93 93 93 92 91 90 91 91 90 90 92 91 90 89 89 88 86 85 83 85 82 81 91 74 45 62 67 63 64 63 63 51 27 16 29 29 26 36 23 32 29 39 82 50 33 70 135 118 69 44 51 46 28 56 42 40 27 38 40 32 25 31 31 29 28 27 21 10
51 49 48 46 56 54 47 43 61 59 59 52 54 55 80 74 80 135 72 58 79 61 65 57 61 51 77 83 45 27 33 44 50 55 55 55 34 70 87 119 93 77 73 55 55 105 110 93 96 117 120 116 119 118 116 115 116 115 115 114 114 113 112 111 114 112 111 110 109 108 104 87 81 90 85 46 63 67 62 66 64 56 55 22 35 37 30 30 39 31 40 43 66 37 45 51 74 132 104 56 58 62 33 27 57 39 28 38 32 34 30 25 30 29 28 27 29 19
53 48 47 51 51 48 49 53 59 66 52 60 57 48 67 74 108 68 55 52 106 51 47 61 53 87 73 37 32 36 45 54 50 45 40 50 35 70 80 101 103 82 46 85 110 106 95 107 127 116 123 130 128 127 126 125 122 121 121 120 119 118 117 116 118 117 115 115 113 116 111 98 84 79 87 84 46 52 62 63 66 58 61 19 35 38 36 33 24 40 32 36 54 41 51 73 60 74 131 79 60 60 37 33 31 54 31 43 26 40 30 27 29 29 29 28 25 30
47 46 56 70 36 55 48 62 72 54 62 54 42 61 63 92 130 34 28 64 87 45 61 59 87 66 33 32 34 47 52 54 53 62 61 51 33 76 74 82 62 65 100 106 96 98 123 123 121 144 152 155 153 152 151 150 151 150 150 149 150 149 148 147 145 144 143 142 139 140 132 103 97 88 81 83 86 49 45 76 94 83 61 22 35 35 35 33 29 24 42 36 33 38 38 89 58 53 69 113 68 32 30 24 33 23 45 39 30 38 33 33 28 29 29 29 27 26
49 51 74 74 36 56 61 72 60 53 54 55 68 85 79 121 94 51 51 41 71 71 60 86 58 32 31 34 44 55 58 57 69 78 68 55 39 78 65 50 88 109 100 95 111 127 118 130 149 159 154 156 153 153 154 151 152 151 151 151 148 148 147 147 145 146 147 148 147 148 149 146 110 93 88 82 79 88 60 53 90 85 60 23 38 34 33 30 29 27 26 50 33 32 34 63 70 44 18 110 94 52 41 26 28 33 30 40 32 31 37 25 38 27 28 30 29 28
52 77 85 44 49 60 77 57 55 51 54 58 71 84 94 146 90 63 44 43 66 65 89 52 30 33 35 41 50 57 60 74 76 66 70 50 48 59 73 101 108 96 100 122 120 118 147 152 160 164 161 158 134 84 90 91 90 92 95 97 100 102 105 107 112 110 112 119 135 155 158 163 144 118 94 89 81 81 90 70 44 61 60 21 44 38 33 28 30 27 24 27 50 23 40 59 43 27 30 102 105 60 54 38 30 28 27 26 45 36 32 23 53 34 24 28 30 30
70 85 65 51 60 77 62 57 57 56 58 66 70 101 128 120 69 30 64 66 64 97 47 29 33 35 38 46 47 51 53 65 62 80 78 63 54 88 109 99 89 111 126 113 131 152 154 146 141 172 157 160 146 112 64 67 72 73 73 74 79 81 82 83 83 84 86 101 130 158 160 171 163 154 125 95 91 84 80 86 75 37 55 22 56 49 37 30 24 26 28 26 21 33 37 42 34 35 48 81 128 81 64 44 31 31 28 27 31 34 44 28 48 51 36 24 29 29
62 98 58 62 77 61 61 57 66 65 65 73 72 123 141 75 62 56 65 67 95 48 32 31 34 45 59 49 49 45 54 62 56 92 72 72 99 107 95 99 123 123 117 143 151 151 121 96 148 174 161 157 142 125 117 114 115 116 117 118 111 108 104 100 92 77 77 115 145 161 161 173 138 131 154 137 101 87 83 78 84 85 41 24 37 39 34 36 23 24 23 27 32 22 41 31 37 44 30 66 124 112 85 39 41 36 40 31 25 27 40 39 43 55 43 34 26 27
96 80 61 76 60 58 59 63 69 63 71 49 91 127 140 46 79 60 73 90 49 32 31 30 41 59 56 49 58 62 65 47 75 62 87 105 102 92 112 129 116 135 150 152 144 100 98 63 163 175 161 159 143 123 135 136 136 138 138 136 135 132 128 125 123 113 105 117 145 157 159 175 152 72 113 156 141 107 87 84 78 82 89 47 40 41 36 34 33 42 28 28 33 32 25 34 33 39 37 60 94 115 108 32 46 42 40 43 28 23 33 38 46 54 46 44 30 26
104 58 70 54 55 57 62 66 60 72 47 42 120 137 109 61 62 68 82 42 31 32 30 39 53 59 58 57 67 60 48 75 45 100 108 95 97 126 128 121 146 149 150 119 93 78 69 103 171 171 157 157 143 123 136 137 141 143 143 140 137 134 130 128 124 117 111 116 146 157 158 174 165 49 73 93 155 150 122 92 84 80 83 89 60 40 44 43 42 38 41 29 32 34 37 27 31 33 42 50 59 124 108 59 25 45 43 42 32 26 20 32 36 47 79 29 43 32
112 72 55 77 56 56 61 67 72 45 33 77 123 149 90 69 75 94 32 28 35 44 50 52 47 51 59 61 60 51 78 40 53 100 95 114 129 117 128 151 151 142 99 92 67 89 123 124 176 168 156 157 142 123 137 139 141 142 141 138 137 134 131 130 125 123 118 115 146 157 157 172 175 170 67 60 80 139 154 130 94 84 81 77 90 68 37 42 44 47 42 35 32 34 36 36 21 41 31 44 33 134 112 95 18 26 44 43 36 27 28 26 32 39 77 25 35 42
153 134 89 62 47 59 68 67 45 37 29 101 133 108 73 73 95 51 31 37 43 54 56 51 56 61 67 56 57 76 31 17 70 91 125 128 116 142 153 152 118 93 79 71 113 123 122 133 175 166 159 156 142 123 138 140 142 143 141 138 134 133 130 129 126 127 123 114 146 157 156 171 174 206 193 100 57 70 117 159 142 103 86 78 77 86 72 39 42 40 41 30 37 33 36 38 26 19 51 28 43 98 126 110 32 15 22 45 39 34 28 39 36 42 39 58 18 21
143 149 101 54 47 75 65 35 26 25 43 121 139 99 74 95 56 45 48 56 54 57 59 55 60 68 52 60 69 24 14 19 81 95 133 116 152 157 142 98 90 69 107 128 132 128 126 143 174 166 155 155 143 124 142 142 145 143 140 139 134 132 131 130 126 124 121 115 147 153 155 166 173 202 212 202 131 52 67 95 156 144 118 84 83 74 81 36 30 44 39 43 30 35 35 33 30 23 27 48 29 42 103 113 54 13 17 23 41 39 32 30 51 41 115 74 18 18
146 143 93 46 70 58 37 34 19 19 73 131 153 144 122 64 42 69 49 47 50 65 59 62 68 50 66 66 20 16 14 27 89 99 126 130 162 114 94 74 88 150 143 150 140 134 128 151 173 164 154 153 142 121 140 142 143 142 141 140 133 132 130 128 123 121 118 112 147 152 154 164 172 198 210 202 203 165 65 63 77 143 151 129 92 87 83 49 50 27 48 40 39 40 37 36 40 36 20 27 52 31 82 116 89 7 11 22 32 43 33 32 56 123 112 78 30 14
146 141 125 69 56 37 39 25 22 47 67 83 137 146 146 127 70 74 45 41 53 83 68 61 50 73 54 14 14 15 8 39 97 112 114 158 158 120 71 128 168 155 148 147 143 134 124 156 172 161 153 150 142 117 133 136 137 137 137 138 132 133 129 124 119 117 115 108 146 152 152 162 171 192 206 202 203 204 185 89 57 72 118 162 142 99 86 35 55 54 26 47 40 39 43 35 34 38 24 17 29 91 130 93 46 27 5 18 32 28 41 37 32 119 121 92 67 15
146 141 115 60 35 41 22 21 36 47 95 92 142 142 139 140 113 65 49 36 71 67 60 45 73 46 15 18 15 14 36 61 101 124 106 184 149 133 133 157 153 147 154 150 146 135 123 161 171 159 153 149 142 113 125 126 131 132 133 134 131 133 129 122 116 114 112 105 146 151 151 160 170 187 204 203 205 205 210 197 119 49 73 133 173 109 81 34 6 56 52 26 47 42 54 32 29 44 33 34 96 132 114 47 88 33 11 18 30 27 26 51 51 127 125 100 101 34
144 144 61 48 34 40 16 33 36 69 98 127 140 136 140 135 106 46 41 57 64 54 48 76 35 13 18 20 36 12 42 66 98 135 108 188 141 121 147 151 153 153 153 145 135 125 116 168 170 156 154 146 142 107 113 119 123 128 132 132 133 133 130 126 115 111 109 102 145 151 153 156 171 180 197 200 202 204 207 209 200 148 99 132 183 117 81 49 12 3 56 50 29 48 52 46 27 39 53 112 124 117 123 97 94 62 15 11 11 30 30 34 68 127 125 117 99 68
151 78 46 48 36 30 25 38 63 82 98 128 137 141 137 127 115 58 49 71 63 52 77 32 15 18 14 24 42 52 33 55 94 139 126 189 134 113 157 158 165 159 149 134 129 119 115 168 169 155 153 146 140 95 100 108 119 123 126 127 129 129 127 123 115 111 108 100 144 150 152 155 170 177 193 196 198 201 204 207 202 187 103 125 183 130 79 52 19 8 4 48 51 27 44 48 42 32 43 103 125 118 117 107 79 74 44 15 5 35 28 44 34 123 126 120 101 75
74 39 42 41 39 35 87 48 76 99 121 134 145 139 134 133 113 77 67 83 66 65 22 10 16 26 17 46 38 64 78 66 96 136 152 181 133 113 166 166 167 161 152 138 123 114 116 170 168 154 152 144 137 87 94 103 114 117 119 119 122 123 122 118 114 110 106 98 143 149 150 154 169 173 187 191 193 196 200 203 200 189 112 124 178 147 77 59 18 5 10 5 44 52 25 51 47 29 50 105 113 122 114 108 96 91 70 24 8 30 35 39 43 56 135 126 98 53
54 39 46 34 50 63 84 119 100 104 129 138 138 137 138 128 105 90 80 91 47 16 11 20 13 28 57 41 55 76 50 76 101 128 170 169 139 122 168 168 159 156 151 139 121 112 119 173 167 152 151 143 130 80 91 98 110 113 115 113 118 119 118 116 114 110 105 96 142 148 149 153 169 170 183 188 189 192 197 201 197 189 116 128 172 158 78 67 31 11 28 7 5 42 44 60 63 46 69 109 114 117 122 111 102 86 76 32 11 17 36 41 32 35 76 132 120 60
55 43 46 50 64 69 66 96 122 122 133 141 139 144 139 113 105 82 91 89 42 15 24 20 22 36 43 63 62 70 79 86 114 123 182 158 131 142 174 170 158 154 148 140 127 108 126 168 165 155 152 143 133 95 96 107 110 111 112 113 110 110 109 109 104 100 99 89 142 148 151 149 167 170 180 182 183 185 189 192 195 190 129 128 160 172 79 75 40 31 28 13 8 3 27 56 65 62 63 109 119 116 112 117 104 79 69 35 16 15 35 47 38 38 40 78 132 91
46 40 60 66 67 70 68 67 105 116 118 139 145 138 121 113 115 103 99 78 52 18 25 38 37 32 56 60 81 46 37 96 124 127 187 143 126 159 176 166 156 152 136 128 120 112 133 171 163 154 152 142 152 158 160 160 160 160 160 159 160 158 155 153 152 146 146 137 144 146 147 148 166 169 175 179 180 183 187 189 191 187 143 121 151 178 83 79 42 36 22 16 17 12 12 43 74 66 73 103 114 122 118 110 110 65 48 43 20 13 32 44 31 42 48 40 78 122
29 59 50 59 66 68 62 61 64 115 86 114 138 122 122 115 123 100 108 56 29 25 25 41 32 56 43 51 46 101 64 96 133 140 186 138 118 171 171 156 149 140 129 115 111 116 152 169 161 152 153 141 96 59 61 64 72 74 76 77 86 88 93 95 102 100 109 109 140 144 147 148 166 166 169 175 176 179 183 185 187 185 160 114 140 181 95 82 36 41 30 18 27 17 22 47 74 82 79 106 110 118 122 114 102 74 48 37 29 31 29 25 33 36 67 42 38 91
51 53 58 53 58 59 58 58 59 44 54 110 117 119 116 110 119 103 63 32 44 22 24 62 57 55 60 91 74 93 56 99 142 157 178 139 112 172 162 145 136 132 122 114 145 163 161 168 159 150 153 140 102 83 92 89 95 95 95 95 92 90 86 84 80 67 63 56 133 144 150 149 165 164 164 173 173 176 180 183 183 184 169 112 134 177 110 84 29 34 41 26 37 19 19 30 74 75 103 105 117 112 116 119 105 81 47 42 39 56 55 27 28 37 57 58 37 46
42 70 65 62 54 53 51 53 31 14 35 96 96 118 110 116 113 46 25 31 36 23 39 63 41 73 40 58 107 73 64 93 150 176 167 141 116 165 146 125 125 125 133 168 147 65 146 171 156 150 152 142 98 95 103 109 110 112 115 117 116 118 118 116 112 111 109 92 133 142 147 148 162 163 140 169 171 174 176 179 181 182 174 109 136 174 130 83 36 44 46 38 39 19 26 34 35 78 95 97 118 119 107 115 113 96 53 50 57 60 42 60 23 30 43 49 52 54
73 62 37 62 64 52 47 29 19 46 103 74 104 113 115 117 37 41 51 42 16 19 40 52 32 66 48 70 28 58 74 102 143 185 159 140 121 144 128 119 122 157 168 97 53 82 161 168 155 151 152 143 98 104 113 119 121 122 123 124 123 125 125 123 119 119 116 99 132 144 147 148 163 167 79 85 159 168 171 177 179 179 177 113 131 171 147 80 33 39 54 31 43 25 28 33 21 36 87 109 108 126 114 110 111 110 68 52 56 46 25 28 55 22 31 43 43 52
47 38 53 63 70 46 27 28 36 51 54 85 114 120 95 32 40 54 43 28 28 23 57 36 30 62 21 6 18 45 74 98 138 189 148 131 124 123 119 143 171 128 63 81 115 121 167 168 154 152 151 144 95 110 118 123 125 125 125 125 126 128 128 126 124 123 121 104 129 146 148 148 160 164 153 81 60 141 166 171 179 179 176 120 128 162 168 79 65 39 48 21 40 22 20 25 35 42 33 110 116 118 125 116 114 105 92 41 44 43 25 21 30 54 27 28 48 58
44 45 49 76 74 49 22 75 95 32 63 112 129 83 39 53 73 35 58 37 23 24 57 42 40 42 4 5 47 25 50 54 137 186 141 120 114 129 170 155 81 65 106 117 121 133 168 168 153 152 151 145 97 116 122 125 127 127 125 124 124 126 126 124 123 122 121 103 127 147 148 148 161 162 165 164 122 52 108 167 171 178 175 134 128 154 181 79 49 45 40 16 45 26 20 28 31 44 58 35 106 131 118 120 115 111 100 72 43 56 48 20 18 20 47 27 28 51
51 51 64 79 73 67 107 120 86 45 110 131 78 31 44 62 36 57 59 25 26 19 68 49 30 41 17 16 44 38 56 41 156 178 138 113 155 172 107 59 89 109 115 121 126 142 171 165 151 153 150 144 98 120 126 128 128 127 126 125 124 123 122 121 119 120 117 104 124 144 149 149 157 163 166 172 167 149 74 71 153 174 173 148 120 146 185 72 0 13 40 39 45 32 21 29 32 38 55 41 40 117 131 120 79 115 108 88 46 55 56 37 21 22 26 46 28 37
50 50 59 51 68 92 115 109 106 97 125 57 57 66 45 21 48 62 43 16 27 40 60 34 56 46 41 46 58 52 27 39 173 172 139 174 138 64 80 114 116 117 121 127 130 147 170 164 152 153 149 142 102 123 128 128 128 127 126 125 122 122 120 119 120 118 113 101 121 145 149 149 156 163 165 172 171 169 160 106 53 124 171 159 110 142 178 90 6 25 51 44 42 31 22 23 34 52 35 69 55 35 123 132 106 100 122 109 71 59 52 53 26 26 23 27 44 28
49 52 60 61 79 116 124 115 119 115 48 46 72 48 41 34 41 61 27 16 24 34 44 54 43 46 40 41 45 52 34 48 188 155 146 83 62 101 122 121 123 125 126 138 136 153 169 164 154 152 147 140 104 124 127 126 127 126 125 124 120 119 118 117 117 114 110 100 116 145 150 150 155 163 163 172 174 173 171 164 142 61 91 162 139 134 177 130 25 34 38 52 55 38 19 30 24 48 49 44 38 72 42 122 128 106 125 123 101 55 29 32 30 29 30 25 21 49
54 65 82 69 98 121 121 125 104 38 76 73 36 93 42 65 19 57 20 24 16 52 48 33 43 48 38 42 44 51 46 95 185 148 132 80 120 122 125 123 127 132 140 143 140 158 168 163 156 152 145 138 103 122 124 123 119 118 117 116 118 117 116 115 113 110 108 103 113 146 150 150 154 164 162 172 171 173 176 173 168 161 92 60 143 139 171 157 26 33 24 35 45 52 20 16 18 36 33 51 41 57 62 33 112 131 127 123 118 87 43 43 32 29 32 25 25 19
60 80 70 73 114 121 134 89 30 69 60 58 64 95 35 24 39 46 27 37 59 40 31 41 69 74 48 39 39 43 45 127 183 141 120 118 132 135 131 130 134 141 148 142 134 165 169 160 151 156 142 135 104 117 116 116 114 110 108 109 113 112 111 111 111 108 108 104 112 145 148 151 152 162 162 172 170 172 173 175 175 174 169 129 53 130 163 174 32 33 42 23 35 33 49 27 24 39 59 28 50 47 52 73 32 105 132 124 120 106 54 63 50 30 31 22 22 24
56 72 73 95 119 137 70 60 65 51 24 39 92 52 61 43 44 42 44 55 35 27 41 69 63 47 45 50 43 37 32 159 175 141 114 123 136 144 141 137 145 147 154 145 136 166 169 159 152 156 143 131 101 112 111 112 112 110 110 110 112 110 108 106 107 103 103 99 110 147 149 151 152 162 162 172 172 173 174 175 177 182 177 176 118 126 151 183 55 37 48 50 25 32 34 54 27 38 37 38 60 73 61 64 57 31 103 138 123 112 65 59 61 43 28 24 27 27
67 71 96 117 131 52 42 66 40 42 65 48 68 22 63 19 32 50 54 37 29 47 76 58 41 33 48 57 61 47 41 177 167 146 107 123 135 145 145 143 152 150 150 142 139 168 168 158 154 157 143 126 96 105 104 107 107 109 110 109 111 111 111 111 109 106 106 102 107 149 150 151 152 162 162 172 174 175 175 175 177 180 179 179 146 118 138 183 82 22 22 43 57 30 30 36 58 48 44 32 57 38 95 39 71 47 30 101 139 123 88 59 51 42 33 35 38 28
44 83 110 128 51 54 70 52 91 61 26 78 71 25 25 45 47 44 31 30 51 70 49 39 38 56 66 60 51 52 69 187 155 151 105 124 130 137 139 142 149 148 139 135 141 170 168 157 155 157 144 122 93 100 99 104 101 105 108 106 111 110 108 107 105 101 101 97 104 151 151 150 152 162 162 172 176 176 176 176 177 177 181 179 164 114 136 178 113 17 15 17 40 56 42 31 40 52 46 32 61 32 63 41 27 55 74 45 91 139 119 86 61 52 45 41 38 42
81 105 116 133 49 17 50 78 82 47 58 63 53 41 44 50 39 33 34 53 63 39 33 41 53 57 45 49 52 44 99 187 145 144 113 126 131 133 136 138 140 143 139 132 134 172 168 157 155 156 145 115 90 94 95 100 101 99 100 102 104 103 101 99 99 95 94 91 97 151 153 152 151 163 165 172 176 176 176 176 178 179 181 182 174 113 135 173 140 26 28 18 18 41 66 43 32 40 46 47 39 53 58 96 43 52 39 94 23 93 129 108 86 40 54 59 51 42
92 116 126 101 52 22 26 42 39 72 38 76 51 70 48 38 30 45 77 55 31 34 43 61 61 49 43 45 48 43 138 182 141 131 121 126 128 131 134 136 141 139 131 122 136 171 169 158 158 157 146 109 89 93 93 97 96 96 98 101 102 100 98 97 93 89 87 83 95 152 153 153 152 163 165 171 177 177 177 177 179 180 181 181 176 112 139 167 164 25 46 32 21 19 38 64 48 31 39 46 43 47 56 58 39 48 99 58 80 28 93 116 101 85 40 50 45 40
101 114 126 53 32 28 41 73 15 31 21 55 65 51 36 30 60 81 48 30 40 43 42 46 49 63 55 45 45 59 173 174 143 117 127 123 122 126 132 136 136 129 117 108 138 171 170 158 156 156 149 106 91 94 94 97 93 94 97 102 102 101 99 98 99 95 95 92 93 154 152 154 153 163 164 170 178 178 178 178 180 180 181 181 179 119 139 158 179 43 28 36 28 21 21 31 55 47 30 33 36 47 58 79 26 55 75 66 25 31 67 129 110 66 85 45 49 48
110 117 120 46 57 46 22 64 25 20 46 58 54 30 36 64 73 37 30 44 46 44 47 45 56 60 47 43 44 83 182 170 148 110 126 118 124 126 127 129 127 118 107 99 139 170 170 158 159 157 150 100 81 84 83 86 85 86 91 96 96 95 93 91 90 89 92 92 91 156 151 155 154 163 164 169 179 179 179 179 181 181 180 180 180 127 134 152 181 80 27 21 31 33 38 23 24 57 58 27 30 36 62 52 42 50 33 31 34 26 42 113 113 86 27 83 47 49
116 138 91 66 24 74 66 39 50 46 63 49 29 37 76 61 27 39 49 48 45 48 46 56 65 67 60 47 54 107 184 158 152 108 117 120 120 120 119 119 117 109 101 93 148 170 173 158 160 154 153 92 81 81 82 83 81 83 86 89 93 91 88 86 82 84 87 88 87 156 155 157 157 162 167 166 181 179 180 179 182 184 183 181 179 146 125 144 175 102 35 34 33 37 41 41 33 19 51 56 27 29 43 42 23 28 16 43 52 29 32 92 121 109 20 23 87 50
117 136 62 49 47 31 54 56 59 60 42 27 46 84 46 30 38 50 51 49 47 46 50 52 58 52 50 53 72 136 187 147 148 103 118 115 114 113 113 112 108 103 94 91 164 168 159 152 156 156 158 141 134 134 133 133 128 126 124 122 120 115 109 104 102 98 93 90 96 159 159 160 156 161 173 165 178 182 178 180 181 183 184 182 179 158 120 141 174 131 41 42 32 36 39 39 41 35 24 49 63 40 32 39 39 33 38 48 27 53 43 58 126 114 58 7 25 86
128 100 49 23 72 22 47 56 62 46 32 56 73 38 29 47 52 47 49 49 47 50 53 44 38 32 39 55 74 155 182 144 135 106 115 109 109 108 106 105 101 103 98 95 104 25 9 4 8 8 10 16 20 21 23 25 34 37 43 47 52 56 63 67 75 79 85 90 93 99 97 105 110 122 143 170 177 181 182 180 180 183 184 183 178 171 115 140 172 160 35 35 31 34 37 36 36 39 35 23 41 77 39 27 44 44 49 41 77 82 35 83 105 118 95 7 11 18
137 43 79 28 25 76 51 62 54 44 68 61 36 33 42 47 49 48 45 47 52 50 47 46 45 42 50 64 97 176 178 144 121 115 110 106 108 106 104 102 103 103 74 28 8 28 36 20 17 16 17 15 18 18 18 18 17 17 17 18 16 14 13 13 11 10 9 8 8 6 4 7 7 7 11 79 174 184 180 181 179 183 185 184 176 175 114 142 171 177 31 30 30 33 35 34 34 32 29 25 19 38 69 41 25 31 38 63 42 36 40 69 74 127 114 27 6 6
117 33 62 39 44 59 55 45 59 74 56 35 41 48 44 47 45 47 48 50 49 45 51 58 62 46 46 77 116 184 169 150 110 110 106 108 112 105 103 104 93 41 5 18 26 29 43 47 57 59 60 58 55 53 50 48 46 45 43 42 36 35 34 34 30 30 28 27 23 24 24 15 20 24 36 11 28 141 186 178 180 183 181 181 179 174 120 145 162 182 64 40 32 33 37 32 31 34 35 35 36 22 32 60 40 22 23 34 39 25 58 39 53 123 117 73 8 6
80 40 68 73 56 46 46 61 75 47 37 47 50 44 43 41 47 46 48 48 45 53 63 70 68 45 62 86 134 184 162 153 104 113 110 109 107 106 102 55 12 14 24 31 62 72 85 82 73 77 79 79 80 79 77 77 78 77 76 76 81 80 80 79 81 83 84 85 86 84 79 71 51 41 34 24 25 4 83 179 182 181 184 182 178 177 128 142 155 185 99 49 41 33 33 33 33 28 28 33 37 36 24 28 56 46 18 25 32 58 29 29 76 72 116 107 43 7
30 53 60 46 35 38 73 71 39 38 54 52 49 42 43 41 48 45 44 46 57 50 70 67 72 48 73 95 154 181 155 151 103 110 106 114 108 78 18 11 26 25 58 81 82 86 120 93 74 77 78 77 78 78 78 79 78 78 78 78 80 80 80 81 85 84 84 84 83 82 79 77 81 76 59 58 27 31 8 33 143 185 181 184 180 180 143 133 151 181 135 55 54 49 36 29 33 29 27 29 32 32 38 26 18 44 43 22 29 33 48 38 68 52 126 113 91 43
64 53 46 34 46 80 62 34 41 54 53 48 47 46 43 38 58 43 52 48 46 30 54 59 75 66 70 106 170 182 148 138 103 111 112 93 33 6 27 29 51 79 84 83 82 85 90 78 69 74 77 78 75 76 77 78 78 78 78 78 79 79 80 81 81 80 80 80 81 81 77 78 107 96 66 66 68 45 32 26 5 84 177 181 182 181 157 123 145 180 158 47 51 44 44 35 30 35 33 24 26 31 37 41 33 23 46 53 28 36 31 66 57 38 106 113 109 79
62 42 33 58 82 52 35 46 52 51 48 47 45 46 41 47 56 42 40 57 58 56 58 71 74 61 76 117 179 177 149 126 112 103 44 9 21 30 42 78 83 83 83 83 82 82 98 95 75 72 76 78 79 79 80 79 79 79 80 79 78 79 79 80 80 80 80 80 78 81 77 85 84 78 66 67 65 71 61 33 33 14 32 145 189 183 169 118 148 178 181 44 43 30 35 34 38 30 40 31 28 29 32 37 36 34 22 46 63 33 31 26 48 32 74 113 60 34
42 36 67 74 43 38 48 49 53 51 50 48 51 50 56 51 53 57 69 67 58 66 64 86 51 69 108 132 182 175 155 111 72 8 18 28 37 67 81 80 83 83 83 83 82 119 149 117 74 77 81 77 81 81 80 85 80 81 83 84 81 82 82 83 82 82 82 82 79 77 76 90 104 87 59 69 69 69 71 69 46 31 26 4 84 182 180 114 150 174 184 70 40 42 53 42 30 21 31 35 31 29 30 33 38 40 36 21 43 64 29 16 25 37 45 38 57 99
46 74 67 29 22 40 46 51 48 50 53 56 43 58 64 43 41 65 61 61 73 57 41 86 76 109 99 138 186 169 110 23 13 32 34 62 83 81 83 83 82 82 82 82 80 113 118 99 80 91 94 79 77 81 78 78 78 78 77 77 78 79 79 80 82 82 82 82 88 89 86 96 133 146 90 63 67 68 68 69 71 64 33 32 14 30 147 123 154 168 186 107 51 45 46 48 37 51 44 39 35 31 29 29 34 37 41 38 25 37 52 35 19 22 45 76 100 67
76 55 27 32 39 40 46 46 49 51 54 57 61 68 56 46 71 59 65 68 41 23 58 83 88 96 105 165 155 47 9 29 30 57 83 84 83 82 84 83 82 82 82 82 84 88 92 87 82 102 109 92 83 66 76 68 77 78 79 80 82 82 83 83 87 87 87 87 99 108 103 100 103 101 87 66 66 68 66 70 71 71 71 51 30 26 9 55 155 165 187 135 32 52 46 44 57 40 27 35 46 40 35 34 32 36 39 39 34 24 32 57 43 21 31 46 104 85
47 29 30 47 51 43 44 44 49 49 39 44 49 40 39 63 58 65 61 34 19 20 85 85 91 110 118 72 7 23 32 50 84 87 86 83 83 82 82 81 82 77 83 82 82 98 117 103 90 106 116 96 70 27 58 31 33 37 54 31 29 64 28 33 50 36 27 96 106 116 115 96 101 93 67 69 69 69 69 68 71 72 73 74 69 38 33 16 28 135 188 158 34 19 48 51 43 55 41 32 56 50 40 46 36 36 40 40 35 27 25 32 50 48 30 43 64 71
79 26 36 42 42 36 45 50 47 55 46 60 46 59 59 65 72 52 26 17 20 20 94 87 94 72 14 19 30 39 78 90 86 86 85 83 83 83 82 82 82 84 81 83 71 88 90 94 93 112 119 101 60 10 47 12 14 22 39 12 14 53 15 16 45 35 22 104 114 123 117 105 101 114 66 64 68 69 69 69 71 72 73 74 76 77 60 32 29 8 92 175 50 19 19 44 56 48 47 32 21 43 47 36 38 36 37 35 33 29 28 28 32 55 55 40 60 89
135 108 47 48 36 31 34 43 55 42 54 63 71 60 66 68 42 21 22 21 13 36 97 93 82 17 36 32 68 88 90 88 88 85 84 84 84 83 83 82 85 81 80 55 29 113 105 102 99 120 122 107 56 7 50 2 4 17 34 2 7 48 2 7 34 24 10 104 120 130 123 111 84 85 48 61 67 68 69 70 71 72 73 74 79 78 80 76 43 38 16 38 58 11 16 17 35 55 48 41 38 31 34 35 36 36 33 33 32 35 40 32 29 31 58 101 96 99
129 129 99 60 36 33 25 41 45 53 75 67 61 67 62 31 19 23 19 10 4 57 93 99 68 33 41 66 83 84 87 89 89 85 83 84 84 84 83 83 86 45 36 57 27 127 119 117 102 126 125 113 70 56 74 44 47 49 66 45 40 70 32 33 48 43 27 105 121 131 129 111 96 91 38 27 67 68 69 71 71 72 73 74 79 79 81 83 85 68 38 36 13 30 22 18 18 31 54 55 43 52 37 42 33 35 32 34 32 27 38 42 33 27 79 107 104 83
127 112 74 47 37 31 30 47 63 72 60 68 69 53 25 20 23 17 9 2 2 85 87 98 60 23 70 97 87 84 86 85 85 86 89 86 87 83 79 58 63 32 45 37 25 137 133 129 111 130 125 116 71 71 88 71 71 79 79 70 68 87 69 70 69 76 67 107 123 136 129 113 108 101 44 33 48 37 69 65 70 73 77 75 74 77 80 83 83 83 77 39 43 27 18 15 19 17 28 54 54 48 54 53 26 35 37 23 21 30 41 31 49 112 126 111 102 64
113 110 64 45 44 35 52 51 65 58 69 66 39 19 22 22 11 6 2 2 13 99 91 94 42 36 87 112 97 89 84 83 85 84 84 87 80 68 48 30 62 18 43 28 32 147 136 138 115 133 127 119 70 70 88 69 70 78 78 69 68 87 69 69 71 79 68 109 125 137 132 119 124 118 56 14 49 28 50 48 68 68 75 75 77 78 79 80 81 82 84 67 45 30 13 4 15 19 19 19 46 54 44 57 55 38 49 29 23 35 54 53 119 128 122 119 104 74
121 111 56 29 39 41 67 64 62 69 57 28 20 22 21 11 0 2 2 0 31 102 98 98 27 45 81 86 102 101 92 84 93 86 86 83 33 46 50 25 59 19 54 17 47 151 145 149 120 138 129 123 69 68 88 67 69 77 76 68 66 85 67 67 68 80 67 108 127 139 137 128 133 129 75 12 48 19 55 27 42 69 67 73 77 78 79 80 85 83 86 84 67 21 14 0 3 13 21 20 19 38 63 47 52 61 48 43 24 37 41 51 86 119 124 119 114 98
117 112 71 29 42 52 60 61 69 45 27 19 22 18 5 1 3 1 1 2 55 96 101 102 15 56 86 111 100 104 101 102 113 93 81 57 37 55 36 27 54 13 64 41 77 155 150 139 124 142 130 126 68 67 88 65 68 76 76 67 65 84 66 66 65 79 64 105 129 141 140 134 139 141 91 4 54 17 50 35 44 41 50 75 74 77 80 83 84 88 95 103 82 29 12 1 0 1 11 18 18 20 30 57 47 43 55 58 37 47 49 61 97 105 116 119 114 105
120 109 89 44 49 53 63 58 33 20 21 22 9 6 2 0 0 0 2 0 86 93 97 97 11 63 137 119 100 106 107 115 121 101 71 67 29 63 30 31 50 31 85 55 91 153 121 104 122 145 129 127 62 60 87 63 66 77 74 64 62 88 62 63 63 80 61 104 129 146 145 127 142 148 114 62 59 12 45 38 36 55 27 54 72 79 81 84 91 101 97 83 78 28 18 1 0 0 2 3 19 16 20 27 53 52 41 56 47 38 29 46 86 121 109 107 116 104
120 104 88 55 61 66 51 24 19 19 14 7 4 3 2 1 1 1 0 10 107 96 92 87 13 75 122 107 96 99 111 126 125 110 65 71 28 56 29 50 70 47 85 54 107 154 111 110 124 144 128 129 58 58 85 59 61 75 71 61 59 85 60 61 60 81 60 102 131 146 144 113 93 115 130 133 124 37 33 45 34 55 37 51 71 87 90 94 104 108 113 120 82 33 18 0 0 0 1 2 6 16 21 18 21 49 55 41 43 45 22 42 101 117 123 109 100 107
114 93 84 62 69 75 49 22 18 9 2 1 3 2 0 0 0 2 1 34 107 96 97 72 24 71 94 114 115 112 118 129 119 123 63 62 30 81 69 77 64 51 87 62 121 157 108 97 130 143 126 129 51 55 82 53 55 71 69 56 56 82 56 57 56 81 59 99 133 143 143 128 106 131 133 133 139 110 106 53 24 56 32 61 67 92 98 103 107 114 111 122 124 34 16 0 0 0 0 0 0 5 13 17 19 20 38 50 50 55 40 59 109 117 119 119 112 91
104 104 84 68 69 71 46 39 22 3 0 1 0 0 0 1 0 2 2 62 101 100 102 45 29 78 85 100 110 116 119 132 117 123 62 74 64 100 90 94 67 62 98 74 138 154 126 127 137 144 123 126 46 53 80 49 50 67 66 53 54 80 54 55 53 82 58 96 135 142 142 113 89 122 139 125 139 121 152 99 67 60 31 68 67 99 107 112 115 111 110 108 105 41 16 3 0 0 0 0 0 0 3 10 16 18 19 53 62 63 44 60 106 111 122 118 115 112
109 99 76 74 76 65 47 42 27 3 0 0 1 1 1 1 0 2 2 92 92 100 108 25 41 76 76 82 103 118 122 138 115 122 66 87 71 98 77 98 81 73 98 72 145 156 155 147 146 145 125 126 46 52 76 49 48 72 57 49 46 80 47 49 49 84 57 91 135 145 141 131 121 137 143 119 139 119 155 125 142 114 43 72 63 106 113 116 122 125 132 93 78 45 20 1 0 0 0 0 0 0 0 0 5 15 30 55 67 63 56 61 88 103 122 118 117 111
108 91 67 73 78 55 46 44 23 4 2 1 1 1 1 1 0 2 10 109 93 97 110 15 53 78 76 78 106 121 129 141 114 114 69 71 75 91 73 94 81 80 94 71 150 156 155 147 146 145 124 122 45 51 75 48 45 70 54 46 45 80 45 48 48 83 55 88 139 143 145 148 148 150 149 113 141 120 151 128 141 134 125 120 64 109 116 118 124 128 97 89 71 47 20 12 0 0 0 0 0 0 0 0 3 23 41 52 68 65 72 61 102 92 109 122 117 114
109 112 93 69 76 49 47 44 17 6 4 1 1 1 1 1 0 2 32 114 96 96 99 10 66 79 77 77 104 135 135 144 117 97 83 72 81 85 71 94 72 83 87 70 157 157 156 146 146 145 123 117 44 50 74 47 44 68 53 45 45 80 43 46 46 81 52 85 137 144 147 147 148 146 148 112 144 121 145 132 135 143 124 91 67 112 119 123 128 113 78 74 71 53 18 26 0 0 0 0 0 0 0 0 2 26 49 50 66 65 64 74 107 111 103 107 119 115
110 109 82 77 71 50 48 42 13 8 6 2 1 1 1 1 2 4 58 102 100 98 81 13 72 79 79 79 102 142 145 143 123 82 101 90 94 85 70 89 67 87 86 75 162 158 157 146 145 146 123 114 43 49 73 46 45 69 54 46 44 80 40 45 45 79 50 82 138 145 148 150 149 148 148 115 146 122 142 134 131 143 118 81 71 113 120 127 131 114 76 71 72 55 18 45 0 0 0 0 0 0 0 0 4 22 48 50 65 71 67 51 93 115 114 116 107 117
109 106 78 83 58 47 50 36 12 9 6 4 1 0 0 2 6 1 88 99 103 106 66 18 78 80 81 77 106 135 150 139 131 73 110 98 107 101 76 85 64 92 81 90 162 160 154 148 147 144 126 107 43 55 72 47 50 73 66 55 54 84 41 46 42 81 42 76 142 142 148 150 150 149 147 115 141 129 134 136 127 149 113 126 81 107 123 136 131 132 73 71 72 60 15 63 1 1 0 0 0 0 1 2 4 18 47 49 54 74 67 84 98 116 117 120 116 104
107 97 79 77 53 51 51 26 12 9 6 4 0 3 1 7 1 12 110 97 98 110 51 27 77 77 76 91 125 119 155 129 134 69 118 100 113 106 93 92 62 97 77 93 162 160 154 148 149 145 127 101 45 63 74 48 50 75 67 58 54 86 44 50 45 83 44 74 142 140 149 149 149 149 148 118 138 130 129 137 128 150 121 155 99 102 122 144 135 140 70 75 75 64 12 72 3 2 0 0 0 0 1 2 5 13 43 49 52 72 67 82 108 116 117 119 123 122
111 90 85 72 51 52 48 16 12 9 6 4 1 6 13 16 10 32 119 98 96 105 76 25 67 77 78 112 110 107 153 126 132 73 126 105 116 108 110 108 72 107 83 108 162 160 154 148 146 144 131 98 52 65 71 50 51 78 69 61 56 88 48 55 50 86 48 71 143 140 149 149 148 151 149 121 134 132 122 139 124 153 125 154 120 92 122 149 138 142 80 75 75 67 13 76 15 3 1 0 0 1 2 3 7 8 36 48 50 68 68 74 106 111 114 118 122 123
109 81 85 65 54 49 42 13 12 9 6 4 9 17 17 20 7 7 29 78 103 109 124 25 81 78 77 89 117 136 153 122 127 83 128 107 120 109 114 116 88 117 94 125 162 160 154 148 148 145 132 92 49 75 63 49 52 80 69 63 57 90 51 59 54 88 50 69 143 139 151 148 147 152 150 124 130 133 117 140 122 152 126 145 132 82 124 148 138 117 117 73 72 66 16 75 32 2 3 1 1 1 3 4 8 4 32 48 49 62 72 71 96 96 117 116 115 125
100 84 88 55 53 53 32 11 11 9 7 16 14 15 30 15 5 48 46 11 37 90 128 89 82 95 90 86 108 146 156 122 108 96 129 113 123 110 124 117 98 119 97 137 165 163 155 151 153 143 136 128 118 116 112 108 105 115 103 104 94 104 88 92 83 97 77 79 144 137 152 150 148 152 149 131 124 130 117 145 120 147 131 140 142 77 125 141 130 135 99 80 72 58 13 76 52 1 1 1 0 2 3 4 7 10 16 48 50 54 79 68 91 102 103 115 120 124
92 89 83 56 55 53 21 11 11 11 13 13 4 8 30 11 8 46 96 84 17 15 39 104 82 102 102 97 132 165 150 131 95 106 126 113 125 108 118 116 103 122 97 151 167 166 156 151 152 144 150 152 150 150 151 153 152 150 148 153 155 147 152 153 155 147 152 147 145 141 153 152 150 155 153 135 114 130 119 145 121 143 132 136 144 79 125 138 138 121 90 73 76 57 36 72 76 1 4 2 1 1 5 5 6 9 14 45 51 52 76 69 83 110 111 96 121 123
88 95 73 56 56 46 13 12 12 11 21 12 3 7 28 6 33 125 92 105 43 65 48 35 127 112 98 111 149 166 145 137 80 118 119 115 125 104 122 112 106 127 146 163 166 163 156 157 154 154 159 157 158 157 156 156 152 153 150 138 153 156 152 154 158 157 154 153 157 154 156 155 155 157 156 144 76 101 108 144 123 136 133 130 146 83 126 135 155 127 78 77 78 67 71 68 93 7 2 2 4 4 10 10 9 9 10 38 51 51 67 72 78 104 110 113 92 113
87 98 64 58 56 34 14 13 16 9 24 13 13 13 24 5 63 97 70 100 47 103 129 125 114 94 105 114 161 167 140 139 73 125 111 118 131 108 127 125 149 162 169 167 170 154 140 142 139 137 134 139 140 143 147 150 148 149 152 154 153 154 160 159 158 158 159 160 157 158 157 157 160 156 157 152 139 105 90 102 124 131 133 125 148 86 126 132 159 165 82 76 76 100 78 68 99 20 4 7 9 8 16 15 14 11 6 30 51 53 57 77 72 94 113 116 115 102
93 93 58 59 57 22 18 14 21 8 37 15 4 27 15 4 92 93 45 72 13 119 129 82 104 120 126 121 167 169 129 141 73 131 108 132 131 122 146 167 169 167 169 154 128 108 107 106 104 102 102 105 106 105 103 102 100 102 99 101 102 101 102 106 101 103 107 110 110 110 110 109 113 114 123 148 159 158 123 82 100 105 133 122 148 99 118 131 163 169 93 78 87 111 87 75 67 22 8 2 2 9 22 21 9 12 12 21 49 49 53 75 68 88 113 114 115 119
98 81 61 54 25 12 20 19 15 17 19 20 5 28 10 7 120 94 81 79 28 82 72 112 101 113 126 134 174 173 126 136 84 131 115 135 158 168 169 169 170 156 128 113 95 76 76 74 69 66 65 67 69 69 70 70 72 73 72 73 66 63 60 61 72 71 70 69 75 77 79 81 69 73 90 98 119 155 161 149 122 80 83 114 147 110 105 131 161 167 106 87 86 106 68 22 8 24 7 2 5 6 15 25 9 9 9 20 48 55 52 76 69 83 108 115 115 117
103 71 47 16 12 14 20 19 13 18 2 25 12 26 7 33 125 72 86 110 73 26 72 111 88 56 126 141 170 166 128 119 93 144 155 166 164 170 170 157 127 113 90 66 56 78 81 72 67 66 67 70 70 70 71 71 68 67 68 67 74 72 73 76 75 74 72 71 66 65 63 62 59 56 47 53 80 99 130 156 161 143 96 96 91 111 95 132 157 167 127 98 100 83 11 34 72 83 16 2 6 4 8 28 8 9 21 11 23 45 54 68 76 78 99 112 115 114
91 25 12 33 16 10 25 11 8 17 3 20 18 23 7 65 79 99 99 85 114 55 110 84 91 34 118 156 168 163 137 135 151 163 166 167 171 148 127 113 84 57 57 71 80 63 43 38 47 48 52 58 57 55 54 52 54 53 55 53 38 43 53 63 66 67 69 71 73 75 76 77 75 74 80 74 46 53 88 107 138 157 151 138 96 108 89 133 153 168 142 103 95 38 35 34 60 102 20 15 4 4 5 29 10 13 25 12 12 15 41 62 80 74 93 110 115 113
14 10 52 41 21 16 27 12 13 21 14 15 21 10 3 98 48 98 48 68 117 71 86 103 82 41 122 162 174 152 150 172 174 172 168 137 119 108 82 57 59 75 82 63 34 30 30 26 34 35 36 37 39 39 39 39 35 35 37 24 27 31 43 47 44 45 47 48 47 46 46 45 48 48 47 51 73 70 44 65 94 109 144 155 156 136 90 133 148 164 155 82 28 30 50 79 37 82 8 8 4 2 3 23 14 8 31 14 17 21 14 33 80 73 87 107 118 115
15 35 52 31 13 16 28 16 21 22 10 10 28 3 6 99 56 82 94 26 50 114 56 108 46 57 134 169 175 172 176 175 167 139 100 91 72 55 60 85 85 56 39 35 34 41 47 45 43 44 45 46 48 48 48 48 48 48 48 34 32 37 55 59 60 61 62 63 61 60 59 59 60 58 48 42 38 51 76 60 45 73 96 125 156 163 157 140 140 169 169 38 7 24 61 77 40 19 32 7 4 3 5 17 22 9 27 15 23 32 32 12 27 69 81 101 94 116
30 53 26 33 16 22 30 20 17 7 10 8 31 4 6 88 84 52 60 34 87 113 68 93 40 107 138 177 178 179 170 140 112 96 71 52 64 85 79 50 34 41 47 43 56 62 65 64 64 65 66 67 68 68 68 68 64 65 67 55 41 46 67 71 75 76 78 79 81 80 79 79 79 73 57 47 45 43 46 66 81 59 48 79 103 133 157 160 150 166 169 41 7 20 54 82 82 33 74 10 4 4 9 9 26 23 22 17 15 34 37 37 13 16 55 101 108 101
43 53 21 26 21 23 24 17 14 3 10 14 17 2 38 79 94 97 95 55 64 85 94 69 52 125 159 176 172 138 111 97 72 56 67 81 78 46 27 32 45 49 57 66 64 66 64 66 65 66 68 69 69 69 69 69 68 67 68 55 49 52 74 77 77 77 79 80 82 81 81 80 83 76 65 63 54 49 45 41 50 70 81 52 58 94 111 142 169 167 174 65 4 18 38 85 61 49 92 10 4 6 12 4 28 19 14 16 12 36 33 55 27 43 11 48 112 112
58 34 29 21 20 19 23 10 15 8 7 27 7 5 78 58 98 99 72 119 105 106 86 86 46 125 170 148 124 96 60 52 71 85 67 38 31 30 33 46 56 65 65 69 65 68 68 67 65 67 70 71 73 73 72 72 73 73 68 56 54 65 82 81 79 81 83 85 82 82 82 82 84 75 68 66 64 61 54 46 46 44 51 76 74 48 63 104 123 159 176 123 21 15 33 71 33 59 67 15 5 2 9 2 26 11 17 23 14 29 30 44 28 65 42 6 36 103
53 35 24 18 17 18 24 15 10 9 15 27 11 3 54 49 98 105 65 121 117 108 68 88 50 123 129 104 63 50 73 84 63 37 35 41 52 63 63 70 77 75 75 75 69 60 51 47 48 49 51 52 57 56 55 55 55 57 55 44 39 51 64 63 64 65 67 68 71 71 71 71 75 74 73 71 67 66 68 62 51 48 45 42 51 75 66 46 77 110 133 161 71 11 29 70 48 58 62 19 5 2 9 2 22 13 18 17 25 19 23 40 25 41 56 28 17 20
25 30 15 17 16 17 25 18 7 10 12 19 5 16 76 51 96 105 71 120 119 75 97 72 71 111 71 54 77 84 55 41 34 34 45 61 68 63 77 76 73 78 79 66 55 48 42 40 40 41 42 43 45 45 44 44 43 45 44 34 36 47 49 47 46 46 47 48 43 43 43 43 41 45 56 69 74 69 69 69 70 57 53 49 47 39 57 74 58 52 89 113 113 31 25 73 41 57 57 19 4 1 8 1 14 20 14 11 19 21 28 23 47 23 36 60 18 32
37 20 21 14 19 17 25 18 10 5 19 19 3 49 117 49 94 98 86 115 99 83 103 60 83 76 73 73 51 32 34 43 47 66 73 68 71 80 80 75 76 66 54 48 46 49 51 50 48 48 49 49 47 46 46 45 44 45 43 32 42 53 51 50 49 49 50 50 47 47 47 47 46 44 44 45 58 70 70 72 73 70 64 59 50 49 43 43 60 78 61 62 96 113 26 75 60 58 61 74 4 1 8 1 7 30 8 9 15 19 27 18 43 35 23 78 37 98
36 23 15 14 26 22 23 15 9 9 25 10 2 79 101 48 93 76 104 118 74 83 84 56 88 69 48 32 31 40 50 68 78 72 80 84 85 85 76 63 46 47 48 49 51 51 50 50 50 49 48 47 48 48 48 48 50 47 48 33 44 52 52 52 50 50 50 50 48 48 49 49 50 50 49 49 50 51 60 71 76 72 71 69 64 57 54 46 41 38 70 84 59 66 34 55 79 70 73 90 8 3 9 2 4 32 11 14 19 10 27 31 18 50 26 68 40 95
54 22 17 24 16 18 23 15 6 14 28 10 8 106 89 45 95 60 115 95 75 58 45 49 89 43 33 44 48 61 79 79 74 84 88 90 78 60 49 50 50 50 50 51 50 49 49 48 45 45 44 44 45 45 45 45 48 45 46 31 43 51 51 50 48 48 48 48 46 48 50 52 52 52 52 52 52 49 49 53 61 75 77 74 69 72 65 57 47 43 40 52 79 83 26 41 92 52 58 102 16 3 9 5 8 31 17 18 17 14 24 34 28 25 35 45 52 53
37 21 17 26 9 17 25 14 11 16 22 5 16 109 84 50 104 59 114 75 102 69 78 43 78 50 38 69 74 80 77 80 85 82 74 55 46 47 50 52 52 51 51 50 49 48 47 45 41 41 42 43 44 44 44 44 46 42 44 28 42 49 50 49 47 47 47 47 46 46 48 49 50 51 52 53 53 51 51 51 49 51 66 77 78 77 75 68 62 54 44 39 49 63 33 27 94 51 51 106 31 3 8 7 7 25 21 16 17 17 23 36 32 17 24 21 47 20
31 20 17 12 8 19 27 12 8 31 17 6 36 56 67 50 94 73 85 107 109 104 52 64 75 45 43 77 77 74 84 87 69 54 48 47 51 53 53 49 51 50 49 48 49 47 45 43 41 41 42 43 45 45 45 45 44 40 42 26 41 49 49 48 49 49 49 49 46 44 43 42 48 49 51 51 53 53 52 52 51 51 51 56 69 81 79 76 70 65 62 53 41 58 30 25 84 48 52 94 44 5 5 5 2 17 20 9 18 17 23 35 39 29 29 51 38 18
27 10 23 19 7 25 22 6 1 29 8 2 71 103 38 42 78 83 84 110 91 92 48 86 69 37 49 79 73 80 66 51 50 49 52 50 51 51 50 50 49 48 47 47 44 41 40 40 40 41 40 40 42 43 45 45 47 40 37 26 41 54 52 51 52 51 51 51 51 48 45 42 45 47 49 51 52 52 53 53 53 53 53 52 49 60 77 84 77 71 66 65 44 51 31 26 26 39 37 81 61 5 6 3 4 11 29 7 13 22 20 32 34 33 50 29 55 28
22 16 26 23 22 26 11 8 8 27 8 3 42 85 84 19 55 68 97 98 90 57 37 93 62 37 56 77 58 46 50 51 51 51 52 51 50 49 48 48 46 45 43 41 40 36 36 39 42 38 35 33 33 35 38 40 40 35 34 27 32 45 49 51 48 48 50 51 53 51 49 48 43 45 48 49 50 51 51 52 52 53 53 53 53 55 55 61 79 82 78 70 47 51 33 25 58 56 62 57 79 6 6 0 4 10 30 16 7 22 24 21 21 46 39 47 81 44
14 16 17 13 16 31 4 9 13 23 6 15 82 48 97 23 36 40 70 62 55 56 47 90 55 40 64 70 47 44 55 54 54 55 52 52 49 48 46 45 39 38 37 36 33 39 41 40 40 37 36 40 41 42 44 46 44 41 42 42 40 45 45 44 44 45 47 48 49 49 50 50 48 47 46 45 48 49 49 50 51 52 53 54 57 52 54 52 55 62 70 74 51 52 34 24 47 88 69 38 82 12 7 2 6 6 25 19 6 19 26 13 26 38 25 35 87 55
21 24 14 8 18 21 5 25 25 15 9 16 74 74 92 36 25 112 118 115 82 59 47 85 53 43 69 63 44 37 35 36 43 44 40 40 35 34 31 30 31 32 34 36 43 44 44 41 44 40 41 47 53 53 52 52 49 49 50 55 53 55 57 56 56 52 47 44 42 43 46 48 51 50 49 48 47 47 48 49 51 52 53 55 54 57 55 54 51 45 54 74 53 53 35 23 37 76 62 49 68 19 7 7 6 6 26 29 11 16 27 13 24 19 24 31 79 58
16 33 12 25 23 14 6 4 36 13 4 27 65 88 81 35 65 115 118 94 112 36 61 79 49 45 73 58 42 46 46 41 41 41 40 39 37 37 40 44 47 36 40 41 44 41 38 42 46 48 55 58 58 59 56 60 60 59 61 58 56 57 62 57 61 58 62 55 50 47 46 47 47 48 50 50 48 47 46 46 46 51 53 53 54 54 55 55 50 39 52 78 48 52 37 22 31 60 40 54 64 27 10 2 1 2 18 28 6 11 28 16 29 30 51 27 63 58
11 18 12 13 27 7 20 5 33 6 6 61 40 88 61 19 36 115 81 55 100 58 72 76 43 49 75 53 42 48 50 48 47 46 44 43 43 46 48 47 45 36 38 36 34 41 56 56 54 58 52 42 58 67 54 55 69 68 52 60 62 56 53 62 56 51 57 55 52 52 51 48 47 47 47 48 48 48 49 49 47 50 51 51 52 53 54 54 50 39 49 77 49 48 37 21 24 49 29 33 51 15 13 3 3 3 14 28 7 11 22 20 19 32 53 30 45 50
16 27 16 12 27 5 16 16 22 7 10 45 69 90 88 20 83 113 70 90 107 44 84 65 36 52 75 48 42 50 51 51 49 48 45 43 44 46 46 44 39 32 32 48 58 58 59 51 49 70 62 58 59 65 61 65 71 57 69 60 69 62 76 54 65 60 65 64 57 58 55 52 50 48 47 46 45 47 49 50 49 48 48 49 51 52 52 53 51 38 45 77 49 44 37 19 27 24 48 74 62 20 7 1 6 4 9 30 15 14 16 31 12 18 34 43 27 45
19 13 23 17 28 2 4 27 14 8 28 108 91 103 66 13 93 117 87 22 54 45 91 63 34 52 72 46 42 51 48 48 47 45 41 39 46 43 42 43 44 50 59 57 57 48 64 62 57 68 48 65 57 56 63 50 43 59 61 64 63 55 52 50 61 59 62 55 63 59 56 56 54 52 49 47 41 44 47 49 50 47 45 47 50 51 51 52 51 38 42 76 50 40 37 19 26 39 70 57 61 37 14 8 8 5 5 31 11 19 16 30 9 14 26 54 20 43
19 17 12 17 29 22 58 82 55 28 45 97 95 75 77 18 90 101 66 94 42 43 93 53 31 51 62 47 43 47 45 45 43 40 38 39 42 40 42 51 62 61 47 59 63 57 53 57 63 51 44 66 64 64 65 60 54 58 61 65 64 56 47 58 65 61 59 53 52 57 58 57 54 56 50 51 44 42 42 45 45 46 44 46 48 48 50 51 49 39 40 71 56 40 39 17 25 30 76 36 48 62 17 5 9 9 6 23 26 19 10 24 16 20 33 36 26 28
21 8 11 27 35 78 118 76 70 85 67 41 42 96 70 51 67 106 40 88 64 72 75 45 28 56 63 40 42 46 45 45 42 38 37 38 38 34 46 63 51 61 55 56 44 59 63 69 65 67 62 67 64 65 64 60 57 61 63 67 66 57 55 59 65 62 60 55 59 59 60 57 54 53 53 52 48 45 41 40 43 45 43 44 47 48 49 50 48 38 47 66 58 37 41 14 25 33 74 65 50 36 13 6 3 5 3 22 31 6 18 29 14 21 21 47 15 26
10 13 27 64 108 104 72 73 60 61 72 64 54 42 41 70 49 109 106 93 82 61 52 38 29 58 59 36 41 45 43 43 40 36 35 36 40 36 53 61 57 61 62 66 51 58 71 74 67 70 66 69 63 65 63 61 59 62 63 66 63 57 58 56 66 62 61 58 65 60 62 60 49 49 51 51 53 50 44 39 41 43 41 42 45 46 48 49 47 37 51 63 49 40 59 38 24 39 41 29 73 88 26 9 10 7 0 14 36 10 24 23 9 14 19 44 39 22
36 61 107 112 75 80 90 61 74 76 63 52 45 44 53 40 39 57 77 59 46 72 71 36 33 55 52 38 40 44 42 42 38 35 34 35 38 42 60 54 47 65 75 70 70 58 69 78 68 71 69 70 63 66 62 61 58 60 61 64 64 64 62 59 67 62 61 60 67 60 66 64 55 60 57 62 56 55 50 44 40 41 39 41 45 45 47 48 47 37 50 64 59 40 48 88 60 34 31 51 74 68 20 16 4 3 0 13 55 17 10 22 24 24 18 19 19 21
109 118 80 65 83 62 32 37 35 46 60 68 48 26 29 36 41 42 46 60 74 51 36 46 53 60 51 36 42 41 40 37 36 34 33 33 34 49 54 61 48 65 72 65 65 68 67 76 68 71 69 66 63 70 62 57 57 61 65 64 64 64 63 62 68 65 59 67 63 63 63 61 58 61 59 60 51 52 53 45 37 44 39 40 43 44 46 47 44 38 47 60 59 39 50 36 78 69 37 70 38 49 23 58 4 15 46 83 99 111 38 29 28 16 11 21 21 27
96 74 85 75 43 30 36 38 26 23 24 30 40 47 35 28 30 48 63 39 32 33 43 64 68 68 47 38 41 39 38 41 37 37 32 27 32 50 65 67 58 64 73 67 67 70 66 74 67 68 67 61 64 69 62 58 59 61 65 65 65 64 64 63 64 65 56 67 61 62 60 58 60 62 60 56 53 54 53 46 39 39 37 39 42 42 43 44 43 38 44 58 61 29 44 60 37 54 68 73 58 64 48 65 63 96 98 82 67 70 122 99 25 13 17 26 22 38
90 90 52 31 37 52 63 54 25 29 26 19 21 26 59 69 51 48 30 34 36 57 76 73 76 65 43 42 40 43 44 42 37 33 32 33 44 59 69 67 61 63 70 72 67 68 64 69 68 66 66 57 59 62 56 55 54 53 56 58 57 57 56 56 62 63 59 68 62 66 61 60 62 62 60 54 57 57 55 47 32 32 39 40 40 40 40 41 41 37 41 55 51 26 28 35 58 43 37 53 56 49 55 64 63 63 71 81 88 100 78 91 114 39 10 15 39 25
56 47 48 54 69 81 73 51 33 33 36 41 32 28 41 69 61 51 48 44 67 78 74 73 69 53 43 48 55 49 42 39 35 39 44 46 54 66 66 69 63 66 64 70 63 65 60 64 63 59 60 49 51 54 47 48 51 49 51 54 54 53 53 52 56 54 58 62 59 65 58 57 64 61 59 54 59 58 56 47 28 16 26 34 39 39 38 38 40 36 39 53 44 32 28 29 31 53 49 19 39 50 53 48 57 73 73 67 53 60 97 97 72 116 63 32 38 28
47 65 74 87 79 75 74 50 36 39 43 46 43 39 42 59 44 50 65 71 76 75 71 54 41 59 78 68 50 44 38 46 55 54 53 52 61 68 65 70 65 68 67 70 61 62 54 51 55 52 56 48 50 51 52 53 58 53 54 54 56 57 54 55 55 53 57 57 54 54 52 57 62 61 58 57 58 59 52 50 39 22 21 19 30 39 41 38 38 35 37 45 42 35 37 32 31 33 44 46 26 35 53 62 62 52 46 47 43 45 49 75 101 77 87 110 48 37
73 82 87 84 76 75 63 36 36 39 45 49 54 49 50 69 45 69 96 60 66 52 42 52 82 81 58 49 43 55 69 65 62 62 61 61 53 73 65 67 71 68 61 58 59 57 58 52 54 52 54 50 50 52 55 57 61 57 58 57 60 61 57 58 54 54 56 54 54 53 53 56 56 57 58 59 61 58 52 52 40 28 26 23 20 21 32 38 36 32 28 28 35 37 38 36 30 27 26 32 42 44 49 50 47 45 46 49 54 48 40 48 57 90 96 74 113 96
91 89 81 75 70 49 31 29 34 36 40 43 53 55 47 41 37 44 56 53 40 40 69 86 69 57 55 58 80 81 75 69 72 72 73 74 63 72 66 67 69 63 58 53 58 56 63 58 57 55 57 58 54 56 58 59 65 60 61 60 62 61 55 55 54 58 57 54 54 51 53 55 53 54 55 57 60 55 52 50 31 30 31 29 27 23 20 26 31 29 21 14 17 33 42 39 36 27 23 22 25 32 38 44 47 57 69 75 72 65 56 50 46 50 69 102 80 92
90 81 74 55 37 32 30 36 39 39 39 39 39 41 47 49 46 34 37 46 62 49 49 61 60 75 86 90 91 82 77 77 80 80 81 82 63 63 70 64 59 56 59 57 58 60 66 65 55 54 56 61 51 51 50 50 51 47 48 47 51 53 51 53 57 63 59 56 54 50 54 54 53 53 53 53 56 53 52 45 32 36 36 33 33 30 26 21 19 24 23 18 12 7 24 40 38 35 24 22 20 32 43 54 70 76 77 73 73 73 74 66 58 50 48 53 80 96
82 62 40 35 32 33 34 36 39 40 41 40 39 39 38 37 39 43 40 28 31 36 32 64 89 94 87 91 93 87 81 88 88 87 83 70 40 54 71 67 53 55 59 63 59 58 59 58 51 49 49 46 47 50 51 51 40 31 27 22 29 39 48 49 43 44 45 45 51 55 55 51 51 52 51 50 49 53 56 26 37 39 40 38 35 34 32 30 20 14 21 21 17 31 48 54 58 40 24 26 20 42 61 66 74 76 73 68 69 73 80 78 77 64 47 47 48 63
42 35 34 33 33 31 33 38 40 38 37 39 39 39 38 38 53 69 70 53 40 11 14 56 87 91 88 95 87 88 89 93 87 88 74 62 42 46 67 60 59 56 55 58 57 49 32 33 34 17 22 16 16 21 25 22 26 34 37 29 29 24 21 19 25 30 34 33 26 35 46 51 52 51 50 49 47 54 44 21 38 43 42 41 41 40 38 36 32 22 9 24 51 67 64 52 37 27 27 30 28 48 64 67 71 67 59 51 42 45 63 84 83 76 65 51 49 51
34 31 26 33 32 30 33 40 37 29 27 32 39 39 44 53 58 58 45 38 41 54 59 16 10 59 59 29 42 46 86 78 80 86 79 73 41 37 59 54 62 65 58 44 38 42 28 23 43 43 55 60 53 57 62 55 62 55 53 59 61 62 59 54 47 42 33 26 15 11 18 33 49 52 49 43 45 47 30 20 39 48 46 45 46 45 43 41 37 33 39 57 58 60 49 22 20 20 28 32 31 46 56 54 48 41 39 42 45 43 48 60 82 84 77 71 64 56
32 29 28 26 29 31 35 38 39 27 24 31 41 45 46 44 48 43 34 52 73 78 93 41 30 46 11 20 79 31 71 79 80 83 82 73 40 35 50 49 53 57 45 23 24 34 51 60 54 69 61 77 66 70 78 69 85 77 74 83 67 69 70 69 76 67 61 61 61 51 30 13 22 40 50 45 44 37 22 23 39 51 49 47 48 46 44 43 45 48 58 58 55 36 18 14 18 20 18 18 27 37 40 33 33 37 42 45 44 44 42 49 51 63 79 79 77 71
35 32 30 32 30 27 36 43 42 31 26 38 43 38 39 43 37 48 60 83 82 69 54 37 44 8 0 17 47 46 67 76 82 82 81 72 39 37 33 42 52 45 32 35 60 71 63 84 75 81 84 86 80 79 77 75 69 67 66 68 73 70 73 78 85 84 79 73 71 69 61 53 28 9 40 44 39 25 20 24 42 51 51 50 49 46 46 50 53 56 58 45 33 19 16 21 22 22 21 20 27 29 32 34 35 36 40 45 45 44 42 40 34 34 39 62 85 83
39 40 38 35 33 31 36 41 37 28 32 39 37 32 31 43 58 67 75 66 44 44 43 44 8 0 3 2 24 72 55 69 80 83 77 61 37 36 28 32 41 30 55 77 75 92 90 78 66 54 45 37 37 38 38 39 41 42 41 39 37 31 32 37 42 50 64 75 83 84 79 71 64 32 19 42 29 22 22 29 42 55 55 53 48 49 50 51 54 46 37 23 18 18 30 35 29 26 25 27 26 28 31 32 34 35 33 31 35 34 33 32 33 34 34 43 55 78
44 45 44 41 38 36 31 30 32 27 30 34 31 32 47 59 66 60 53 49 51 50 45 6 0 0 5 32 46 73 43 51 69 79 76 55 38 36 27 29 38 64 84 86 77 57 44 38 43 47 51 59 60 61 63 64 63 64 62 59 56 54 51 46 47 43 39 39 39 51 68 81 79 76 42 27 20 19 24 32 40 56 52 49 51 56 55 50 42 30 21 16 23 32 35 41 42 33 27 28 30 32 33 34 34 39 36 27 29 29 30 31 29 31 32 35 43 51
48 45 43 44 43 38 24 19 20 24 27 33 42 48 52 55 51 50 56 59 60 46 7 4 20 11 15 31 42 89 54 11 62 78 75 50 43 38 29 36 69 88 71 49 47 50 50 59 66 68 71 69 69 69 69 68 72 68 66 67 65 63 62 62 59 59 56 53 44 36 33 39 57 77 78 47 16 17 24 32 38 54 44 39 43 48 44 34 24 18 19 28 32 39 43 47 45 48 43 31 30 30 31 32 36 45 46 36 30 32 34 35 39 38 38 38 39 43
51 47 44 42 38 31 25 23 16 21 37 41 46 45 41 49 54 58 62 63 52 12 8 35 35 13 25 47 83 105 51 7 51 80 79 58 38 36 31 44 78 59 47 55 65 70 76 74 73 68 73 64 71 50 75 51 73 53 64 59 54 61 48 64 54 64 57 63 55 53 42 38 35 40 71 78 41 17 28 30 35 38 33 31 29 28 34 23 17 24 33 36 42 45 49 52 53 50 57 50 35 27 26 27 32 41 45 42 41 41 41 41 44 42 43 45 44 43
47 44 38 32 31 30 31 32 38 37 43 42 39 41 51 59 67 65 74 48 16 33 30 20 13 26 41 63 65 50 39 31 51 72 74 59 36 38 32 52 51 47 62 76 85 79 80 66 69 59 66 60 70 51 74 51 73 53 64 59 55 62 49 64 46 66 48 64 56 56 54 45 41 40 33 61 65 16 28 30 26 25 20 16 15 18 20 22 28 35 42 44 50 52 55 57 56 52 59 53 46 41 34 24 28 36 42 45 45 45 44 44 43 45 44 43 44 45
40 36 32 31 31 35 39 40 42 40 41 39 43 53 61 69 73 71 41 8 9 27 21 20 15 27 43 38 27 20 25 34 65 74 71 53 43 43 52 41 36 67 87 82 77 60 78 61 73 65 68 65 70 52 73 51 73 53 64 59 58 64 50 64 51 68 50 63 57 52 53 49 60 53 45 34 54 21 24 31 21 16 13 10 10 15 19 33 39 45 50 51 58 58 60 60 60 55 61 57 51 43 41 38 32 28 32 42 43 43 44 45 44 45 44 41 44 46
30 32 35 36 39 42 44 43 40 42 45 47 59 66 75 69 36 11 7 7 22 38 26 19 20 33 26 18 24 31 36 53 70 79 78 59 49 51 46 25 43 80 77 70 79 58 76 71 67 69 65 63 69 53 72 52 73 53 64 59 59 65 51 64 49 69 50 66 57 57 55 49 55 63 54 38 24 21 23 21 16 9 10 9 10 29 39 43 50 55 59 59 61 61 62 62 63 56 63 61 57 47 43 39 34 31 29 30 34 37 41 45 47 44 42 43 45 45
35 38 42 45 43 43 42 42 47 49 53 67 73 59 31 9 8 16 22 18 32 44 41 26 19 25 23 24 39 48 57 62 78 80 81 60 49 48 40 24 51 74 67 70 80 64 70 71 66 71 63 65 67 56 71 53 75 57 62 56 58 64 48 69 52 71 50 70 55 65 67 54 55 54 58 44 14 14 13 12 29 8 8 8 29 42 47 56 60 63 65 65 67 65 63 62 65 55 63 63 61 49 47 43 37 33 35 34 34 34 38 41 45 39 43 48 43 43
42 42 42 42 41 44 49 52 55 64 75 59 24 9 6 12 36 42 43 33 30 32 34 34 9 15 25 37 48 57 66 71 77 69 52 34 43 38 29 17 52 73 68 69 80 65 71 72 66 71 63 65 67 50 60 52 58 49 44 43 49 56 47 69 52 73 50 71 54 65 67 54 59 57 62 47 10 10 9 9 11 12 5 27 41 51 56 62 63 67 69 68 67 66 64 62 64 56 61 64 61 49 48 45 39 33 34 34 35 34 37 43 47 45 34 31 25 24
LH 4644
1 2768
2 1
1 116
2 1
1 11
2 1
0 1
1 103
2 1
1 3
2 1
1 8
2 2
0 1
1 100
2 2
1 1
2 1
0 1
1 11
2 1
1 1
0 1
1 98
2 2
1 1
2 1
1 13
3 1
1 1
2 1
1 1
0 1
1 95
3 1
1 2
2 1
0 1
2 1
1 1
2 2
1 10
3 1
1 1
2 1
1 1
0 1
1 93
3 1
1 1
2 1
1 1
0 1
2 2
1 10
2 1
1 1
2 1
0 1
3 1
1 3
0 1
2 1
1 90
3 1
1 1
2 1
1 1
0 1
2 1
1 1
2 1
1 14
0 1
3 1
1 1
2 1
1 1
0 1
1 89
3 1
2 1
0 1
1 2
2 1
1 1
2 1
1 11
2 1
1 4
0 1
2 1
1 1
2 1
1 1
0 1
1 87
2 2
1 1
0 1
1 1
2 1
1 1
2 1
1 15
2 2
1 1
0 1
2 1
3 1
1 1
0 1
1 86
3 1
2 1
1 5
2 1
1 21
2 2
1 1
0 1
1 84
3 1
2 1
1 2
0 1
2 2
1 20
2 1
1 2
0 1
2 1
1 2
0 1
1 82
2 2
1 3
0 1
2 1
1 7
2 1
1 10
2 1
1 1
2 1
1 1
2 1
1 1
0 1
2 2
1 2
0 1
1 80
2 2
1 14
2 1
1 9
2 1
1 6
2 1
1 1
2 1
1 2
0 1
1 78
2 2
1 4
2 1
1 6
2 1
1 13
2 3
1 1
2 1
1 1
2 1
1 3
2 1
1 2
0 1
1 76
2 2
1 11
2 1
1 12
2 1
1 2
3 1
1 1
2 1
1 1
2 1
1 1
2 1
1 4
2 1
1 76
2 2
1 10
2 1
1 2
2 1
1 2
2 1
1 11
2 1
1 2
2 1
1 2
2 1
1 4
2 1
1 1
0 1
1 73
2 2
1 10
2 1
0 1
1 2
2 1
1 15
2 1
1 4
2 2
1 6
0 1
1 71
2 2
1 9
2 1
1 1
0 1
1 3
2 1
1 2
2 1
1 13
2 1
1 3
2 1
1 1
2 1
1 6
0 1
1 69
2 2
1 15
2 1
1 15
2 1
1 2
2 2
1 2
2 2
1 4
2 1
1 2
0 1
1 67
2 2
1 10
2 1
1 3
2 2
1 2
2 1
1 10
2 1
1 2
3 1
0 1
1 2
2 1
1 2
2 1
1 6
2 1
1 2
0 1
1 65
2 2
1 10
0 1
2 1
1 2
2 2
0 1
1 1
2 2
1 13
2 2
0 1
1 2
2 1
1 1
2 1
1 10
0 1
1 63
2 2
1 11
0 1
1 2
2 1
1 1
0 1
1 1
2 1
3 1
1 15
2 2
0 1
1 2
2 1
1 2
2 1
1 6
2 1
1 64
2 2
1 12
0 1
2 2
1 3
2 2
1 17
2 2
1 2
2 1
1 1
2 2
1 9
0 1
1 60
2 2
1 15
0 1
1 2
3 1
2 1
1 16
2 1
1 1
0 1
2 2
1 3
3 1
2 1
1 10
0 1
1 58
2 1
3 1
1 14
2 1
1 2
2 1
3 1
1 16
2 1
1 2
2 1
1 1
0 1
1 1
2 1
1 2
3 1
2 1
1 11
0 1
1 56
2 2
1 13
2 1
0 1
2 1
1 1
2 2
1 17
2 1
1 3
2 1
1 1
0 1
1 1
2 1
1 1
2 2
1 9
2 1
1 2
0 1
1 54
2 1
3 1
1 14
2 1
0 1
2 3
1 21
2 1
1 1
2 1
1 1
0 1
2 2
1 1
2 1
1 10
2 1
1 2
0 1
1 52
2 2
1 4
2 1
1 11
0 1
2 1
1 24
2 1
1 1
2 2
0 1
2 1
1 1
2 1
1 11
2 1
1 2
0 1
1 51
3 1
1 4
2 1
1 12
2 1
1 24
2 1
1 4
2 1
1 2
3 1
1 12
2 1
1 2
0 1
1 49
3 1
1 4
2 1
1 10
2 1
1 1
2 1
1 4
2 1
1 1
2 1
1 4
2 1
1 19
2 1
1 1
3 1
1 2
2 1
1 12
0 1
1 49
3 1
2 1
1 2
2 1
1 8
2 1
1 2
2 1
1 13
2 1
1 13
2 1
1 1
2 1
1 4
2 1
1 2
2 1
1 14
0 1
1 47
2 2
1 2
2 1
1 12
2 1
1 3
2 1
1 9
2 2
1 12
2 2
1 4
2 1
1 1
2 1
1 17
0 1
1 45
2 2
1 10
2 1
1 6
2 1
1 8
2 1
1 18
2 2
1 1
2 1
1 2
2 2
1 15
2 1
1 2
0 1
1 43
2 2
1 2
2 1
1 7
2 1
1 5
2 1
1 1
2 1
1 7
2 1
1 19
2 1
1 1
2 1
1 21
2 1
1 2
0 1
2 1
1 40
2 2
1 2
2 1
1 7
2 1
1 5
2 1
1 1
2 1
1 4
2 1
1 2
2 1
1 2
2 1
1 17
2 2
1 1
2 1
1 1
2 1
1 2
2 1
1 16
2 1
1 2
0 1
1 39
2 2
1 2
2 1
1 13
2 1
1 8
2 2
0 1
1 21
2 1
1 2
2 1
1 4
2 1
1 16
2 1
1 1
0 1
1 38
2 2
1 16
2 1
1 8
2 1
1 1
0 1
1 23
2 1
1 7
2 1
1 16
2 1
1 1
0 1
1 36
2 1
3 1
1 2
2 1
1 13
2 1
1 8
2 1
1 7
2 1
1 19
2 2
1 4
2 1
1 7
2 1
1 11
2 1
0 1
1 34
2 1
3 1
1 2
2 1
1 7
2 1
1 5
2 1
1 7
2 2
0 1
1 7
2 1
1 20
2 2
1 1
2 1
1 6
2 1
1 2
2 1
1 10
2 1
1 2
0 1
1 33
3 1
1 2
2 1
1 13
2 1
1 8
2 1
1 9
2 1
1 1
2 1
1 12
0 1
1 6
2 2
1 2
2 1
1 7
2 1
1 11
2 1
1 2
0 1
1 31
3 1
1 10
2 1
1 5
2 1
1 17
2 1
0 1
2 2
1 21
2 6
1 4
2 1
1 3
2 1
1 1
2 1
1 10
0 1
1 29
3 1
2 1
1 9
2 1
1 2
2 1
1 2
2 1
1 16
2 2
1 1
0 1
2 1
1 17
2 1
0 1
1 4
2 1
1 2
2 2
1 5
2 1
1 2
2 1
1 10
2 1
1 2
0 1
1 27
3 1
1 16
2 1
1 15
2 3
1 3
2 2
1 16
3 1
1 8
2 2
1 6
2 1
1 1
2 1
1 11
2 1
1 1
0 1
1 26
3 1
1 11
2 2
1 3
2 1
1 7
2 1
1 3
2 1
1 3
2 2
1 6
2 1
1 16
2 2
1 1
0 1
1 3
2 1
1 1
2 2
1 7
2 1
1 4
2 1
1 10
0 1
1 24
3 1
1 12
2 1
1 3
2 1
1 7
2 1
1 3
0 1
2 1
1 2
2 2
1 4
2 1
1 2
2 1
1 17
2 2
1 1
0 1
1 2
2 1
1 1
3 1
2 1
1 12
2 1
1 11
0 1
1 22
3 1
2 1
1 15
2 1
1 7
2 2
1 1
2 1
1 1
0 1
1 2
2 2
1 8
2 1
1 18
2 2
1 1
0 1
1 1
2 1
1 1
3 1
1 14
2 1
1 11
0 1
1 20
3 1
2 1
1 12
2 1
1 2
2 1
1 7
2 1
1 1
2 1
1 2
2 1
1 1
2 2
1 10
2 1
1 19
2 3
0 1
1 1
2 2
1 24
2 1
1 2
0 1
1 18
3 1
1 14
2 1
1 1
2 1
1 7
2 1
1 3
0 1
1 3
2 1
1 8
2 1
1 24
2 2
0 1
1 16
2 1
1 10
2 1
1 2
0 1
2 1
1 15
2 2
1 10
2 1
1 2
2 1
1 1
2 1
1 1
2 1
1 5
2 1
1 2
2 1
1 4
2 1
1 7
2 2
1 21
0 1
1 4
2 2
1 2
2 2
1 1
2 1
1 11
2 2
1 12
0 1
1 14
3 1
2 1
1 10
2 1
1 4
2 1
1 2
2 1
1 8
2 1
1 1
2 1
1 1
0 1
2 1
1 6
2 2
1 23
0 1
1 4
2 2
0 1
3 1
2 1
1 13
2 2
1 10
2 1
1 1
0 1
1 13
3 1
2 1
1 12
0 1
1 4
2 1
1 5
2 1
1 1
2 1
1 2
2 1
1 1
2 2
0 1
2 1
1 4
2 2
1 24
2 1
1 1
0 1
1 3
2 2
1 1
3 1
1 1
2 1
1 2
2 1
1 8
2 1
1 1
2 2
1 12
0 1
1 11
2 2
1 19
2 1
1 6
2 2
1 4
2 1
0 1
2 1
1 3
2 2
1 25
2 2
1 1
0 1
1 5
2 1
1 1
2 1
1 2
2 1
1 9
2 1
1 1
2 1
1 13
0 1
1 9
2 2
1 14
2 1
1 4
2 2
1 2
2 1
1 9
2 1
1 4
2 1
1 8
2 1
1 20
2 1
1 4
2 1
1 2
2 2
1 1
2 1
1 5
2 1
1 5
2 2
1 14
0 1
1 7
2 2
1 20
2 1
1 14
2 1
1 1
2 2
1 31
2 1
1 2
0 1
2 1
1 2
3 1
1 1
2 2
1 5
2 1
1 19
2 1
1 2
0 1
2 1
1 4
2 2
1 15
2 1
1 5
2 2
1 12
0 1
2 2
1 34
2 1
1 5
3 1
1 1
2 2
1 5
2 1
1 5
2 1
1 1
2 1
1 12
2 1
1 2
0 1
1 3
2 2
1 13
2 1
1 8
2 1
1 3
2 1
1 5
2 1
1 1
2 1
1 1
0 1
2 1
1 15
2 1
1 10
2 1
1 2
2 1
1 6
2 1
1 2
0 1
1 1
3 1
1 3
2 2
1 9
2 1
1 1
2 1
1 3
2 1
1 9
2 1
1 2
0 1
1 2
2 1
1 9
2 1
1 12
2 1
1 1
2 1
1 1
2 2
1 4
2 1
1 3
2 1
1 17
2 1
1 21
2 1
1 2
0 1
2 1
1 4
2 1
1 3
2 1
1 8
2 1
1 2
2 1
1 24
2 1
1 7
2 1
1 4
2 1
1 3
2 1
1 5
2 1
1 3
2 1
1 12
2 1
1 5
2 1
1 13
2 1
1 8
2 1
1 2
0 1
2 1
1 5
2 1
1 8
2 1
1 1
2 1
1 16
0 1
1 12
2 1
1 9
2 1
1 4
2 1
1 4
2 1
1 4
2 1
1 10
2 1
1 37
2 1
1 2
2 1
1 8
2 1
1 16
2 1
1 2
0 1
1 13
2 1
1 2
2 1
1 3
2 1
1 3
2 1
1 4
2 1
1 5
2 2
1 9
2 1
1 25
2 1
1 8
2 1
1 9
0 1
2 1
1 4
2 1
1 5
2 1
1 1
2 1
1 9
2 1
1 14
2 1
1 6
2 1
1 1
2 1
1 2
2 1
1 3
2 2
1 6
2 1
1 7
2 1
1 28
2 1
1 8
2 1
1 9
2 1
1 5
2 1
1 2
2 1
1 2
2 1
1 4
2 1
1 13
2 1
1 9
2 1
1 2
2 1
1 2
2 2
1 4
2 1
1 8
2 1
1 6
2 1
1 3
2 1
1 26
2 2
1 16
2 1
1 2
2 1
1 1
2 2
1 25
2 1
1 1
2 1
1 3
2 1
1 4
2 1
1 1
2 2
1 5
2 1
1 14
2 1
1 3
2 1
1 30
2 1
1 4
2 1
1 1
2 1
1 11
2 2
0 1
2 2
1 2
2 1
1 22
2 1
1 1
2 1
1 6
2 1
1 3
2 1
1 4
2 1
1 45
2 1
1 5
2 1
1 3
2 1
1 12
2 1
1 2
2 1
0 1
2 2
1 20
2 1
1 12
2 3
1 5
2 1
1 8
2 1
1 4
2 1
1 33
2 1
1 5
2 1
1 4
2 1
1 8
2 1
1 3
2 3
1 1
2 1
1 20
2 1
1 1
2 1
1 11
2 2
1 4
2 1
1 8
2 1
1 2
2 1
1 16
2 1
1 20
2 1
1 5
2 1
1 3
2 1
1 12
2 1
1 2
0 1
2 2
1 6
2 1
1 11
2 1
1 1
2 1
1 10
2 1
1 3
2 1
1 2
2 1
1 12
2 1
1 16
2 2
1 20
2 2
1 4
2 1
1 2
2 1
1 1
2 1
1 12
0 1
1 1
2 3
1 16
2 1
1 1
2 1
1 11
2 2
1 3
2 2
1 5
2 1
1 5
2 2
1 11
2 1
1 5
2 2
1 12
2 1
0 1
1 4
2 1
1 2
2 1
1 5
2 2
1 2
2 1
1 12
2 1
1 3
2 1
1 16
2 1
1 6
2 1
1 2
2 1
1 2
2 1
1 1
2 1
1 16
2 1
1 10
2 2
1 1
2 1
1 5
2 1
1 18
2 1
1 4
2 1
1 5
2 1
1 16
0 1
2 3
1 10
2 1
1 3
2 1
1 9
2 1
1 3
2 1
1 1
2 1
1 1
2 2
1 23
2 1
1 1
2 1
1 7
2 1
1 18
2 2
1 3
2 2
1 5
2 1
1 15
0 1
2 1
1 1
2 1
1 10
2 1
1 3
2 2
1 1
2 1
1 10
2 2
1 1
2 1
1 10
2 1
1 2
2 1
1 1
2 1
1 7
2 1
1 31
2 2
1 4
2 1
1 5
2 1
1 17
2 1
1 11
2 1
1 3
2 3
1 4
2 1
1 4
2 1
1 2
2 2
1 9
2 1
1 2
2 1
1 1
0 1
1 7
2 1
1 1
2 1
1 31
2 2
1 4
2 2
1 4
2 1
1 14
0 1
2 1
1 1
2 1
1 7
2 1
1 2
2 1
1 4
2 1
1 4
2 1
1 1
2 1
1 3
2 1
1 1
2 2
1 9
2 1
1 1
2 2
1 4
2 1
1 3
2 1
1 1
2 1
1 8
2 1
1 26
2 1
1 5
2 1
1 21
2 1
1 7
2 1
1 2
2 1
1 4
2 1
1 2
2 1
1 4
0 1
1 3
2 2
1 2
2 1
1 8
2 1
1 6
2 1
1 2
2 1
1 1
2 1
1 37
2 2
1 4
2 1
1 1
2 1
1 2
2 1
1 11
2 1
1 1
0 1
1 1
2 1
1 9
2 1
1 1
2 1
1 3
2 1
1 1
2 1
1 1
2 1
1 3
2 1
0 1
1 3
2 1
1 2
2 1
1 7
2 1
1 7
2 1
1 1
2 1
1 41
2 2
1 4
2 2
1 1
2 1
1 1
2 1
1 13
2 1
1 1
2 1
1 2
2 1
1 6
2 2
1 3
2 2
1 12
2 2
1 4
2 1
1 2
2 1
1 5
2 2
1 1
2 1
1 1
2 2
0 1
1 41
2 1
1 1
2 1
0 1
2 2
1 1
2 1
1 2
2 1
1 4
2 1
1 2
2 1
1 3
2 2
1 1
2 1
1 9
2 1
1 1
2 1
1 2
2 1
1 13
2 1
1 4
2 1
1 2
2 1
1 3
2 1
1 3
2 1
1 3
2 2
1 43
2 1
0 1
1 2
2 1
1 1
2 1
1 3
2 1
1 3
2 1
1 7
2 1
1 2
2 1
1 2
2 1
1 5
2 1
1 1
2 1
1 1
2 1
1 3
2 1
1 10
2 2
1 2
2 1
1 2
2 1
1 2
2 1
1 3
2 1
0 1
1 2
0 1
1 2
2 1
1 14
2 1
1 28
2 1
1 3
2 1
1 1
2 1
1 4
2 1
1 11
2 3
1 9
2 3
1 6
2 1
1 8
2 2
1 4
2 1
1 6
2 1
1 1
0 1
1 1
2 1
0 1
2 1
1 16
2 1
1 29
2 1
1 2
2 1
1 1
2 2
1 4
2 1
1 10
2 1
1 1
2 1
1 5
2 1
1 2
2 2
1 1
2 1
1 15
2 3
1 1
2 2
1 6
2 1
1 1
2 1
0 1
1 1
2 1
1 1
2 1
1 1
0 1
1 14
2 1
1 29
2 2
1 1
2 1
1 1
2 2
1 1
2 1
1 3
2 1
1 2
2 1
1 9
2 1
1 2
2 1
1 3
0 1
1 1
2 2
1 15
2 2
1 2
2 2
1 5
2 3
1 1
2 1
1 2
2 1
1 1
2 2
0 1
1 14
2 1
1 29
3 1
1 2
2 3
1 2
2 1
1 6
2 1
1 7
2 1
1 1
2 2
1 4
2 1
1 1
0 1
1 1
2 2
1 18
2 3
1 6
2 1
1 6
2 2
1 11
2 1
1 33
2 1
1 3
2 2
1 3
2 1
1 4
2 1
1 8
2 1
1 1
2 1
1 4
2 1
1 1
2 1
1 1
0 1
2 1
1 10
2 1
1 6
2 1
1 1
2 1
1 5
2 1
1 4
2 2
1 1
0 1
1 2
2 1
1 15
2 1
1 29
2 1
1 3
2 1
1 2
2 1
1 1
2 1
1 13
2 1
1 6
2 1
1 14
2 1
1 6
2 1
1 1
2 1
1 2
2 1
1 4
2 1
1 1
2 1
0 1
1 1
2 1
1 1
0 1
1 18
2 1
1 29
2 1
1 3
3 1
1 2
2 1
1 3
2 1
1 11
2 1
1 5
2 1
1 3
2 1
1 4
2 1
1 5
2 1
1 7
2 2
1 1
2 1
1 1
2 1
1 3
2 2
1 1
2 1
1 1
0 1
1 1
2 1
1 1
2 1
1 3
2 1
1 5
2 2
1 6
2 1
1 14
2 1
1 18
3 1
1 3
2 1
1 4
2 1
1 9
2 1
1 6
2 1
1 2
2 1
1 3
2 1
1 8
2 1
1 4
2 2
1 10
2 1
1 4
2 1
1 1
2 1
1 2
2 1
1 4
2 2
1 8
2 1
1 14
2 1
1 6
2 1
1 8
2 2
1 1
2 1
1 1
2 1
1 10
2 1
1 6
2 1
1 2
2 1
1 2
2 2
1 1
2 1
1 16
2 2
1 1
2 2
1 1
2 1
1 2
2 1
1 1
2 1
1 7
2 3
1 1
2 1
1 3
2 1
1 10
2 1
1 14
2 1
1 6
2 2
1 7
2 1
1 2
2 1
1 2
2 2
1 15
2 2
1 1
2 1
1 4
2 1
1 11
2 2
1 3
2 1
1 1
2 1
1 8
2 1
1 7
0 1
1 2
2 1
1 3
2 2
1 26
2 1
1 8
2 1
1 6
2 1
1 10
2 1
1 3
2 1
1 8
2 1
1 2
2 1
1 4
2 1
1 1
2 1
1 8
2 2
1 2
2 1
1 1
2 1
1 1
2 1
1 2
2 1
1 8
2 1
1 2
2 1
0 1
2 1
1 1
2 1
1 1
2 2
1 11
2 1
1 26
2 2
1 4
2 1
1 3
3 1
1 5
2 1
1 8
2 1
1 8
2 1
1 17
2 1
1 2
2 1
1 1
2 1
1 1
2 1
1 9
2 1
1 4
2 1
1 2
2 2
1 12
2 1
1 17
0 1
1 10
2 1
1 3
2 1
1 3
3 1
1 5
2 1
1 6
2 1
1 3
2 1
1 3
2 1
1 2
2 1
1 5
2 1
1 9
2 2
1 1
2 2
1 2
2 1
1 1
2 1
1 2
2 1
1 6
2 1
1 2
0 1
1 1
2 1
1 1
2 1
1 14
2 1
1 17
0 1
1 11
2 2
1 5
3 1
1 5
2 1
1 4
2 1
1 2
2 1
1 2
2 1
1 3
2 2
1 16
2 1
1 1
2 1
1 4
2 1
1 14
2 1
0 1
1 1
2 2
1 15
2 2
1 16
0 1
1 12
2 2
1 4
2 1
1 11
2 1
1 9
2 1
1 9
2 1
1 5
2 1
1 1
2 1
0 1
2 1
1 1
2 1
1 1
2 1
1 1
2 1
1 13
0 1
1 2
2 1
1 15
2 2
1 31
2 2
1 2
2 2
1 14
2 1
1 3
2 1
1 1
2 2
1 1
2 1
1 7
2 1
1 3
2 1
1 2
2 1
1 2
2 2
1 17
0 1
1 2
2 1
1 16
2 1
1 32
3 1
1 3
2 1
1 7
2 1
1 1
2 1
1 1
2 1
0 1
2 1
1 1
2 1
1 3
2 3
1 2
2 1
1 9
2 1
1 1
2 1
1 2
2 3
1 1
2 1
1 4
2 1
1 3
2 1
1 8
2 1
1 1
2 1
1 16
2 1
1 32
2 1
1 3
3 1
1 4
2 1
1 3
2 2
1 4
2 2
1 4
2 2
1 11
2 1
1 5
2 1
0 1
2 1
1 1
2 1
1 7
2 1
1 7
0 1
1 1
2 1
1 18
2 1
1 32
2 1
1 3
3 1
1 5
2 1
1 3
2 1
1 2
2 1
1 2
2 1
1 2
2 1
0 1
1 1
2 3
1 11
2 1
0 1
1 2
2 1
1 1
2 1
1 17
0 1
1 1
2 2
1 17
2 1
1 32
2 1
1 3
3 1
1 6
2 1
1 5
2 1
0 1
2 3
1 3
0 1
2 3
1 8
2 1
1 4
2 1
1 4
2 1
1 5
2 1
1 10
0 1
1 2
2 1
1 17
2 1
1 33
2 2
1 1
2 1
1 2
2 1
1 8
2 1
1 2
2 1
1 1
2 2
1 1
2 2
0 1
1 2
2 1
1 7
2 1
1 1
2 3
1 5
2 1
1 4
2 1
1 12
2 1
1 1
2 1
1 17
2 1
1 33
2 1
1 3
2 1
1 7
2 1
1 4
2 1
1 2
2 1
1 1
2 1
1 3
2 1
1 1
2 1
1 6
2 1
1 1
2 1
1 2
2 1
1 4
2 1
1 3
2 2
1 13
2 1
1 1
2 2
1 16
2 1
1 33
2 1
1 3
2 1
1 5
2 1
1 2
2 1
1 5
2 1
1 2
2 1
1 5
2 1
1 6
2 2
1 1
2 1
1 5
2 1
1 3
2 1
1 13
0 1
1 1
2 1
1 19
2 1
1 33
2 1
1 3
3 1
1 6
2 1
1 10
2 1
1 3
0 1
1 2
2 1
1 1
2 2
1 3
2 1
0 1
2 1
1 4
2 1
1 3
2 1
1 14
0 1
1 1
2 2
1 12
2 1
1 5
2 1
1 33
2 1
0 1
1 2
3 1
1 11
2 1
1 3
2 1
1 2
2 1
1 3
2 3
1 4
2 1
1 1
2 2
1 4
2 1
1 3
2 1
1 18
2 1
1 11
2 2
1 43
2 1
1 12
2 1
1 3
2 1
1 1
2 1
1 1
2 1
1 3
2 1
1 4
2 2
1 2
2 1
1 2
2 1
1 2
2 1
1 20
2 1
1 9
2 2
1 2
2 1
1 43
2 1
1 12
2 1
1 4
2 1
1 1
2 1
0 1
1 3
2 1
1 2
2 1
1 1
2 2
1 6
2 1
1 19
2 1
1 1
2 1
1 7
2 2
1 33
2 1
1 1
0 1
1 8
2 2
1 2
3 1
1 21
2 1
1 2
2 1
1 2
3 1
1 1
0 1
2 1
1 5
2 1
1 20
2 1
1 8
2 1
1 7
2 1
1 30
0 1
1 7
2 1
1 3
3 1
1 14
2 1
1 2
2 1
1 3
2 1
0 1
1 2
2 1
1 1
2 1
1 2
2 1
1 3
2 1
1 15
2 1
1 4
0 1
1 1
2 2
1 5
2 2
1 8
2 1
1 25
2 1
1 4
2 1
1 2
2 1
1 4
2 1
1 3
3 1
1 15
2 1
1 9
2 2
1 6
2 1
1 13
2 1
1 3
2 1
1 6
2 1
1 3
2 2
1 36
2 1
1 3
2 1
1 3
0 1
1 4
2 1
0 1
1 2
2 1
1 21
2 1
1 2
2 3
1 5
2 1
1 10
2 1
1 3
2 1
1 3
2 1
1 4
2 1
1 1
2 1
1 1
2 2
1 12
2 1
1 30
2 2
1 1
2 1
1 9
2 1
1 16
2 1
1 4
2 1
0 1
2 2
1 20
2 1
1 9
2 1
1 1
2 3
1 39
2 1
1 6
2 1
1 3
0 1
1 3
2 1
1 2
2 1
1 17
2 2
1 4
2 1
1 1
2 1
1 2
2 1
1 18
2 1
1 7
2 3
1 42
2 1
1 6
2 1
1 2
2 1
1 2
2 2
1 2
3 1
1 24
2 1
1 2
2 1
1 18
2 2
1 1
2 2
1 3
2 2
1 22
2 1
1 19
2 1
1 1
2 1
1 8
2 1
1 7
3 1
1 5
2 1
1 14
2 1
1 4
2 2
1 9
2 1
1 16
2 1
1 19
2 1
1 4
2 1
1 5
2 1
1 6
2 2
1 5
2 1
1 11
2 2
1 1
2 1
1 3
2 2
1 8
2 1
1 1
2 1
1 9
2 1
1 3
2 2
1 16
2 1
1 7
2 2
1 16
2 2
1 7
3 1
1 5
2 1
1 5
0 1
2 1
1 6
2 1
1 13
2 1
1 1
2 1
1 1
0 1
1 1
2 1
1 6
2 1
1 19
2 2
1 13
2 1
1 5
2 1
1 1
2 1
1 18
2 1
1 2
2 1
1 5
3 1
1 5
2 1
1 6
2 1
1 22
2 1
1 1
2 1
1 1
2 1
1 7
2 1
1 2
2 1
1 12
2 1
1 3
2 1
1 12
2 1
1 5
0 1
2 1
1 1
2 1
1 18
2 1
1 2
2 1
1 5
2 1
1 5
2 1
1 6
2 1
1 8
2 1
1 14
2 1
1 4
2 1
1 21
2 1
1 2
2 1
1 1
2 1
1 9
2 1
1 9
2 2
1 13
2 2
1 3
2 1
1 2
2 1
1 3
2 1
1 1
2 1
1 5
2 1
1 6
2 1
1 8
2 1
1 1
2 1
1 13
2 2
1 8
2 1
1 16
2 1
1 2
2 1
1 1
2 1
1 19
2 1
1 13
2 1
1 4
2 1
1 6
2 1
1 1
2 1
1 5
2 1
1 6
2 1
1 8
2 1
1 1
2 1
1 17
2 1
1 22
2 1
1 1
2 2
1 7
2 1
1 9
0 1
2 1
1 2
2 1
1 13
2 1
1 1
2 1
1 3
0 1
1 5
2 1
1 1
2 1
1 5
2 1
1 6
2 1
1 8
2 1
1 18
2 1
1 13
2 1
1 9
2 1
1 2
2 1
1 6
2 1
1 10
0 1
2 1
1 2
2 1
1 9
2 1
1 5
2 1
1 1
0 1
1 1
0 1
1 2
2 1
1 2
2 1
1 7
2 1
1 6
2 1
1 8
3 1
1 6
2 1
1 11
2 2
1 18
2 1
1 6
2 1
1 19
2 2
1 3
2 1
1 6
2 1
1 5
2 1
1 3
0 1
1 5
2 1
1 3
2 1
1 3
2 1
1 6
2 1
1 1
0 1
1 6
2 1
1 4
2 1
1 1
2 1
1 1
2 1
1 9
2 1
1 20
2 1
1 5
2 2
1 2
2 1
1 16
2 1
1 2
2 1
1 5
2 1
1 1
2 2
1 4
2 1
1 3
0 1
2 1
1 4
2 1
1 3
2 1
1 3
2 1
1 6
2 1
1 1
0 1
1 3
2 1
1 2
2 1
1 1
2 2
1 1
2 1
1 1
2 1
1 1
2 1
1 8
2 2
1 15
2 1
1 8
2 1
1 1
2 1
1 3
2 1
1 13
2 1
1 2
3 1
1 8
2 1
1 1
2 2
1 6
2 2
0 1
1 1
2 1
1 3
2 1
1 3
2 1
1 3
2 1
1 6
2 1
1 1
0 1
1 3
2 1
1 2
2 1
1 1
2 1
1 1
2 2
1 1
2 1
1 10
2 2
1 26
2 1
1 16
0 1
2 1
1 2
2 1
1 3
2 1
1 4
2 1
1 2
2 1
1 2
2 1
1 3
2 2
1 6
2 2
1 2
2 1
1 3
2 1
1 6
2 1
1 1
0 1
2 1
1 2
2 1
1 2
2 1
1 1
2 5
1 3
0 1
1 8
2 1
1 16
2 1
1 10
2 1
1 1
2 1
1 2
2 1
1 11
2 2
1 1
2 1
1 8
2 2
1 4
2 1
1 3
2 2
1 6
2 2
1 2
2 1
1 3
2 1
1 6
2 1
1 1
0 1
1 8
2 2
1 3
2 1
1 9
2 1
1 1
2 1
1 16
2 1
1 8
2 1
1 3
2 1
1 2
2 1
1 12
2 1
1 1
2 1
1 9
2 1
1 4
2 1
1 12
2 1
1 2
2 1
1 3
2 1
1 6
2 1
1 1
0 1
2 1
1 7
2 2
1 3
2 1
1 1
2 1
1 6
2 1
1 2
2 1
1 1
2 1
1 14
2 1
1 2
2 1
1 12
2 1
1 9
0 1
2 1
1 2
2 1
1 6
2 1
1 3
2 1
1 5
2 2
1 10
2 1
1 2
2 1
1 3
2 1
1 6
2 1
1 1
0 1
1 8
2 2
1 3
2 1
1 1
2 2
1 4
2 1
1 3
2 1
1 1
2 1
1 23
2 2
1 1
2 1
1 13
0 1
2 1
1 2
2 1
1 5
0 1
2 1
1 1
2 1
1 1
2 1
1 1
2 1
1 3
2 1
1 11
2 1
1 2
2 1
1 3
2 1
1 6
2 1
1 1
0 1
1 9
2 1
1 3
2 1
1 1
2 2
1 4
2 2
1 2
2 1
1 1
2 1
1 23
2 1
1 2
2 1
1 2
2 1
1 11
2 2
1 1
2 1
1 8
2 1
1 1
2 1
1 1
2 1
1 3
2 2
1 10
2 1
1 2
2 1
1 10
2 1
1 1
0 1
1 7
2 1
1 3
2 1
1 1
2 4
1 2
2 1
1 1
2 2
1 2
2 1
1 1
2 1
1 29
2 1
1 12
2 1
1 1
2 1
1 8
2 1
1 3
2 3
1 1
2 2
1 2
0 1
1 7
2 1
1 2
2 1
1 9
2 2
1 1
0 1
1 7
2 1
1 3
2 1
1 1
2 1
1 2
2 1
1 8
2 1
1 18
2 1
1 6
2 1
1 1
2 1
1 3
2 1
1 13
2 2
1 8
2 2
1 2
2 3
1 3
2 2
0 1
1 7
3 1
1 2
2 1
1 9
2 2
1 9
2 1
1 3
2 1
1 4
2 1
0 1
1 4
2 1
1 2
2 1
1 2
2 1
1 21
2 1
1 2
2 1
1 2
2 1
1 14
2 1
1 1
2 1
1 8
2 1
0 1
1 3
2 1
1 3
2 2
0 1
1 7
3 1
1 2
2 1
1 9
2 2
1 9
2 1
1 3
2 2
1 3
2 1
0 1
1 4
2 1
1 3
2 1
1 1
2 1
1 17
2 1
1 9
2 1
1 8
2 1
1 2
2 2
1 3
2 1
1 2
2 1
1 3
2 1
1 1
2 1
1 4
2 1
1 3
2 2
1 6
2 1
1 1
2 1
1 13
2 1
1 9
2 1
1 3
2 2
1 3
2 1
1 1
2 1
1 4
2 1
1 1
2 1
1 2
2 1
1 16
2 1
1 4
2 1
1 1
2 1
1 3
2 1
1 8
2 1
1 3
2 1
1 10
2 1
1 1
2 1
1 4
2 1
1 3
2 2
1 32
2 1
1 8
2 1
1 3
2 1
1 1
2 1
1 2
2 1
1 2
2 1
1 23
2 1
1 2
2 1
1 10
0 1
2 1
1 2
2 1
1 1
2 1
1 1
2 1
1 5
2 1
1 1
2 1
1 1
2 1
1 4
2 1
1 19
2 1
1 15
2 1
1 6
2 1
1 1
2 2
1 3
2 1
1 3
2 1
1 2
2 2
1 17
2 1
1 7
2 1
1 6
2 1
1 1
2 1
1 1
0 1
2 1
0 1
1 1
3 1
0 1
1 2
2 1
1 5
2 1
1 1
2 1
1 1
2 1
1 10
2 1
1 29
2 2
1 1
2 1
1 3
2 1
1 1
2 2
1 9
2 1
1 1
2 1
1 21
2 1
1 3
2 1
1 5
2 1
1 4
0 1
2 1
1 5
2 1
1 6
2 1
1 3
2 3
1 7
2 1
1 33
2 1
1 3
2 2
1 1
2 1
1 4
2 1
1 3
2 2
1 1
2 1
1 5
2 1
1 15
2 1
1 2
2 1
1 2
2 1
1 3
2 1
1 6
2 1
1 1
2 1
0 1
2 1
1 8
2 1
0 1
1 8
2 2
1 1
2 1
1 38
2 1
1 1
2 1
0 1
1 3
2 1
1 3
2 2
1 1
2 1
1 21
2 3
1 9
2 1
1 5
2 1
1 4
2 1
1 4
2 1
1 1
2 1
0 1
1 6
2 1
1 2
2 1
1 38
2 3
1 2
0 1
2 1
1 2
2 1
1 2
2 2
1 2
2 1
1 20
2 2
1 11
2 1
1 1
0 1
2 1
1 2
3 1
1 1
2 2
1 6
2 1
1 1
2 1
1 6
2 3
1 42
2 2
1 2
2 1
1 2
2 1
1 2
2 3
1 3
2 1
1 12
2 1
1 8
2 1
1 11
0 1
2 2
1 1
2 1
1 1
2 1
1 2
2 1
1 4
2 1
1 5
2 1
1 2
2 1
1 38
2 1
1 6
2 1
1 5
2 3
1 3
2 2
1 9
2 1
1 19
2 1
1 6
2 1
1 1
2 1
1 3
0 1
1 1
2 1
1 8
2 2
1 6
2 1
1 37
2 1
1 7
2 1
1 2
2 2
1 3
2 4
1 5
2 1
1 1
2 1
1 3
2 2
1 7
2 1
1 5
2 1
1 4
2 1
1 2
0 1
2 2
1 2
2 1
1 2
2 2
1 5
2 1
1 3
2 1
1 3
2 1
1 42
2 1
1 9
2 1
1 3
2 1
1 2
2 2
1 4
2 1
1 1
2 1
1 12
2 1
1 5
2 1
1 2
2 1
1 1
2 1
1 2
0 1
1 2
2 2
1 1
2 1
1 2
2 1
1 4
2 1
1 7
2 1
1 45
2 1
1 7
3 1
1 3
2 1
1 1
0 1
2 1
1 13
2 1
1 6
2 1
1 4
2 1
1 1
2 1
1 9
2 1
1 1
2 1
1 1
2 1
1 2
0 1
1 1
2 1
1 1
2 1
1 4
2 1
1 49
2 1
1 6
2 2
1 3
2 1
1 17
2 1
1 3
2 1
1 5
2 1
1 1
2 1
1 5
0 1
1 8
2 1
1 2
2 2
1 4
2 1
1 53
2 1
1 5
3 1
1 4
2 1
1 1
2 1
1 5
2 1
1 2
2 1
1 5
2 2
1 2
2 1
1 5
2 1
1 4
2 1
1 4
2 1
1 4
2 1
1 1
2 1
1 2
2 1
1 3
2 1
1 57
2 1
1 3
2 2
1 3
2 2
1 6
2 1
1 4
2 1
1 1
2 2
1 1
2 1
1 8
2 1
1 4
2 1
1 1
0 1
1 3
2 1
0 1
1 1
2 1
1 2
2 1
1 71
0 1
2 2
1 1
2 1
1 5
2 1
1 7
2 1
1 15
2 1
1 1
0 1
2 1
1 2
2 1
1 3
2 1
1 1
2 1
1 1
2 2
1 67
2 1
1 1
2 1
1 2
2 1
1 16
2 1
1 1
2 1
1 13
2 1
1 2
2 1
1 1
2 1
1 2
2 1
1 1
2 2
1 68
2 1
1 1
2 1
1 2
2 2
1 5
2 1
1 4
2 2
1 3
2 1
1 1
2 1
1 9
2 1
1 3
2 2
1 2
2 1
1 1
2 1
1 1
2 1
1 2
2 1
1 68
2 1
1 5
2 1
1 5
2 1
1 5
2 1
1 2
2 2
1 11
2 1
1 2
2 1
1 1
2 2
0 1
2 1
1 3
2 1
1 1
2 1
1 69
2 1
1 3
2 1
1 1
2 1
1 13
2 1
1 15
0 1
2 1
1 1
2 2
1 2
2 1
1 2
2 1
1 71
2 1
1 2
2 1
1 2
2 1
1 12
2 2
1 2
2 1
1 13
2 1
1 2
2 2
1 2
2 1
0 1
2 1
1 1
2 1
1 69
2 1
1 2
2 1
1 2
2 1
1 12
2 1
1 2
2 1
1 6
2 1
1 3
2 1
1 2
2 1
1 2
2 1
1 8
2 1
1 2
2 1
1 66
2 1
1 2
2 1
1 3
2 2
1 9
2 2
1 2
2 1
1 3
2 1
1 2
2 1
1 3
2 1
1 4
2 2
1 4
2 1
0 1
1 1
2 2
1 2
2 1
1 66
2 1
1 2
2 1
1 3
2 1
1 13
2 1
1 7
2 1
1 8
2 2
0 1
1 4
2 1
1 1
2 2
1 2
2 1
1 64
2 1
1 1
2 1
1 2
2 1
0 1
2 3
1 5
2 1
1 6
2 1
1 11
2 1
1 2
0 1
1 2
2 1
1 3
2 2
1 1
2 1
1 1
2 1
1 3
2 1
1 64
2 1
1 1
2 1
1 20
2 1
1 6
2 1
1 3
2 1
1 6
2 1
1 2
2 1
1 2
2 1
1 25
2 1
1 2
2 1
1 3
2 1
1 1
2 1
1 3
2 1
1 2
2 1
1 28
2 1
1 1
2 1
1 4
2 1
1 1
2 1
1 13
2 1
1 6
2 1
1 3
2 1
1 2
2 1
1 2
2 1
1 3
2 1
1 2
2 1
1 1
2 1
1 20
2 1
1 47
2 1
1 1
2 1
1 3
2 1
1 2
2 2
1 8
2 1
1 13
2 1
1 1
2 1
1 7
2 1
1 5
2 1
1 2
2 1
1 17
2 1
1 8
2 1
1 7
2 1
1 30
2 1
1 1
2 1
1 4
2 1
1 1
2 1
1 6
2 1
1 7
2 1
1 1
2 1
1 5
2 2
1 2
2 1
1 3
2 1
1 1
0 1
2 1
1 2
2 1
1 1
2 2
1 2
2 1
1 17
2 1
1 2
2 1
1 5
2 1
1 38
2 1
1 1
2 1
1 4
2 1
1 1
2 1
1 6
2 1
1 14
2 1
1 6
2 1
1 1
2 1
1 1
2 1
1 2
2 1
1 1
2 1
1 1
2 1
1 2
2 1
1 26
2 1
1 2
2 1
1 2
2 1
1 32
2 1
1 2
2 1
1 12
2 1
1 7
2 1
1 5
2 1
1 11
2 1
1 2
2 1
1 2
2 2
1 2
2 1
1 14
2 1
1 3
2 2
1 6
2 1
1 5
2 1
1 32
2 1
1 3
2 1
1 1
2 1
1 1
2 1
1 2
2 1
1 5
2 1
1 3
2 1
1 5
2 2
1 2
2 1
1 15
2 1
1 70
2 1
1 4
2 1
1 1
2 1
1 3
2 1
1 6
2 1
1 1
2 1
1 4
2 2
1 18
2 1
1 72
2 1
1 8
2 1
1 9
2 1
1 2
2 1
1 5
2 1
1 4
2 1
1 7
2 1
1 1
2 1
1 74
2 1
1 4
2 1
1 3
2 1
1 6
2 1
1 1
2 1
1 1
2 2
1 11
2 1
1 40
2 1
1 31
2 1
1 11
2 1
1 5
2 1
1 12
2 1
1 2
2 1
1 10
2 1
1 8
2 1
1 63
2 1
1 32
2 1
1 2
2 1
1 8
2 1
1 10
2 1
1 61
2 1
1 33
2 1
1 2
2 1
1 5
2 1
1 110
2 1
1 37
2 1
1 82
2 1
1 34
2 1
1 42
2 1
1 17
2 1
1 40
2 1
1 15
2 1
1 41
2 1
1 61
2 2
1 2
2 1
1 9
2 1
1 41
2 1
1 15
2 1
1 46
2 1
1 28
2 1
1 1
2 1
1 15
2 1
1 67
2 1
1 1
2 1
1 1
2 2
1 19
2 1
1 26
2 1
1 74
2 1
1 5
2 1
1 37
2 1
1 66
2 2
1 11
2 1
1 38
2 1
1 64
2 1
1 8
2 1
1 4
2 1
1 6
2 1
1 32
2 1
1 62
2 2
1 2
2 1
1 5
2 1
1 4
2 1
1 5
2 1
1 8
2 1
1 8
2 1
1 1
2 1
1 14
2 1
1 60
2 1
1 3
2 1
1 11
2 1
1 12
2 1
1 1
2 1
1 8
2 1
1 1
2 1
1 7
2 1
1 6
2 1
1 59
2 1
1 16
2 1
1 10
2 1
1 1
2 1
1 1
2 1
1 1
2 1
1 6
2 1
1 1
2 1
1 5
2 1
1 1
2 1
1 64
2 1
1 4
2 1
1 13
2 1
1 2
2 1
1 3
2 1
1 3
2 1
1 1
2 1
1 1
2 1
1 1
2 1
1 1
2 1
1 4
2 1
1 1
2 1
1 7
2 1
1 62
2 1
1 20
2 1
1 2
2 1
1 3
2 2
1 2
2 1
1 1
2 1
1 1
2 1
1 1
2 1
1 6
2 1
1 1
2 1
1 7
2 1
1 2
2 2
1 1
2 1
1 4
2 1
1 75
2 1
1 3
2 2
1 2
2 1
1 1
2 1
1 1
2 1
1 1
2 1
1 16
2 1
1 2
2 2
1 1
2 1
1 42
HL 1582
1 2768
2 1
3 11
1 105
3 1
1 12
2 1
1 103
3 1
1 4
2 7
1 3
2 1
1 100
2 2
1 1
2 1
1 14
2 1
1 98
3 1
1 2
2 1
0 1
1 2
2 9
1 4
3 2
1 95
3 1
1 2
2 1
0 1
2 1
1 2
0 9
1 2
0 1
2 1
1 2
3 1
1 93
3 1
1 3
0 1
2 3
3 11
2 2
0 1
1 3
2 1
1 91
2 1
1 3
0 1
3 1
1 16
2 1
0 1
1 3
2 1
1 89
2 2
1 3
2 1
1 1
2 1
1 16
2 1
0 1
1 2
2 2
1 87
2 1
1 3
2 2
1 1
2 1
1 18
2 1
1 3
2 2
1 85
2 2
1 5
2 1
1 11
0 2
1 7
2 1
1 3
2 1
1 84
2 2
1 4
2 1
1 27
2 1
1 82
2 2
1 4
2 1
1 15
2 2
1 7
2 1
1 4
3 1
1 80
2 2
1 16
2 6
1 8
2 2
1 4
2 1
1 78
2 2
1 11
2 1
1 8
0 3
1 15
2 1
1 76
2 2
1 11
2 1
0 1
1 26
2 2
1 74
2 2
1 10
2 1
0 2
1 15
0 1
1 12
2 2
1 72
2 2
1 10
2 1
0 1
1 5
2 3
1 10
0 1
1 12
2 1
1 71
2 2
1 11
0 1
1 3
2 1
1 5
2 4
3 3
2 1
1 3
0 1
1 12
3 1
1 69
2 2
1 15
3 1
1 4
0 9
1 2
2 1
1 2
0 1
1 12
3 1
1 67
2 2
1 14
2 2
1 1
0 1
1 15
2 1
1 2
0 1
1 12
2 1
1 65
2 2
1 14
2 2
0 1
1 2
2 1
3 1
2 2
1 11
0 1
2 1
1 2
0 1
1 12
2 1
1 63
2 2
1 13
2 1
3 1
1 1
0 1
1 1
2 1
3 1
1 5
2 2
3 5
2 2
1 2
0 1
2 2
1 13
2 2
1 61
2 2
1 13
2 2
0 2
1 1
2 2
1 4
0 1
1 10
2 2
1 1
0 1
2 2
1 13
2 2
1 59
2 2
1 15
0 1
1 2
3 1
1 18
2 2
1 1
0 1
2 2
1 13
2 1
1 58
2 2
1 17
2 1
3 1
1 15
0 1
1 5
2 1
1 1
0 1
1 1
2 1
1 13
2 1
1 56
2 2
1 17
2 2
1 5
2 6
1 1
2 5
1 6
3 1
1 1
0 1
1 15
3 1
1 55
2 1
1 17
2 1
1 26
3 1
1 17
2 1
1 53
2 1
1 17
2 1
1 28
3 1
1 17
2 1
1 51
2 1
1 17
2 1
1 30
2 1
1 16
2 2
1 100
2 2
1 15
2 2
1 79
2 1
1 37
2 1
1 47
2 2
1 33
0 7
1 29
2 1
1 45
2 2
1 24
2 1
1 1
2 1
1 44
2 1
1 43
2 2
1 26
2 1
1 1
0 1
1 44
2 1
1 41
2 2
1 26
2 1
0 1
1 46
2 2
1 39
2 2
1 23
2 1
1 1
2 2
0 1
1 21
0 1
1 26
2 2
1 38
2 1
1 16
2 1
1 8
2 1
1 1
0 1
1 50
2 2
1 36
2 1
1 16
2 1
1 8
2 1
1 1
0 1
1 25
0 1
1 26
2 1
1 35
2 1
1 16
2 1
1 9
0 1
1 55
3 1
1 33
2 1
1 16
2 1
1 20
2 13
1 34
2 1
1 31
2 1
1 16
2 1
1 17
2 1
1 5
0 10
1 4
2 1
1 31
2 1
1 29
3 1
1 16
2 1
1 16
2 2
1 20
2 2
1 30
2 2
1 27
3 1
1 16
2 1
1 16
2 2
1 1
0 1
1 20
2 2
1 30
2 2
1 25
2 1
1 16
2 1
1 16
2 1
1 1
0 1
1 24
2 1
1 30
2 1
1 24
3 1
1 12
2 1
1 19
2 2
1 1
0 1
1 24
0 1
1 1
2 1
1 30
2 1
1 22
2 1
1 16
2 1
1 15
2 2
0 2
1 26
0 1
1 1
2 1
1 30
3 1
1 20
2 1
1 16
2 1
1 7
2 1
1 3
2 1
1 2
2 2
1 1
0 1
1 29
0 1
1 1
2 1
1 30
3 1
1 18
2 1
1 16
2 1
1 7
2 1
1 9
0 1
1 6
2 6
3 14
2 1
1 4
0 1
1 1
2 1
1 30
2 1
1 16
3 1
1 41
3 1
1 21
3 1
1 4
0 1
1 1
2 2
1 29
2 1
1 14
2 1
1 30
0 1
2 1
1 8
3 1
2 1
1 23
3 1
1 36
2 2
1 12
2 1
1 32
0 1
1 7
3 1
1 26
3 1
1 36
2 1
1 11
2 1
1 14
2 1
1 24
2 2
1 28
2 2
1 35
2 1
1 9
2 1
1 16
2 1
1 22
3 1
1 31
2 2
1 19
2 1
1 15
3 1
1 7
2 2
1 37
2 2
1 33
2 2
1 35
3 1
1 5
2 2
1 22
2 1
1 14
2 1
1 36
2 2
1 35
2 1
1 3
2 2
1 22
2 1
1 13
2 2
1 16
2 9
1 14
2 1
1 34
2 2
1 2
2 1
1 22
2 1
1 13
2 1
1 42
2 1
1 10
2 1
1 23
2 2
1 23
2 1
1 9
2 1
1 16
2 1
1 1
2 5
1 9
2 2
1 1
2 1
1 12
3 1
1 10
2 1
1 23
2 2
1 21
2 1
1 9
2 1
1 15
2 1
1 9
0 2
1 1
0 12
1 10
2 1
1 10
2 1
1 23
2 1
1 20
2 1
1 25
2 1
0 1
1 43
2 1
1 2
2 1
1 42
2 1
1 3
2 1
1 20
2 1
1 50
2 1
1 40
2 1
1 8
2 1
1 15
2 1
0 1
1 51
2 1
1 38
2 1
1 3
2 1
1 4
2 1
1 14
2 1
1 35
2 1
1 19
2 1
1 45
2 1
1 14
2 1
0 1
1 36
2 1
1 19
2 1
1 43
2 1
1 13
2 1
1 96
2 1
1 5
2 1
1 32
2 12
1 72
2 1
1 24
2 1
1 6
2 13
1 85
2 1
1 11
2 1
1 16
0 2
1 1
0 1
1 6
2 1
1 88
2 1
1 2
2 1
1 26
2 1
1 43
2 1
1 17
2 1
1 24
2 1
1 1
2 1
1 29
2 1
1 42
0 1
1 30
2 1
1 9
2 1
1 3
0 1
1 27
0 2
2 1
1 1
2 1
1 36
2 1
1 16
2 1
1 16
2 1
1 9
2 1
1 1
2 1
1 32
0 1
2 1
1 1
2 1
1 67
2 1
1 9
2 1
1 3
0 1
1 33
0 1
1 2
2 1
1 22
2 1
1 12
2 1
1 29
2 1
1 9
2 1
1 1
2 1
0 1
1 36
0 1
1 2
2 2
1 46
0 1
2 1
1 14
2 1
1 12
0 1
1 39
0 1
1 2
2 1
1 5
2 1
1 14
2 1
1 25
0 1
1 13
2 1
1 54
0 1
2 1
1 7
2 1
1 10
0 1
1 19
2 1
1 21
2 1
1 5
2 1
1 59
2 1
1 28
2 1
1 21
2 1
1 67
2 1
1 25
2 2
1 5
0 1
1 15
2 1
1 69
2 1
1 20
2 1
1 97
2 1
1 20
2 1
1 32
2 2
1 63
2 1
1 20
2 1
1 118
2 1
1 20
2 1
1 6
2 1
1 25
2 16
1 49
2 1
1 9
2 2
1 7
2 1
1 25
0 1
1 15
0 3
1 1
0 2
1 50
2 1
1 3
2 1
1 5
2 1
1 1
0 1
1 6
2 1
1 1
2 1
1 24
2 2
1 28
2 1
1 21
2 1
1 13
2 1
1 8
2 1
1 7
0 1
1 5
2 1
1 26
2 2
1 31
2 1
1 21
2 1
1 29
2 1
1 4
2 1
1 10
2 1
1 13
0 1
1 1
2 1
1 33
0 1
2 2
1 20
2 1
1 32
2 1
1 8
2 1
1 8
2 1
1 7
2 2
1 35
0 1
1 1
2 1
1 9
2 1
1 9
0 1
2 1
1 30
2 1
1 17
2 1
1 5
0 1
1 1
2 1
1 39
0 1
2 2
1 20
2 1
1 15
2 1
1 11
2 1
0 1
1 23
2 2
0 1
1 40
0 1
1 1
2 1
1 19
2 2
1 24
2 2
1 1
2 1
1 22
2 1
1 45
0 1
2 2
0 1
1 17
2 2
1 22
2 1
1 4
0 1
1 68
0 1
2 2
1 19
2 1
1 20
2 1
1 3
2 1
1 3
2 1
1 67
0 1
1 19
2 1
1 1
2 1
1 18
2 1
0 1
1 1
2 1
1 4
2 1
1 91
2 1
1 16
2 1
1 1
2 1
1 99
2 1
1 14
2 1
1 100
2 1
1 1
0 1
2 1
1 15
2 1
1 3
2 1
0 1
1 92
2 1
1 2
2 1
1 1
2 1
1 15
2 2
1 2
2 1
1 91
2 1
1 6
2 1
1 18
2 1
1 6
2 1
1 84
2 1
1 4
2 1
1 16
2 1
1 96
2 1
1 9
2 1
1 8
2 1
0 1
1 8
2 1
1 92
2 1
1 6
2 1
1 4
2 1
1 1
2 1
1 1
2 1
1 7
2 1
1 31
2 2
1 4
0 12
1 52
2 1
1 2
2 1
1 11
2 1
1 30
3 1
2 1
1 5
2 9
3 14
2 1
1 25
2 1
1 8
2 1
1 7
2 1
1 2
2 1
1 2
0 1
1 36
2 2
1 31
3 1
1 25
2 1
1 9
2 2
1 7
2 1
1 38
2 1
1 10
0 8
1 16
2 2
1 79
2 1
1 38
3 1
1 39
2 1
1 36
2 2
1 40
2 2
1 32
2 1
1 10
2 1
1 28
2 2
1 44
3 1
1 70
2 1
1 47
2 2
1 30
2 3
1 33
2 1
1 51
3 1
1 35
2 1
1 27
2 2
1 14
2 1
1 38
2 2
1 30
2 1
1 1
2 1
1 18
2 1
1 7
2 1
3 1
1 3
0 1
1 19
2 1
1 1
2 4
1 28
2 1
1 57
3 1
1 60
2 2
1 28
0 1
1 24
2 2
1 17
2 1
1 45
3 1
1 43
2 1
1 57
2 1
1 16
2 1
1 37
2 1
1 29
2 1
1 89
2 1
1 25
2 1
1 37
2 1
1 52
2 1
1 24
2 1
1 62
2 1
1 27
2 1
1 189
2 1
1 81
2 2
1 27
0 1
1 68
2 1
1 169
0 1
1 27
2 1
1 91
0 1
1 738
2 1
1 142
2 2
1 116
0 1
1 1
2 2
1 30
0 13
1 75
2 2
1 116
0 1
1 142
2 10
1 22
2 1
1 56
2 2
1 3
2 1
1 19
2 2
1 23
2 7
1 3
0 1
1 17
2 1
1 40
0 1
1 1
2 2
1 2
2 1
1 15
2 1
1 2
2 30
1 2
2 1
1 17
2 2
1 24
2 1
1 19
0 1
1 2
2 1
1 13
2 1
1 2
2 2
1 31
2 2
1 1
2 1
1 5
2 1
1 34
2 1
1 14
2 1
1 5
2 1
1 14
2 2
1 1
2 1
1 4
2 2
1 1
2 4
1 4
2 4
1 4
2 3
1 1
2 4
1 1
2 2
1 2
2 1
1 2
2 1
1 55
2 1
1 16
2 1
1 2
2 1
1 4
2 1
1 32
2 1
1 2
2 1
1 2
2 1
1 8
2 2
1 4
2 1
1 38
0 1
1 1
2 1
1 12
2 1
1 2
2 1
1 4
2 1
1 35
2 1
1 3
2 1
1 1
2 2
1 27
2 1
1 25
0 1
1 10
2 1
1 2
2 1
1 3
2 2
1 39
2 1
1 3
2 1
1 1
2 1
1 28
2 1
1 22
0 1
2 2
1 7
2 1
1 2
2 1
1 3
2 2
1 46
2 2
1 1
2 1
1 27
2 1
1 29
2 1
1 1
2 2
1 3
2 2
1 50
2 1
1 11
2 1
1 17
2 2
1 27
2 2
1 3
2 1
1 19
2 6
1 5
2 5
1 16
2 1
1 3
2 1
1 1
2 1
1 52
2 2
1 3
2 1
1 55
2 1
1 2
2 2
1 7
2 1
1 15
2 1
1 31
2 1
1 59
2 1
1 2
2 2
1 46
2 2
1 67
2 1
1 166
0 1
1 12
2 1
1 97
2 1
1 233
2 2
1 116
0 1
1 5
0 1
1 1
2 1
0 1
1 116
0 1
2 1
1 107
0 1
2 1
1 6
2 1
1 109
2 1
1 4
2 1
1 1
2 1
0 1
1 78
2 1
1 38
2 1
1 77
2 1
1 149
2 2
1 5
2 1
1 104
0 1
1 1
2 1
1 14
2 1
1 76
2 1
1 21
0 1
1 1
2 1
1 15
2 1
1 78
2 1
1 21
2 1
1 2
2 1
1 11
2 1
1 2
2 1
1 73
0 1
1 4
2 1
1 17
2 2
1 2
2 1
1 15
2 1
1 74
2 1
1 3
2 1
1 5
0 1
1 3
0 1
1 7
2 1
1 2
2 1
1 8
2 1
1 6
2 1
1 74
2 1
1 2
2 1
1 2
0 1
1 5
2 2
1 2
2 1
0 1
1 8
2 1
1 101
2 1
1 6
2 1
1 1
0 1
1 4
2 1
1 106
2 1
1 2
2 1
1 2
2 1
0 1
1 117
2 1
1 18
2 1
1 97
2 1
1 2
2 1
0 1
1 5
2 1
1 18
2 1
1 89
2 1
1 2
2 1
1 116
2 1
1 57
2 5
1 80
2 2
1 23
2 1
1 15
2 2
1 74
0 1
1 3
2 1
1 39
0 1
1 164
2 1
1 24
2 1
1 1
2 1
1 5
2 1
1 27
2 4
1 106
2 2
1 15
2 2
1 95
2 1
1 24
2 2
1 119
2 1
1 182
2 1
1 9
2 1
1 105
2 2
1 115
2 1
1 114
2 2
1 114
2 2
1 105
HH 7424
1 647
2 1
1 116
2 1
1 119
2 1
1 1528
2 1
1 1
2 1
1 116
2 1
1 9
2 1
1 2
2 1
1 102
2 1
1 119
0 1
2 1
1 9
2 2
1 100
2 1
1 4
2 1
1 2
2 1
1 7
2 1
0 1
2 1
1 2
2 2
1 94
2 2
1 2
2 2
1 14
2 1
1 97
2 2
0 1
3 1
1 2
2 4
1 1
2 1
1 4
2 2
1 1
2 1
1 1
2 1
1 97
0 1
3 1
1 2
3 1
1 10
2 2
1 2
2 1
0 1
2 1
1 91
2 3
1 2
2 1
1 2
2 1
0 1
2 1
1 1
2 1
1 2
2 1
1 5
2 1
1 1
0 1
2 2
1 1
2 1
1 2
2 2
1 88
2 2
1 2
2 1
1 1
0 1
3 1
0 1
2 1
1 10
3 1
2 1
0 1
2 2
0 1
3 1
1 1
2 2
1 88
0 1
2 3
0 1
1 1
2 1
1 1
2 1
1 10
2 1
1 1
2 2
0 1
2 2
0 1
3 1
2 2
1 86
2 1
0 1
2 3
0 1
2 2
1 1
2 1
1 2
2 2
1 6
2 3
1 1
2 2
0 1
2 1
1 1
0 1
3 1
1 84
2 1
1 2
0 1
2 2
1 1
0 1
2 1
1 1
2 2
1 2
2 1
1 8
2 1
1 2
2 1
1 2
2 1
1 4
3 1
1 2
2 1
1 82
0 1
2 1
1 1
2 1
0 1
2 1
0 1
3 1
1 1
2 1
1 1
2 1
1 2
2 2
1 9
2 1
1 2
3 1
2 1
1 1
2 1
0 1
2 1
1 81
2 1
1 1
0 1
2 2
1 1
2 1
1 2
2 1
1 1
2 1
1 1
2 2
1 10
2 2
1 1
2 2
1 2
2 1
1 2
2 1
1 1
2 1
1 80
2 1
0 1
2 1
1 4
3 1
2 1
1 1
2 1
1 4
2 1
1 8
2 2
1 2
2 3
0 1
2 1
1 1
2 1
1 1
2 2
1 79
2 1
0 1
2 2
1 3
2 1
1 1
2 1
1 1
2 1
1 1
2 1
1 2
2 1
1 8
2 1
1 4
2 1
1 1
2 1
0 1
3 1
1 1
2 1
1 2
3 1
2 1
1 1
2 1
1 75
0 1
2 1
1 2
2 1
1 1
2 1
1 1
2 1
1 1
2 1
1 1
2 2
1 1
2 1
1 1
2 1
1 1
2 6
1 2
2 1
1 1
2 1
1 1
2 1
1 1
2 1
1 2
2 1
1 1
2 1
0 1
3 1
1 1
2 1
1 1
2 1
1 72
0 1
3 1
1 2
2 1
1 1
2 3
1 2
2 1
1 1
2 1
1 12
2 1
1 1
2 1
1 1
2 2
1 1
2 1
1 1
2 1
1 2
2 1
1 2
0 1
3 1
1 1
2 1
1 71
2 1
0 1
3 1
1 2
2 1
1 1
2 2
1 1
2 1
1 1
2 1
1 1
3 1
0 1
1 1
2 2
1 12
2 1
1 1
2 2
1 1
2 1
1 1
2 4
1 2
0 1
2 1
1 70
2 1
1 1
0 1
3 1
1 4
2 1
1 2
2 1
1 2
2 2
1 2
2 1
1 1
2 1
1 2
2 2
1 2
2 2
1 1
2 1
1 3
3 1
1 1
2 2
1 1
2 1
1 1
2 1
1 4
2 1
0 1
2 3
1 2
2 1
1 64
2 1
0 1
3 1
1 2
2 1
1 1
2 1
1 1
2 1
1 3
3 1
0 1
1 1
2 1
1 2
2 3
1 8
2 2
1 1
2 2
3 1
1 2
2 1
1 1
2 1
1 8
2 1
1 2
2 1
1 63
2 2
0 1
3 1
1 2
2 1
1 1
2 1
1 1
2 1
1 3
2 1
0 1
2 1
1 3
3 1
1 4
2 2
1 9
2 1
1 1
3 1
1 1
2 2
1 1
2 1
1 4
2 1
1 1
2 3
1 66
0 1
3 1
1 2
2 1
1 1
2 1
1 3
2 4
1 3
2 2
0 1
2 1
1 15
2 2
3 1
1 1
2 1
1 1
2 1
1 4
2 3
1 1
3 1
1 1
2 1
1 60
2 1
1 2
0 1
2 1
1 2
2 1
1 1
2 1
1 4
2 2
1 1
2 1
1 2
3 1
2 1
0 1
1 2
2 5
1 8
2 1
1 2
2 1
1 1
2 1
1 1
2 1
1 6
2 1
1 3
3 1
1 60
2 1
1 1
2 1
0 1
3 1
2 1
1 1
2 1
1 1
2 1
1 1
2 1
1 3
2 1
1 3
2 2
1 3
3 1
1 1
2 1
1 9
2 5
1 1
0 1
2 1
1 2
2 1
1 7
2 1
1 1
2 1
0 1
3 1
2 1
1 59
2 1
0 1
3 1
1 2
2 1
1 1
2 1
1 5
2 1
1 3
2 1
3 1
1 2
0 1
3 1
2 1
1 2
2 1
1 12
3 1
2 1
1 1
0 1
2 1
1 1
2 1
1 8
2 1
1 1
2 1
0 1
2 1
1 59
0 1
2 1
1 2
2 1
1 1
2 1
1 1
2 1
1 4
2 1
1 2
2 2
1 3
2 2
1 1
2 1
1 1
2 1
1 9
2 2
1 1
0 1
3 1
2 1
1 1
0 1
3 1
1 7
2 1
1 2
2 1
1 2
0 1
1 59
2 1
1 2
2 1
1 1
2 1
1 5
2 1
1 1
2 1
1 2
2 1
1 2
3 1
2 2
1 2
2 1
1 1
2 1
1 5
2 3
1 2
2 1
1 1
2 1
0 1
3 1
2 1
1 1
0 1
2 3
1 1
2 1
1 6
2 1
1 1
2 1
0 1
2 3
1 52
2 1
1 1
2 2
1 3
2 1
1 1
2 1
1 3
2 1
1 3
2 1
1 1
2 1
0 1
3 1
2 1
1 2
2 1
1 2
2 1
1 9
2 2
1 2
2 2
1 1
3 1
1 1
2 1
1 1
2 1
1 1
2 1
1 1
2 1
1 6
2 1
1 56
2 1
1 1
3 1
1 2
2 1
1 1
2 1
1 5
2 1
1 2
2 4
1 1
2 2
1 1
2 1
1 1
2 1
1 2
2 2
1 9
2 1
1 4
2 1
1 1
2 2
1 1
2 1
1 2
2 1
1 5
2 1
1 1
2 2
1 2
2 1
1 53
3 1
1 4
2 1
1 1
2 1
1 3
2 1
1 2
2 1
1 1
2 1
1 1
2 3
1 3
2 1
1 1
2 1
1 2
2 1
1 8
2 1
1 4
2 1
1 1
2 2
1 1
2 2
1 1
2 1
1 1
2 1
1 5
2 1
1 1
2 1
1 1
2 1
1 1
3 1
1 51
2 2
1 1
2 1
1 1
2 1
1 5
2 2
1 1
2 1
1 1
2 1
1 1
2 2
1 2
2 3
1 1
2 1
1 2
2 1
1 15
2 1
1 1
2 2
1 1
2 1
1 1
2 1
1 2
2 1
1 1
2 1
1 7
2 1
1 1
3 1
2 1
1 46
2 1
1 2
2 1
1 1
2 1
1 1
2 1
1 5
2 1
1 2
2 1
1 1
2 1
1 1
2 2
1 3
2 1
1 2
2 1
1 1
2 1
1 1
2 1
1 11
2 2
1 3
2 1
1 1
2 1
1 1
0 1
2 1
1 3
2 1
1 8
2 1
1 1
2 1
0 1
3 1
2 2
1 42
2 2
1 1
2 1
1 2
2 1
1 2
2 1
1 1
2 1
1 2
2 1
1 2
2 1
1 1
2 2
1 1
2 1
1 3
2 1
1 1
2 2
1 1
2 1
1 1
2 1
1 12
2 3
1 1
2 1
1 1
2 1
1 1
2 1
1 1
2 1
1 2
2 1
1 2
2 1
1 7
2 1
1 1
2 1
0 1
2 1
1 45
2 1
0 1
3 1
2 2
1 1
2 1
1 1
2 1
1 2
2 1
1 2
2 1
1 1
2 1
1 1
2 1
1 1
2 2
1 1
2 1
1 1
2 1
1 2
2 1
1 3
2 2
1 14
2 2
1 1
2 1
0 1
3 1
1 2
2 1
1 1
2 1
1 10
2 1
1 48
0 1
2 2
1 1
2 1
1 5
2 1
1 4
2 1
1 1
2 1
1 1
2 1
1 1
2 1
1 1
2 2
1 1
2 1
1 2
2 1
1 16
2 1
1 1
2 1
1 3
2 1
1 1
2 1
1 2
2 1
1 7
2 1
1 4
2 1
1 4
2 3
1 39
0 1
2 1
1 3
2 1
1 9
2 1
1 1
2 1
1 1
2 2
1 2
2 2
1 1
2 1
1 2
3 1
0 1
1 17
2 1
1 1
2 3
1 1
2 1
1 2
2 1
1 3
2 1
1 1
2 1
1 1
2 1
1 7
2 1
1 1
3 1
1 1
2 2
1 38
0 1
2 3
1 1
2 1
1 1
2 2
1 1
2 2
1 1
2 3
1 1
2 1
1 1
2 1
1 3
2 1
1 2
2 1
1 2
3 1
0 1
2 1
1 16
2 2
1 2
2 1
1 1
2 1
1 1
2 1
1 2
2 1
1 5
2 1
1 1
2 1
1 4
2 1
1 2
2 1
0 1
3 1
1 40
3 1
2 2
1 1
2 1
1 1
2 1
1 2
2 1
1 2
2 1
1 1
2 1
1 1
2 1
1 1
2 1
1 1
2 1
1 1
2 1
1 1
2 2
1 2
2 1
1 22
2 1
1 1
2 1
1 1
2 1
1 1
2 1
1 6
2 1
1 1
2 1
1 6
2 2
1 1
2 1
0 1
3 1
1 35
2 1
1 2
3 1
2 1
1 9
2 1
1 2
2 1
1 1
2 1
1 1
2 1
1 1
2 5
1 2
3 1
1 18
2 1
1 4
2 2
1 2
2 1
1 1
2 1
1 1
2 2
1 1
2 1
1 1
2 3
1 1
2 1
1 2
2 1
1 6
2 1
0 1
2 2
1 1
2 2
1 32
3 1
2 1
1 7
2 2
1 2
2 2
1 1
2 1
1 1
2 1
1 1
2 1
1 2
2 1
1 3
3 1
0 1
1 24
2 2
1 2
2 1
1 1
2 1
1 1
2 2
1 1
2 1
1 5
2 1
1 2
2 1
1 4
2 1
1 1
2 1
0 1
2 1
1 34
2 3
1 6
2 1
1 4
2 1
1 1
2 1
1 1
2 1
1 1
2 1
1 1
2 1
1 1
2 1
1 2
3 1
1 8
2 2
1 12
2 1
1 2
2 1
1 2
2 1
1 2
2 1
1 1
2 1
1 4
2 1
1 1
2 1
1 1
2 1
1 1
2 1
1 7
2 1
1 1
2 1
1 1
2 1
1 32
3 1
2 2
1 1
2 1
1 4
2 1
1 4
2 1
1 1
2 1
1 1
2 1
1 4
2 1
1 1
2 1
1 1
2 2
1 1
2 1
1 20
2 1
1 6
2 1
1 2
2 1
1 1
2 1
1 1
2 2
1 3
2 1
1 1
2 1
1 2
2 1
1 4
2 1
1 4
2 1
1 31
2 3
1 1
2 1
1 1
2 2
1 3
2 1
1 2
2 1
1 1
2 3
1 2
2 2
1 1
2 1
1 2
2 1
1 3
2 1
1 3
2 2
1 1
2 3
1 15
2 1
1 3
2 1
1 1
2 2
1 6
2 1
1 2
2 2
1 1
2 1
1 7
2 1
1 2
3 1
1 2
2 1
1 26
2 2
1 2
2 1
1 1
2 1
1 2
2 1
1 2
2 3
1 1
2 1
1 1
2 1
1 5
2 1
1 1
2 1
1 1
2 1
1 2
2 1
1 1
2 1
1 1
2 2
1 4
2 1
1 13
2 1
1 1
2 2
1 1
2 1
1 1
2 3
1 11
2 1
1 10
2 1
0 1
3 1
1 2
2 1
1 24
2 1
1 1
2 1
1 1
2 1
1 1
2 1
1 2
2 1
1 1
2 1
1 2
2 1
1 3
2 1
1 6
2 3
1 3
2 1
1 3
2 2
1 2
2 1
1 17
2 1
1 1
2 2
1 2
2 1
1 1
2 1
1 7
2 1
1 1
2 2
1 2
2 1
1 2
2 1
1 4
2 1
1 1
2 1
0 1
3 1
1 25
2 3
1 1
2 1
1 3
2 1
1 2
2 1
1 2
2 1
1 2
2 2
1 5
2 1
1 1
2 3
1 3
2 1
1 1
2 3
1 2
2 2
1 17
2 1
1 2
2 2
1 3
2 1
1 5
2 1
1 2
2 1
1 1
2 1
1 2
2 1
1 7
2 2
1 1
2 1
0 1
2 1
1 24
2 2
1 1
2 1
1 4
2 1
1 1
2 1
1 2
2 1
1 1
2 2
1 2
2 1
1 1
2 1
1 1
2 1
1 1
2 1
1 2
2 1
1 1
2 2
1 1
2 3
1 22
2 2
1 3
2 1
1 1
2 2
1 1
2 1
1 1
2 1
1 5
2 1
1 1
2 1
1 2
2 1
1 8
2 1
1 1
2 1
1 1
2 2
1 3
2 1
1 17
2 2
1 1
2 1
1 6
2 1
1 1
2 2
1 2
2 1
1 2
2 1
1 6
2 1
1 2
2 2
1 2
2 2
1 2
2 1
1 19
2 1
1 3
2 2
1 2
2 1
1 2
2 2
1 1
2 1
1 6
2 1
1 1
2 1
1 1
2 2
1 8
2 1
1 24
2 1
1 2
2 1
1 1
2 1
1 3
2 2
1 1
2 1
1 3
2 1
1 5
2 1
1 2
2 2
1 1
2 1
1 4
2 2
1 1
2 1
1 4
2 1
1 21
2 2
1 2
2 1
1 1
2 1
1 3
2 1
1 6
2 1
1 1
2 4
1 11
2 1
1 19
2 2
1 1
2 1
1 1
2 1
1 6
2 1
1 3
2 2
1 6
2 2
1 1
2 4
1 1
2 2
1 1
2 1
1 1
2 1
1 1
2 1
1 2
2 1
1 18
2 2
1 2
2 1
1 3
2 2
1 11
2 1
1 1
2 1
1 1
2 1
1 4
2 1
1 1
2 1
1 1
2 3
1 1
3 1
1 2
2 1
1 10
2 1
1 2
0 1
2 2
1 1
2 1
1 2
2 1
1 4
2 1
1 4
2 1
1 1
2 1
1 3
2 1
1 1
2 1
1 1
2 1
1 1
2 1
1 2
2 1
1 5
2 1
1 1
2 1
0 1
2 3
1 16
2 2
1 5
2 2
1 2
2 1
1 1
2 1
1 1
2 1
1 1
2 1
1 6
2 1
1 1
2 1
1 2
2 3
1 3
2 1
1 1
2 1
1 2
0 1
3 1
1 1
2 1
1 12
0 1
2 2
1 1
2 1
1 2
2 1
1 5
2 1
1 2
2 1
1 5
2 1
1 2
2 1
1 2
2 1
1 1
2 1
1 2
2 1
1 5
2 1
1 1
0 1
3 1
1 1
2 1
1 17
2 1
1 1
2 1
1 2
2 1
1 2
2 2
1 3
2 1
1 1
2 2
1 1
2 1
1 3
2 1
1 2
2 1
1 1
2 1
1 1
2 2
1 5
2 1
1 1
2 1
1 1
2 1
0 1
3 1
1 12
0 1
2 2
1 1
2 1
1 5
2 2
1 1
2 2
1 7
2 1
1 2
2 1
1 4
2 3
1 8
2 2
1 1
2 1
1 1
2 1
1 17
2 2
1 1
2 1
0 1
2 1
1 2
2 2
1 1
2 1
1 2
2 2
1 2
2 1
1 3
2 2
1 1
2 1
1 1
2 1
1 2
2 1
1 5
2 1
1 1
2 1
1 1
2 1
0 1
3 1
1 10
0 1
2 2
1 1
2 1
1 5
2 1
1 8
2 2
1 1
2 1
1 2
2 1
1 2
2 1
1 1
2 1
1 2
2 2
1 1
2 1
1 3
0 1
3 1
1 1
2 1
1 2
2 1
1 17
2 1
1 2
2 1
1 1
2 1
0 1
3 1
1 1
2 1
1 2
2 1
1 4
2 1
1 2
2 1
1 2
2 1
1 1
2 1
1 1
2 1
1 2
2 1
1 5
2 1
1 14
2 1
1 1
0 1
2 2
1 1
2 1
1 7
2 1
1 1
2 1
1 1
2 2
1 1
2 1
1 1
2 3
1 1
2 1
1 5
2 1
1 1
2 1
1 1
2 1
1 1
2 1
1 3
2 1
1 1
2 1
1 3
2 2
1 17
2 1
1 2
2 1
1 1
2 1
0 1
3 1
1 3
2 1
1 1
2 1
1 1
2 1
1 3
2 1
1 3
2 1
1 3
2 1
1 1
2 1
1 10
2 1
1 1
2 1
1 1
2 2
1 5
0 1
2 2
1 1
2 1
1 4
2 1
1 4
2 1
1 4
2 1
1 1
2 1
1 1
2 1
1 1
2 1
1 1
2 1
1 1
2 2
1 2
2 1
1 1
2 2
1 1
2 1
0 1
3 1
1 1
2 1
1 7
2 1
1 1
2 1
1 13
2 1
1 4
2 1
1 2
0 1
3 1
1 1
2 1
1 2
2 1
1 6
2 1
1 3
2 1
1 1
2 1
1 13
2 2
1 2
2 1
1 1
2 1
1 3
0 1
2 1
1 2
2 3
1 2
2 1
1 1
2 2
1 3
2 1
1 4
2 1
1 1
2 1
1 1
2 1
1 3
2 1
1 2
2 1
1 4
2 1
1 2
2 1
1 1
2 1
1 1
2 1
1 1
2 1
1 5
2 1
1 1
2 1
1 14
2 1
1 4
2 2
1 1
3 1
1 4
2 2
1 2
2 1
1 2
2 3
1 1
2 1
1 2
2 1
1 2
2 1
1 2
2 1
1 4
2 1
1 1
2 1
1 3
3 1
1 3
0 1
2 2
1 1
2 1
1 1
2 1
1 2
2 1
1 5
2 5
1 1
2 1
1 1
2 1
1 1
2 1
1 1
2 1
1 1
2 1
1 2
2 1
1 2
2 1
1 1
2 1
0 1
3 1
2 1
1 9
2 2
1 2
2 1
1 9
2 2
1 3
2 1
1 3
2 1
1 2
2 1
1 2
2 1
1 1
2 1
1 1
2 2
1 2
2 1
1 1
2 1
1 3
2 1
1 1
2 4
1 10
2 1
1 1
2 1
1 1
2 1
1 1
3 1
1 2
2 2
1 1
2 1
1 4
2 1
1 2
2 1
1 1
2 1
1 1
2 1
1 1
0 1
2 1
1 1
2 1
1 1
2 1
0 1
2 1
1 1
2 3
1 2
2 1
1 1
2 2
1 1
2 1
1 1
2 1
1 1
2 1
1 2
2 1
1 3
2 1
1 1
2 1
1 1
2 3
1 11
2 1
1 6
2 1
1 4
2 1
1 1
2 3
1 1
2 1
1 1
2 1
1 4
2 1
1 1
2 1
1 7
2 1
1 2
2 1
1 8
2 1
1 1
2 1
1 1
3 1
1 1
2 1
1 6
2 1
1 2
2 1
1 1
2 1
1 1
2 4
1 5
2 1
1 1
2 1
1 1
2 2
1 1
2 1
1 1
2 2
1 1
2 1
1 1
2 1
1 1
2 1
1 4
2 1
1 2
2 1
1 1
2 1
1 1
2 1
1 1
2 3
1 10
2 1
1 2
2 1
1 3
2 1
1 1
2 1
1 2
2 1
1 3
2 1
1 1
2 1
1 1
2 1
1 2
2 3
0 1
2 1
1 2
2 1
1 1
2 2
1 2
2 1
1 10
2 1
1 1
2 1
0 1
3 1
1 1
2 2
1 5
2 4
1 2
2 1
1 3
2 1
1 3
2 2
1 1
2 2
1 2
2 1
1 1
2 2
1 1
2 1
1 1
2 2
1 3
2 1
1 2
2 1
1 1
2 1
1 1
2 1
1 2
2 1
1 3
2 1
1 17
2 2
1 4
2 1
1 1
2 1
1 3
2 1
1 1
2 2
1 2
2 2
0 1
2 1
1 2
2 1
1 1
2 1
1 1
2 1
1 1
2 1
1 2
2 2
1 4
2 1
1 1
2 1
1 1
2 1
0 1
2 1
1 2
2 1
1 5
2 1
1 3
2 1
1 1
2 1
1 1
2 1
1 1
2 1
1 2
2 1
1 7
2 1
1 2
2 1
1 2
2 1
1 1
2 1
1 1
2 1
1 2
2 2
1 1
2 3
1 18
2 1
1 6
2 1
1 5
2 1
1 1
2 2
1 2
2 1
1 2
2 1
1 1
2 1
1 1
2 1
1 1
2 1
1 1
2 1
1 2
2 1
1 1
2 1
1 2
2 3
1 7
2 1
1 1
2 1
1 4
2 1
1 4
2 1
1 2
2 1
1 1
2 1
1 1
2 1
1 2
2 3
1 2
2 2
1 1
2 1
1 1
2 1
1 5
2 1
1 1
2 1
1 1
2 2
1 2
2 1
1 1
3 1
1 1
2 1
1 1
2 1
1 22
2 2
1 1
2 2
1 1
2 1
1 2
2 1
1 7
2 1
1 4
2 1
0 1
2 1
1 2
2 2
1 2
2 1
1 3
2 2
1 7
2 1
1 6
2 1
1 2
2 1
1 2
2 1
1 4
2 1
1 1
2 1
1 1
2 1
1 3
2 3
1 1
2 2
1 4
2 1
1 1
2 1
1 1
2 1
1 1
2 2
1 1
2 1
1 1
2 1
1 1
2 2
1 23
2 3
1 1
2 1
1 2
2 1
1 2
2 1
1 5
2 1
1 1
2 1
1 1
2 2
1 1
2 1
1 1
2 1
1 3
2 1
1 2
2 1
1 4
2 1
1 7
2 1
1 6
2 2
1 2
2 1
1 4
2 1
1 1
2 1
1 1
2 1
0 1
1 1
2 1
1 1
2 1
1 2
2 2
1 7
2 1
1 2
2 2
1 1
3 1
1 2
2 1
1 3
2 2
1 21
2 2
1 1
2 1
1 1
2 1
1 4
2 1
1 6
2 1
1 1
2 2
1 1
2 1
1 1
2 1
1 1
2 1
1 2
2 1
1 3
2 1
1 5
2 1
1 5
2 1
1 6
2 1
1 2
2 1
1 1
2 2
1 1
2 2
1 1
2 4
1 1
2 2
1 1
2 2
1 6
2 1
1 4
2 1
1 1
2 3
1 1
2 2
1 2
2 1
1 23
2 1
1 3
2 1
1 1
2 1
1 1
2 1
1 9
2 1
1 2
2 1
1 1
2 1
1 3
2 2
1 2
2 1
1 2
2 1
1 3
2 1
1 7
2 1
1 2
2 1
1 1
2 1
1 8
2 1
1 1
2 1
1 1
2 3
1 1
2 1
1 1
2 2
1 8
2 1
1 4
2 1
1 2
2 1
1 1
2 1
1 1
2 1
1 1
2 1
1 4
2 1
1 11
2 1
1 1
2 1
1 1
2 1
1 1
2 1
1 2
2 1
1 2
2 2
1 2
2 2
1 1
2 1
1 4
2 1
1 1
2 1
1 2
2 1
1 2
2 1
1 6
2 2
1 1
2 1
1 1
2 1
1 4
2 1
1 4
2 1
1 1
2 3
1 1
2 1
1 6
2 1
1 1
2 2
1 3
2 1
1 1
2 2
1 5
2 2
1 1
2 1
1 3
2 1
1 1
2 1
1 1
2 2
1 2
2 1
1 5
2 1
1 14
2 1
1 1
2 1
1 1
2 1
1 1
2 1
1 5
2 2
1 1
2 1
1 1
2 1
1 8
2 1
1 4
2 3
1 6
2 1
1 1
2 1
1 3
2 1
1 2
2 1
1 2
2 1
1 2
2 2
1 1
2 1
1 6
2 1
1 4
2 1
1 1
2 1
1 1
2 2
1 11
2 2
1 3
2 1
1 2
2 1
1 2
2 1
1 1
2 1
1 1
2 1
1 1
2 1
1 1
2 1
1 9
2 1
1 2
2 1
1 1
2 1
1 1
2 2
1 6
2 2
1 1
2 3
1 3
2 1
1 1
2 1
1 2
2 1
1 1
2 2
1 3
2 1
1 2
2 2
1 2
2 1
1 2
2 1
1 2
2 1
1 4
2 1
1 1
2 2
1 1
2 2
1 5
2 1
1 2
2 1
1 3
2 1
0 1
2 1
1 7
2 1
1 2
2 1
1 1
2 3
1 1
2 2
1 2
2 1
1 4
2 1
1 1
2 1
1 1
2 1
1 1
2 1
1 1
2 1
1 17
2 1
1 1
2 1
1 2
2 1
1 2
2 1
1 1
2 1
1 2
2 1
1 2
2 1
1 1
2 1
1 2
2 1
1 1
2 1
1 1
2 1
1 1
2 3
1 2
2 1
1 5
2 2
1 2
2 1
1 4
2 1
1 1
2 1
1 4
2 1
1 1
2 1
1 3
2 2
1 1
2 1
1 1
2 2
1 4
2 1
1 2
2 1
1 1
2 1
1 1
2 1
1 2
2 1
1 1
2 1
1 1
2 1
1 2
2 1
1 1
2 1
1 1
2 1
1 27
2 2
1 5
2 1
1 1
2 1
1 4
2 1
1 3
2 1
1 1
2 1
1 1
2 1
1 1
2 2
1 1
2 1
1 1
2 1
1 1
2 1
1 1
2 1
1 1
2 1
1 1
2 1
1 2
2 1
1 3
2 1
1 1
2 1
1 4
2 1
1 1
2 2
1 1
2 1
1 3
2 1
1 1
2 1
1 5
2 1
1 1
2 2
1 1
2 1
1 1
2 1
1 2
2 1
1 3
2 1
1 6
2 1
1 4
2 3
1 18
2 1
1 1
2 1
1 1
2 1
1 1
2 1
1 1
2 1
1 2
2 1
1 3
2 2
1 1
2 1
1 3
2 1
1 1
2 1
1 1
2 1
1 2
2 2
1 2
2 1
1 1
2 1
1 1
2 1
1 4
2 1
1 1
2 1
1 1
2 1
1 1
2 1
1 1
2 1
1 4
2 1
1 4
2 3
1 1
2 1
1 10
2 1
1 1
2 3
1 3
2 1
1 2
2 1
1 1
2 1
1 1
2 1
1 2
2 1
1 4
2 2
1 19
2 1
0 1
2 1
1 1
2 1
1 1
2 1
1 4
2 1
1 2
2 1
1 1
2 1
1 1
2 2
1 2
2 1
1 1
2 1
1 1
2 1
1 1
2 1
1 1
2 1
1 2
2 1
1 2
2 1
1 1
2 2
1 1
2 1
1 4
2 1
1 1
2 1
1 1
2 1
1 2
2 1
1 1
2 1
1 1
2 1
1 2
2 1
1 1
2 2
1 5
2 1
1 1
2 1
1 1
2 1
1 1
2 1
1 2
2 1
1 2
2 1
1 3
2 1
1 1
2 2
1 1
2 1
1 1
2 1
1 25
2 2
1 1
2 1
1 1
2 3
1 2
2 1
1 1
2 2
1 3
2 1
1 2
2 1
1 4
2 1
1 1
2 2
1 3
2 1
1 1
2 2
1 4
2 1
1 8
2 1
1 2
2 1
1 1
2 2
1 1
2 1
1 1
2 1
1 1
2 2
1 2
2 1
1 1
2 2
1 2
2 1
1 2
2 1
1 3
2 1
1 1
2 1
1 1
2 1
1 1
2 1
1 1
3 1
1 34
2 1
0 1
2 1
1 1
2 1
1 5
2 2
1 1
2 2
1 8
2 1
1 2
2 1
1 4
2 2
1 4
2 1
1 1
2 1
1 5
2 1
1 5
2 1
1 1
2 1
1 1
2 2
1 1
2 1
1 2
2 1
1 1
2 1
1 1
2 1
1 1
2 1
1 2
2 1
1 2
2 1
1 1
2 1
1 1
2 1
1 1
2 1
1 1
2 2
1 1
2 1
1 34
2 1
0 1
2 1
0 1
2 1
1 1
2 1
1 2
2 1
1 3
2 2
1 5
2 1
1 2
2 1
1 5
2 1
1 2
2 1
1 2
2 1
1 1
2 1
1 2
2 1
1 2
2 1
1 2
2 1
1 1
2 3
1 3
2 1
1 1
2 1
1 2
2 1
1 1
2 1
1 1
2 1
1 1
2 1
1 2
2 1
1 2
2 1
1 2
2 2
1 3
3 1
1 2
2 1
1 1
2 1
1 33
2 2
1 1
2 1
1 1
2 1
1 5
2 2
1 1
2 1
1 5
2 1
1 3
2 1
1 2
2 1
1 2
2 2
1 1
2 1
1 1
2 1
1 1
2 1
1 1
2 1
1 1
2 2
1 2
2 1
1 1
2 1
1 1
2 1
1 1
2 1
1 2
2 2
1 2
2 1
1 3
2 1
1 1
2 1
1 1
2 2
1 2
2 1
1 4
2 1
1 3
2 1
1 1
2 1
1 2
2 1
1 34
2 1
1 1
2 1
0 1
2 3
1 4
2 1
1 9
2 1
1 2
2 2
0 1
2 1
1 2
2 1
1 2
2 2
1 1
2 1
1 1
2 1
1 3
2 1
1 4
2 2
1 2
2 1
1 1
2 1
1 2
2 1
1 3
2 1
1 1
2 1
1 1
2 1
1 6
2 1
1 2
2 1
1 1
2 1
1 44
2 1
1 9
2 1
1 1
2 1
1 8
2 1
1 10
2 1
1 1
2 1
1 1
2 1
1 1
2 1
1 1
2 2
1 3
2 1
1 1
2 1
1 1
2 1
1 2
2 2
1 4
2 1
1 1
2 2
1 1
2 4
1 1
2 2
1 1
2 1
1 1
2 2
1 8
2 1
1 33
2 2
1 2
2 1
1 3
2 1
1 2
2 2
1 1
2 1
1 3
2 1
1 1
2 1
1 2
2 1
1 4
2 4
1 5
2 2
1 1
2 1
1 2
2 2
1 2
2 1
1 4
2 1
1 2
2 1
1 2
2 1
1 1
2 1
1 2
2 2
1 4
2 2
1 3
2 2
1 8
2 1
1 37
2 1
1 7
2 2
1 1
2 1
1 2
2 1
1 5
2 2
1 6
2 1
1 2
2 3
1 2
2 1
1 1
2 1
1 2
2 1
1 1
2 1
1 1
2 2
1 3
2 2
1 3
2 1
1 2
2 1
1 2
2 1
1 4
2 1
1 4
2 1
1 3
2 1
1 4
2 1
1 36
2 1
1 4
2 1
1 2
2 1
1 1
2 1
1 4
2 1
1 5
2 1
1 1
2 1
1 1
2 1
1 2
2 1
1 1
2 1
1 12
2 1
1 1
2 1
1 4
2 1
1 1
2 2
1 5
2 1
1 1
2 1
1 3
2 1
1 1
2 2
1 18
2 1
1 29
2 2
1 1
2 1
1 1
2 2
1 1
2 3
1 2
2 1
1 1
2 1
1 6
2 1
1 1
2 1
1 3
2 1
1 2
2 2
1 2
2 4
1 5
2 1
1 5
2 1
1 1
2 1
1 2
2 1
1 1
2 2
1 4
2 2
1 4
2 1
1 1
2 1
1 8
2 1
1 8
2 2
1 13
2 1
1 13
2 2
1 1
2 1
1 1
2 1
1 4
2 2
1 3
2 1
1 2
2 2
1 5
2 1
1 8
2 1
1 1
2 1
1 2
2 1
1 5
2 1
1 1
2 1
1 1
2 1
1 1
2 1
1 1
2 1
1 2
2 1
1 2
2 2
1 2
2 4
1 2
2 1
1 1
2 2
1 7
2 2
1 1
2 1
1 7
2 1
1 12
2 1
1 13
2 2
1 7
2 1
1 4
2 2
1 4
2 2
1 1
2 1
1 1
2 1
1 4
2 3
1 2
2 1
1 2
2 1
1 7
2 3
1 6
2 2
1 2
2 1
1 1
3 1
1 4
2 1
1 4
2 2
1 6
2 1
1 2
2 1
1 5
2 1
1 29
2 1
1 6
2 3
1 4
2 1
1 1
2 1
1 5
2 1
1 1
2 1
1 1
2 1
1 1
2 1
1 5
2 3
1 2
2 1
1 2
2 1
1 1
2 1
1 1
2 1
0 1
2 1
1 1
2 1
1 2
2 1
1 3
2 2
1 1
2 1
1 1
2 2
0 1
1 1
2 1
1 5
2 1
1 2
2 1
1 1
2 2
1 2
2 1
1 1
2 1
1 4
2 1
1 20
2 1
1 1
2 2
1 1
2 1
1 2
2 1
1 3
2 3
1 1
2 1
1 3
2 1
1 1
2 1
1 1
2 1
1 2
2 1
1 3
2 1
1 2
2 1
1 2
2 2
1 2
2 1
1 4
2 2
1 2
2 1
1 1
2 1
1 1
2 1
1 1
2 1
1 2
2 1
1 1
2 1
1 2
2 1
1 5
2 2
0 1
2 1
1 2
2 2
1 7
2 1
1 2
2 2
1 7
2 1
1 20
2 1
1 2
2 1
1 1
2 1
1 6
2 5
1 4
2 1
1 1
2 1
1 1
2 2
1 1
2 1
1 3
2 1
1 3
2 1
1 2
2 1
1 2
2 1
1 1
2 2
1 2
2 1
1 2
2 2
1 2
2 1
1 1
2 1
1 2
2 1
1 1
2 2
1 2
2 1
1 3
2 1
1 1
2 1
1 1
2 1
1 2
2 1
1 1
2 1
1 2
2 3
1 2
2 1
1 2
2 1
1 1
2 1
1 4
2 1
1 21
2 1
1 2
2 1
1 1
2 1
1 4
2 3
1 1
2 1
1 1
2 2
1 1
2 1
1 1
2 1
1 1
2 1
1 1
2 1
1 2
2 1
1 3
2 1
1 1
2 1
1 4
2 1
1 3
2 1
1 2
2 1
1 2
2 1
1 1
2 2
1 2
2 1
1 2
2 2
1 1
2 2
1 1
2 1
1 2
2 1
1 2
2 4
1 1
2 2
1 1
2 1
1 2
2 1
1 2
2 2
1 1
2 1
1 8
2 1
1 19
2 1
1 1
2 3
0 1
2 2
1 3
2 2
1 1
2 1
1 4
2 2
1 1
2 1
1 1
2 1
1 1
2 1
1 1
2 2
1 1
2 2
1 1
2 1
1 2
2 1
1 1
2 2
1 1
2 1
1 3
2 1
1 3
2 2
1 2
2 2
1 2
2 2
1 2
2 1
1 2
2 1
1 1
2 1
1 2
2 2
1 5
2 1
1 3
2 1
1 2
2 2
1 37
2 1
1 2
2 1
1 1
2 2
1 2
2 1
1 3
2 1
1 5
2 1
1 1
2 2
0 1
2 1
1 3
2 1
1 4
2 1
1 8
2 1
1 1
2 2
1 3
2 1
1 2
2 1
1 2
2 1
1 2
2 1
1 3
2 1
1 1
2 1
1 1
2 2
1 1
2 2
1 1
2 1
1 2
2 1
1 2
2 2
1 2
2 1
1 34
2 1
1 1
2 2
0 1
2 1
1 1
2 1
1 4
2 1
1 2
2 1
1 1
2 1
1 3
2 1
1 1
2 2
1 1
2 1
1 1
2 1
1 2
2 1
1 3
2 1
1 4
2 1
1 3
2 1
1 7
2 1
1 1
2 3
1 1
2 1
1 1
2 3
1 2
2 2
1 1
2 1
1 1
2 2
1 1
2 1
1 3
2 2
1 2
2 1
1 38
2 1
1 1
2 1
0 1
1 1
2 1
1 2
2 2
1 1
2 1
1 2
2 1
1 1
2 3
1 1
2 1
1 1
2 2
1 1
3 1
1 4
2 1
1 2
2 1
1 5
2 1
1 1
2 1
1 1
2 1
1 2
2 2
1 1
3 1
1 1
2 2
1 2
2 1
1 1
2 2
1 1
2 1
1 2
2 1
1 2
2 1
1 4
2 1
1 1
2 1
1 1
2 1
1 1
2 1
1 39
2 2
1 2
2 2
0 1
2 1
1 1
2 2
1 5
2 1
1 1
2 1
1 1
2 1
1 1
2 1
1 2
2 1
0 1
2 1
1 2
2 1
1 1
2 1
1 6
2 1
1 1
2 1
1 1
2 1
1 2
2 1
1 2
2 1
0 1
2 2
1 2
2 1
1 1
2 1
1 2
2 1
1 1
2 2
1 2
2 1
1 7
2 1
1 47
2 3
1 1
2 1
1 1
2 1
1 2
2 1
1 1
2 1
1 1
2 1
1 1
2 1
1 2
2 3
1 1
2 1
1 1
3 1
1 2
2 1
1 5
2 1
1 4
2 1
1 1
2 2
1 1
2 4
1 3
2 1
1 1
2 2
1 2
2 1
1 1
2 2
1 3
2 2
1 5
2 2
1 50
2 1
1 4
2 2
1 3
2 1
1 2
2 1
1 2
2 3
1 2
2 1
1 2
2 1
1 2
2 1
1 6
2 1
1 1
2 1
1 1
2 1
1 3
2 1
1 1
2 1
0 1
2 1
1 4
2 3
1 3
2 2
1 3
2 2
1 3
2 1
1 9
2 1
1 35
2 1
1 3
2 2
1 6
2 1
1 1
2 1
1 1
2 2
1 1
2 1
1 2
2 1
1 1
2 2
1 1
2 1
1 2
2 1
1 3
2 3
1 1
2 1
1 3
2 1
1 1
2 3
1 1
2 1
1 3
2 2
1 2
2 2
1 3
2 2
1 4
2 2
1 3
2 1
1 49
2 1
1 2
2 1
1 5
2 1
1 2
2 1
1 2
2 2
1 2
2 1
1 2
2 1
0 1
2 1
1 1
2 2
1 1
2 1
1 2
2 1
1 2
2 2
1 1
2 3
1 2
2 3
1 1
2 1
1 3
2 2
1 2
2 2
1 4
2 1
1 4
2 1
1 54
2 3
1 4
2 1
1 2
2 1
1 1
2 1
1 1
2 1
1 1
2 2
1 1
2 5
1 1
2 1
1 1
2 3
1 1
2 1
1 7
2 1
1 1
2 1
1 1
2 1
1 1
2 4
1 2
2 1
1 2
2 1
1 1
2 1
1 3
2 1
1 2
2 1
1 11
2 1
1 39
2 1
1 2
2 2
1 1
2 1
1 4
2 1
1 2
2 1
1 1
2 1
1 3
2 1
1 5
2 1
1 2
2 1
1 1
2 1
1 1
2 1
1 2
2 3
1 1
2 1
0 1
1 1
2 1
1 3
2 3
1 2
2 2
1 4
2 1
1 2
2 3
1 2
2 2
1 10
2 1
1 41
2 1
1 1
2 1
1 2
2 1
1 1
2 1
1 2
2 1
1 4
2 1
1 1
2 1
0 1
2 3
1 1
2 1
1 4
2 1
1 1
2 1
1 2
2 1
1 1
2 1
1 1
2 1
1 1
2 1
1 1
2 2
1 2
2 1
1 1
2 1
1 1
2 2
1 1
2 1
1 2
2 1
1 2
2 1
1 2
2 1
1 3
2 1
1 52
2 1
1 5
2 1
1 1
2 1
1 2
2 1
1 2
2 1
1 1
2 4
1 1
2 3
1 2
2 2
1 1
3 1
1 1
2 2
1 1
2 5
1 1
2 1
1 1
2 1
1 2
2 1
1 2
2 1
1 2
2 1
1 6
2 2
1 1
2 1
1 3
2 1
1 7
2 1
1 3
2 1
1 1
2 1
1 3
2 1
1 20
2 1
1 2
2 2
1 8
2 2
1 2
2 2
1 5
2 1
1 2
2 1
1 5
2 1
1 1
2 1
1 1
2 2
1 5
2 1
1 1
2 1
1 2
2 1
1 1
2 1
1 1
2 1
1 1
2 1
1 1
2 2
1 2
2 1
1 2
2 1
1 5
2 1
1 5
2 2
1 9
2 1
1 4
2 1
1 2
2 3
1 1
2 1
1 20
2 1
1 10
2 2
1 1
2 3
1 5
2 2
1 2
2 1
1 3
2 1
1 1
2 1
1 3
2 1
1 1
2 1
1 2
2 1
1 1
2 2
1 2
2 1
1 1
2 1
1 2
2 3
1 2
2 2
1 1
2 1
1 9
2 2
1 3
2 1
1 8
2 1
1 1
2 1
1 2
2 1
1 23
2 2
1 3
2 2
1 9
2 1
1 3
2 1
1 8
2 1
1 2
2 1
1 2
2 1
1 1
2 1
1 2
2 1
1 1
2 4
1 1
2 1
1 1
2 2
1 2
2 1
1 3
2 2
1 3
2 1
1 1
2 1
1 9
2 1
1 15
2 1
1 1
2 2
1 1
2 1
1 3
2 1
1 18
2 1
1 3
2 1
1 15
2 1
1 1
2 1
1 4
2 1
1 2
2 1
1 2
2 1
1 2
2 1
1 1
2 1
1 2
2 1
0 1
1 2
2 1
1 2
2 1
1 2
2 2
1 1
2 1
1 1
2 2
1 1
2 2
1 4
2 1
1 3
2 1
1 2
2 2
1 2
2 2
1 3
2 1
1 2
2 2
1 2
2 1
1 1
2 2
1 1
2 2
1 1
2 1
1 24
2 1
1 1
2 1
1 1
0 1
3 1
1 5
2 1
1 3
2 1
1 15
2 1
1 2
2 1
1 1
2 1
1 1
2 1
1 2
2 1
1 1
2 1
1 3
2 3
1 2
2 2
1 1
2 2
1 5
2 1
1 3
2 1
1 2
2 2
1 2
2 2
1 3
2 1
1 2
2 1
1 4
2 2
1 1
2 1
1 1
2 1
1 26
2 1
1 1
2 1
1 4
2 1
1 7
2 1
1 14
2 1
1 1
2 2
1 1
2 1
1 1
2 1
1 2
2 4
1 2
2 1
1 3
2 2
1 2
2 1
1 9
2 1
1 3
2 1
1 7
2 1
1 2
2 2
1 3
2 2
1 1
2 1
1 4
2 1
1 26
2 1
1 1
2 1
1 1
2 1
1 1
0 1
3 1
1 2
2 1
1 1
2 3
1 2
2 2
1 9
2 1
1 1
2 1
1 1
2 2
1 3
2 1
1 1
2 1
1 3
2 1
1 4
2 2
1 2
2 1
1 8
2 1
1 2
2 1
1 1
2 1
1 1
2 1
1 1
2 2
1 3
2 1
1 2
2 1
1 2
2 2
1 5
2 2
1 1
2 2
1 25
2 1
1 1
2 1
1 1
2 1
1 1
2 1
1 2
2 1
1 2
2 3
1 1
2 3
1 2
2 1
1 7
2 1
1 1
2 1
1 1
2 2
1 1
2 1
1 1
2 1
1 2
2 1
1 1
2 1
1 2
2 1
1 1
2 1
1 1
2 2
1 9
2 1
1 4
2 1
1 1
2 2
1 1
2 1
1 3
2 1
1 1
2 1
1 1
2 2
1 2
2 1
1 5
2 3
1 6
2 1
1 20
2 1
1 1
2 1
1 1
2 1
1 1
2 1
1 1
0 1
2 1
1 2
2 1
1 2
2 2
1 1
2 1
1 1
2 1
1 2
2 1
1 7
2 1
1 2
2 1
1 2
2 2
1 1
2 1
1 2
2 1
1 1
2 1
1 2
2 2
1 10
2 1
1 1
2 1
1 2
2 1
1 2
2 2
1 1
2 1
1 2
2 5
1 1
2 1
1 8
2 1
1 1
2 1
1 24
2 1
1 2
2 1
1 1
2 1
1 1
2 2
1 1
2 1
1 2
2 2
1 2
2 2
1 1
2 1
1 1
2 1
1 1
2 1
1 1
2 1
1 6
2 1
1 2
2 2
1 3
2 1
1 1
2 1
1 1
2 2
1 2
2 1
1 8
2 1
1 3
2 1
1 1
2 1
1 1
2 1
1 1
2 1
1 2
2 1
1 1
2 2
1 2
2 2
1 1
2 1
1 2
2 2
1 5
2 1
1 1
2 1
1 8
2 1
1 12
2 1
1 4
2 1
1 2
2 1
1 1
2 1
1 1
2 2
1 1
2 1
1 1
0 1
3 1
1 1
2 1
1 3
2 2
1 1
2 1
1 1
2 1
1 1
2 1
1 7
2 1
1 2
2 1
1 2
2 2
1 1
2 1
1 2
2 3
1 11
2 1
1 1
2 2
1 1
2 1
1 1
2 1
1 3
2 1
1 1
0 1
2 2
1 1
2 1
1 2
2 1
1 1
2 1
1 8
2 2
1 6
2 1
1 19
2 1
1 2
2 1
1 1
2 1
1 2
2 2
1 1
2 1
1 2
2 1
1 4
2 1
1 2
2 1
1 1
2 1
1 9
2 1
1 2
2 2
1 1
2 3
1 1
2 1
1 1
2 1
1 8
2 4
1 4
2 1
1 1
2 1
1 1
2 3
1 1
2 3
1 1
2 1
1 12
2 1
1 2
2 1
1 6
2 2
1 8
2 1
1 1
2 1
1 5
2 1
1 1
2 1
1 9
2 1
1 1
2 1
1 1
0 1
3 1
1 1
2 1
1 2
2 1
1 2
2 1
1 1
2 1
1 1
2 1
1 8
2 1
1 2
2 1
1 3
2 1
1 8
2 1
1 1
2 1
1 3
2 1
1 3
2 1
1 2
2 1
1 1
2 2
1 1
2 2
1 1
2 1
1 1
2 1
1 10
2 1
1 2
2 1
1 8
2 1
1 2
2 1
1 6
2 1
1 1
2 2
1 5
2 1
1 11
2 2
1 1
2 1
1 2
2 1
1 1
2 1
1 1
2 1
1 1
2 2
1 3
2 1
1 6
2 1
1 1
2 1
1 1
2 1
1 1
2 1
1 2
2 2
1 1
2 1
1 5
2 1
1 1
2 1
1 1
2 1
1 2
2 2
1 3
2 1
1 3
2 1
1 1
2 1
1 3
2 1
1 8
2 1
1 6
2 1
1 4
2 2
1 11
2 1
1 1
2 1
1 4
2 1
1 2
2 1
1 11
2 1
1 1
2 1
1 1
0 1
2 1
1 3
2 3
1 1
2 1
1 2
2 1
1 6
2 1
1 3
2 2
1 1
2 1
1 2
2 1
1 5
2 1
1 4
2 1
1 1
2 1
1 1
2 1
1 1
2 1
1 1
2 1
1 4
2 1
1 4
2 1
1 9
2 2
1 9
2 1
1 2
2 1
1 2
2 1
1 6
2 1
1 20
2 1
1 2
2 1
1 1
2 1
1 1
2 1
1 2
2 1
1 1
2 1
1 2
2 1
1 2
2 1
1 6
2 3
1 2
2 1
1 3
2 1
1 1
2 1
1 5
2 1
1 3
2 1
1 5
2 1
1 1
2 2
1 1
2 2
1 5
2 1
1 3
2 1
1 5
2 3
1 33
2 1
1 1
2 1
1 9
2 1
1 1
2 1
1 2
2 1
1 6
2 2
1 4
2 1
1 2
2 2
1 2
2 1
1 1
2 2
1 2
2 1
1 1
2 1
1 3
2 2
1 1
2 2
1 6
2 1
1 1
2 4
1 8
2 1
1 2
2 2
1 3
2 3
1 7
2 1
1 23
2 1
1 5
2 1
1 8
2 1
1 2
2 1
1 7
2 1
1 1
2 1
1 1
2 1
1 3
2 1
1 11
2 1
1 2
2 1
1 1
2 1
1 10
2 1
1 3
2 1
1 7
2 1
1 2
2 3
1 1
2 1
1 3
2 2
1 31
2 1
1 1
2 2
1 10
2 1
1 2
2 1
1 8
2 2
1 1
2 1
1 1
2 1
1 5
2 2
1 2
2 1
1 1
2 2
1 3
2 1
1 2
2 1
1 4
2 2
1 4
2 1
1 3
2 1
1 1
2 1
1 9
2 3
1 3
2 2
1 33
2 1
1 2
2 1
1 2
2 1
1 4
2 2
1 1
2 1
1 8
2 1
1 2
2 2
1 1
2 1
1 1
2 1
1 2
2 1
1 2
2 1
1 3
2 1
1 1
2 1
1 5
2 1
1 12
2 1
1 3
2 1
1 1
2 1
1 1
2 1
1 8
2 3
1 6
2 1
1 24
2 4
1 8
2 1
1 7
2 1
1 2
2 1
1 8
2 1
1 6
2 1
1 2
2 1
1 6
2 1
1 1
2 1
1 1
2 1
1 11
2 1
1 1
2 2
1 1
2 1
1 1
2 1
1 2
2 1
1 3
2 2
1 3
2 4
1 3
2 1
1 27
2 2
1 6
2 4
1 6
2 1
1 2
2 1
1 13
2 1
1 2
2 1
1 2
2 2
1 1
2 1
1 1
2 1
1 2
2 1
1 1
2 1
1 12
2 1
1 2
2 3
1 1
2 1
1 1
2 1
1 5
2 3
1 3
2 2
1 30
2 1
1 2
2 1
1 1
2 1
1 3
2 4
1 7
2 1
1 14
2 2
1 2
2 1
1 1
2 1
1 6
2 1
1 4
2 1
1 11
2 1
1 2
2 2
1 3
2 2
1 5
2 2
1 9
2 2
1 27
2 1
1 4
2 1
1 3
2 2
1 3
2 1
1 1
2 1
1 1
2 2
1 12
2 1
1 2
2 1
1 2
2 1
1 4
2 2
1 16
2 2
1 1
2 1
1 2
2 1
1 19
2 1
1 26
2 3
1 9
2 1
1 6
2 1
1 1
2 1
1 18
2 1
1 2
2 2
1 5
2 2
1 1
2 1
1 12
2 1
1 1
2 2
1 1
2 1
1 4
2 1
1 1
2 1
1 1
2 1
1 3
2 1
1 1
2 1
1 4
2 1
1 28
2 1
1 1
2 1
1 2
2 2
1 1
2 1
1 5
2 1
1 3
2 1
1 2
2 1
1 11
2 1
1 2
2 1
1 5
2 2
1 3
2 1
1 3
2 1
1 12
2 1
1 2
2 1
1 6
2 1
1 3
2 1
1 3
2 1
1 1
2 1
1 2
2 3
1 6
2 1
1 26
2 2
1 4
2 1
1 7
2 1
1 16
2 1
1 1
2 1
1 1
2 1
1 1
2 2
1 20
2 1
1 2
2 1
1 10
2 1
1 10
2 1
1 29
2 1
1 36
2 1
1 2
2 1
1 1
2 2
1 1
2 3
1 1
2 1
1 12
2 1
1 1
2 1
1 3
2 1
1 2
2 1
1 2
2 1
1 3
2 1
1 5
2 1
1 3
2 1
1 37
2 3
1 1
2 1
1 4
2 1
1 4
2 1
1 15
2 1
1 1
2 1
1 1
2 1
1 6
2 1
1 12
2 1
1 1
2 1
1 2
2 1
1 1
2 1
1 2
2 1
1 3
2 1
1 1
2 1
1 5
2 1
1 3
2 1
1 9
2 2
1 21
2 1
1 6
2 1
1 1
2 1
1 1
2 1
1 1
2 1
1 1
2 1
1 3
2 1
1 10
2 1
1 2
2 1
1 15
2 1
1 8
2 1
1 1
2 1
1 1
2 1
1 1
2 1
1 3
2 1
1 1
2 1
1 2
2 1
1 1
2 1
1 1
2 2
1 2
2 2
1 12
2 2
1 21
2 1
1 4
2 1
1 1
2 3
1 1
2 1
1 3
2 1
1 1
2 1
1 1
2 1
1 12
2 1
1 2
2 2
1 6
2 3
1 3
2 1
1 11
2 1
1 2
2 1
1 1
2 1
1 2
2 1
1 1
2 1
1 1
2 1
1 1
2 4
1 15
2 1
1 30
2 2
1 10
2 1
1 17
2 1
1 16
2 1
1 4
2 1
1 3
2 3
1 1
2 1
1 2
2 1
1 2
2 1
1 4
2 2
1 2
2 3
1 7
2 2
1 2
2 2
1 2
2 1
1 3
2 1
1 2
2 1
1 10
2 1
1 2
2 1
1 1
2 1
1 9
2 1
1 2
2 1
1 1
2 1
1 13
2 1
1 2
2 1
1 1
2 1
1 1
2 1
1 3
2 1
1 2
2 1
1 6
2 1
1 2
2 1
1 1
2 3
1 2
2 1
1 2
2 1
1 1
2 1
1 2
2 1
1 5
2 1
1 4
2 1
1 6
2 1
1 2
2 1
1 3
2 1
1 7
2 2
1 9
2 1
1 1
2 1
1 1
2 1
1 1
2 1
1 2
2 1
1 1
2 1
1 4
2 2
1 1
2 1
1 1
2 1
1 13
2 1
1 2
2 2
1 3
2 1
1 1
2 1
1 3
2 1
1 3
2 1
1 2
2 1
1 2
2 1
1 1
2 1
1 2
2 1
1 1
2 1
1 2
2 1
1 2
2 1
1 2
2 1
1 4
2 1
1 3
2 2
1 5
2 1
1 8
2 3
1 6
2 1
1 8
2 1
1 3
2 3
1 4
2 1
1 1
2 1
1 4
2 1
1 2
2 1
1 15
2 2
1 1
2 1
1 1
2 2
1 1
2 1
1 10
2 1
1 4
2 3
1 1
2 2
1 1
2 1
1 6
2 1
1 4
2 1
1 1
2 1
1 10
2 1
1 1
2 1
1 4
2 1
1 1
2 1
1 20
2 1
1 8
2 1
1 2
2 2
1 2
2 1
1 18
2 4
1 4
2 2
1 1
2 2
1 2
2 1
1 4
2 1
1 2
2 3
1 1
2 1
1 5
2 1
1 1
2 1
1 1
2 1
1 1
2 2
1 3
2 1
1 2
2 2
1 26
2 1
1 2
2 1
1 1
2 2
1 3
2 3
1 1
2 1
1 5
2 2
1 1
2 1
1 1
2 1
1 1
2 1
1 6
2 1
1 2
2 1
1 1
2 1
1 11
2 2
1 5
2 1
1 1
2 2
1 1
2 3
1 1
2 1
1 1
2 1
1 1
2 4
1 1
2 1
1 1
2 1
1 1
2 2
1 6
2 1
1 30
2 2
1 2
2 1
1 1
2 1
1 4
2 3
1 8
2 2
1 6
2 2
1 3
2 1
1 4
2 3
1 5
2 2
1 2
2 1
1 2
2 2
1 2
2 2
1 1
2 1
1 2
2 3
1 1
2 1
1 1
2 2
1 2
2 1
1 2
2 1
1 6
2 1
1 2
2 3
1 1
2 1
1 24
2 2
1 2
2 1
1 1
2 4
1 3
2 1
1 5
2 2
1 2
2 1
1 1
2 1
1 5
2 1
1 2
2 1
1 2
2 1
1 9
2 2
1 1
2 1
1 6
2 1
1 3
2 2
1 1
2 1
1 2
0 1
1 1
2 1
1 1
2 2
1 3
2 2
1 3
2 1
1 2
2 1
1 1
2 4
1 2
2 1
1 27
2 2
1 2
2 1
1 1
2 1
1 1
2 2
1 9
2 2
1 2
2 1
1 8
2 1
1 3
2 1
1 7
2 1
1 4
2 1
1 2
2 1
1 5
2 1
1 4
3 1
2 3
1 2
2 1
1 3
2 1
1 2
2 1
1 3
2 1
1 2
2 2
1 3
2 2
1 30
2 2
1 2
2 1
1 1
2 4
1 1
2 1
1 2
2 1
1 1
2 2
1 2
2 1
1 10
2 1
1 1
2 1
1 2
2 1
1 1
2 1
1 4
2 1
1 1
2 1
1 4
2 1
1 1
2 1
1 4
2 3
1 3
2 1
1 2
2 1
1 2
2 1
1 3
2 1
1 2
2 1
1 2
2 2
1 3
2 2
1 34
2 2
1 1
2 2
1 1
2 1
1 1
2 1
1 3
2 1
1 6
2 1
1 15
2 1
1 1
2 1
1 1
2 2
1 1
2 2
1 5
2 1
1 1
2 1
1 2
2 3
1 1
2 1
1 1
2 1
1 1
2 1
1 3
2 1
1 5
2 1
1 1
2 3
1 2
2 2
1 2
2 1
1 36
2 1
1 2
2 1
1 2
2 1
1 8
2 3
1 6
2 3
1 2
2 3
1 2
2 1
1 8
2 1
1 1
2 1
1 1
2 1
1 1
2 1
1 2
2 1
1 2
2 1
1 1
2 1
1 1
2 1
1 1
2 3
1 4
2 1
1 1
2 3
1 2
2 2
1 2
2 1
1 37
2 2
1 1
2 1
1 2
2 1
1 1
2 2
1 6
2 4
1 5
2 1
1 1
2 2
1 1
2 1
1 3
2 1
1 1
2 2
1 2
2 1
1 2
2 1
1 7
2 1
1 4
2 2
1 1
2 1
1 6
2 1
1 2
2 2
1 3
2 2
1 1
2 2
1 44
2 1
1 2
2 1
1 1
2 1
1 1
2 1
1 1
2 1
1 2
2 1
1 1
2 2
1 4
2 1
1 2
2 1
1 3
2 1
1 5
2 1
1 2
2 3
1 3
2 1
1 9
2 1
1 1
2 1
1 1
2 1
1 5
2 2
1 2
2 3
1 1
2 1
1 36
2 2
1 10
2 2
1 1
2 1
1 2
2 1
1 4
2 1
1 2
2 1
1 4
2 1
1 6
2 1
1 2
2 1
1 1
2 1
1 1
2 1
1 9
2 1
1 1
2 2
1 1
2 1
1 2
2 1
1 1
2 2
1 4
2 2
1 2
2 2
1 5
2 1
1 7
2 2
1 37
2 1
1 2
2 1
1 2
2 3
1 2
2 1
1 2
2 1
1 7
2 1
1 1
2 1
1 3
2 1
1 2
2 3
1 2
2 2
1 4
2 4
1 1
2 1
1 1
2 2
1 2
2 1
1 5
2 1
1 2
2 2
1 2
2 1
1 6
2 1
1 2
2 2
1 32
2 2
1 7
2 1
1 3
2 1
1 2
2 2
1 3
2 3
1 10
2 1
1 1
2 1
1 8
2 1
1 12
2 2
1 2
3 1
1 1
2 2
1 2
2 1
1 2
2 2
1 2
2 1
1 48
2 1
1 1
2 1
1 3
2 1
1 2
2 1
1 2
2 1
1 1
2 2
1 1
2 1
1 5
2 1
1 1
2 1
1 5
2 3
1 1
2 1
1 1
2 2
1 5
2 1
1 2
2 1
1 2
2 1
1 2
2 2
1 2
2 1
0 1
2 1
1 2
2 1
1 5
2 1
1 1
2 1
1 2
2 2
1 41
2 2
1 7
2 1
1 2
2 1
1 3
2 1
1 7
2 1
1 11
2 1
1 1
2 1
1 8
2 1
1 1
2 1
1 1
2 3
1 1
2 1
1 1
2 2
1 1
2 1
1 2
2 1
1 4
2 2
1 3
2 1
1 46
2 2
1 4
2 1
1 4
2 1
1 2
2 1
1 1
2 2
1 5
2 1
1 1
2 1
1 1
2 1
1 1
2 2
1 1
2 3
1 1
2 1
1 2
2 1
1 5
2 2
1 1
2 1
1 1
2 1
1 2
2 1
1 7
2 1
1 3
2 1
1 2
2 1
1 1
2 1
1 46
2 1
1 2
2 1
1 5
2 1
1 13
2 1
1 1
2 1
1 2
2 1
1 1
2 3
1 1
2 1
1 1
2 1
1 3
2 1
1 3
2 1
1 3
2 1
1 3
2 1
1 2
2 1
1 1
2 2
1 9
2 1
1 54
2 2
1 8
2 1
1 1
2 1
1 1
2 1
1 11
2 4
1 1
2 1
1 3
2 2
1 5
2 2
1 1
2 2
1 1
2 2
1 1
2 1
1 1
2 2
1 5
2 2
1 66
2 2
1 2
2 1
1 5
2 1
1 6
2 2
1 2
2 1
1 6
2 1
1 1
2 1
1 2
2 1
1 1
2 1
1 3
2 2
1 1
2 2
1 1
2 1
1 6
2 1
1 27
2 1
1 31
2 1
1 6
2 2
1 1
2 1
1 5
2 1
1 9
2 2
1 7
2 1
1 4
3 1
1 3
2 1
1 3
2 1
1 1
2 2
1 5
2 1
1 57
2 1
1 10
2 3
1 11
2 2
1 2
2 1
1 8
2 1
1 2
2 2
1 1
2 1
1 1
2 1
1 1
2 1
1 2
2 1
1 1
2 1
1 1
2 1
1 15
2 1
1 6
2 1
1 4
2 1
1 3
2 1
1 5
2 1
1 34
2 1
1 2
2 2
1 8
2 1
1 3
2 1
1 3
2 1
1 2
2 1
1 1
2 1
1 8
2 1
1 4
2 1
1 1
2 1
1 1
2 2
1 2
2 1
1 13
2 1
1 2
2 1
1 8
2 1
1 1
2 1
1 1
2 1
1 1
2 1
1 1
2 1
1 35
2 1
1 2
2 2
1 5
2 1
1 2
2 1
1 3
2 1
1 3
2 1
1 2
2 1
1 2
2 2
1 2
2 1
1 2
2 1
1 1
2 5
1 1
2 1
1 2
2 1
1 2
2 1
1 14
2 2
1 1
2 2
1 4
2 1
1 1
2 1
1 3
2 1
1 3
2 1
1 29
2 1
1 4
2 1
1 2
2 2
1 2
2 1
1 3
2 1
1 1
2 1
1 2
2 1
1 2
2 1
1 4
2 1
1 2
2 2
1 1
2 1
1 3
2 1
1 1
2 1
1 3
2 1
1 1
2 1
1 19
2 1
1 2
2 1
1 3
2 1
1 1
2 2
1 1
2 1
1 1
2 1
1 1
2 1
1 1
2 1
1 1
2 1
1 2
2 1
1 45
2 1
1 4
2 2
1 3
2 1
1 2
2 1
1 1
2 1
1 4
2 1
1 1
2 1
1 2
2 1
1 2
2 1
0 1
2 1
1 16
2 2
1 1
2 1
1 7
2 1
1 46
2 1
1 1
2 1
1 1
2 2
1 7
2 2
1 1
2 1
1 3
2 1
1 3
2 1
1 2
2 1
1 1
2 1
1 2
2 1
1 3
2 1
1 2
2 2
1 1
2 1
1 16
2 1
1 2
2 1
1 1
2 1
1 1
2 1
1 16
2 1
1 32
2 1
1 3
2 1
1 2
2 2
1 5
2 1
1 2
2 1
1 3
2 1
1 3
2 3
1 2
2 1
1 4
2 2
1 1
2 2
1 1
2 1
1 1
2 1
1 1
2 2
1 21
2 1
1 2
2 1
1 3
2 1
1 11
2 1
1 30
2 1
1 2
2 2
1 1
2 2
1 1
2 1
1 4
2 1
1 1
2 1
1 1
2 2
1 4
2 1
1 3
2 2
1 1
2 3
1 5
2 2
1 1
2 1
1 1
2 1
1 2
2 1
1 13
2 1
1 2
2 1
1 34
2 1
1 17
2 1
1 1
2 1
1 3
2 1
1 1
2 1
1 6
2 1
1 2
2 1
1 2
2 1
1 1
2 1
1 3
2 2
1 1
2 2
1 8
2 1
1 2
2 1
1 2
2 2
1 51
2 2
1 16
2 1
1 1
2 1
1 1
2 2
1 4
2 5
1 2
2 1
1 1
2 1
1 3
2 2
1 1
2 2
1 2
2 2
1 7
2 2
1 1
2 1
1 2
2 3
1 1
2 1
1 21
2 1
1 28
2 2
1 19
2 1
1 2
2 1
1 1
2 1
1 2
2 1
1 3
2 2
1 1
2 2
1 5
2 1
1 2
2 3
1 9
2 1
1 2
2 2
1 1
2 1
1 13
2 1
1 31
2 1
1 3
2 1
1 25
2 1
1 2
2 1
1 1
2 1
1 3
2 2
1 2
2 1
1 2
2 1
1 3
2 1
1 1
2 2
1 1
2 1
1 2
2 1
1 8
2 3
1 1
2 1
1 2
2 1
1 2
2 2
1 6
2 1
1 9
2 1
1 48
2 1
1 4
2 2
1 1
2 1
1 1
2 2
1 6
2 2
1 1
2 1
1 3
2 1
1 13
2 1
1 2
2 1
1 2
2 2
1 2
2 3
1 4
2 2
1 5
2 1
1 48
2 1
1 9
2 1
1 2
2 1
1 5
2 1
1 6
2 1
1 2
2 1
1 1
2 1
1 4
2 1
1 2
2 1
1 8
2 2
1 3
2 3
1 2
2 3
1 2
2 1
1 5
2 1
1 42
2 1
1 11
2 1
1 13
2 1
1 7
2 1
1 1
2 2
1 5
2 2
1 5
2 2
1 1
2 1
1 2
2 1
1 1
2 1
1 3
2 2
1 1
2 1
1 3
2 1
1 48
2 1
1 13
2 1
1 14
2 1
1 3
2 1
1 1
2 1
1 6
2 2
1 1
2 1
1 7
2 2
1 5
2 3
1 2
2 1
1 1
2 2
1 63
2 1
1 1
2 1
1 2
2 1
1 10
2 1
1 1
2 1
1 4
2 1
1 2
2 1
1 13
2 2
1 3
2 3
1 2
2 1
1 10
2 3
1 8
2 2
1 10
2 3
1 16
2 1
1 8
2 1
1 2
2 2
1 16
2 2
1 7
2 2
1 17
2 1
1 4
2 2
1 2
2 2
1 18
2 4
1 2
2 2
1 2
2 1
1 7
2 2
1 2
2 2
1 7
2 1
1 11
2 1
1 5
2 2
1 12
2 1
1 1
2 1
1 21
2 1
1 2
2 3
1 4
2 2
1 1
2 2
1 4
2 1
1 9
2 2
1 5
2 1
1 7
2 1
1 2
2 2
1 23
2 1
1 5
2 1
1 9
2 2
1 5
2 1
1 23
2 2
1 6
2 1
1 9
2 1
1 1
2 1
1 5
2 2
1 2
2 1
1 6
2 2
1 7
2 2
1 6
2 3
1 3
2 1
1 29
2 1
1 5
2 1
1 19
2 1
1 3
2 1
1 1
2 2
1 1
2 1
1 2
2 2
1 10
2 1
1 1
2 1
1 2
2 1
1 18
2 2
1 4
2 2
1 21
2 1
1 38
2 2
1 5
2 2
1 1
2 1
1 5
2 1
1 10
2 1
1 1
2 1
1 9
2 2
1 11
2 2
1 1
2 1
1 2
2 1
1 2
2 1
1 41
2 1
1 12
2 2
1 5
2 2
1 2
2 1
1 2
2 1
1 2
2 1
1 1
2 1
1 8
2 1
1 1
2 1
1 2
2 1
1 1
2 1
1 23
2 1
1 1
2 2
1 59
2 1
1 3
2 1
1 1
2 1
1 3
2 1
1 1
2 1
1 14
2 1
1 28
2 2
1 1
2 1
1 14
2 1
1 5
2 1
1 35
2 1
1 3
2 1
1 2
2 1
1 2
2 4
1 2
2 1
1 3
2 1
1 4
2 1
1 2
2 1
1 23
2 1
1 1
2 1
1 6
2 1
1 1
2 1
1 57
2 1
1 2
2 1
1 9
2 1
1 6
2 1
1 2
2 2
1 2
2 1
1 2
2 1
1 20
2 1
1 2
2 2
1 3
2 1
1 10
2 1
1 48
2 3
1 1
2 2
1 5
2 1
1 1
2 1
1 1
2 1
1 6
2 1
1 3
2 2
1 21
2 1
1 8
2 1
1 43
2 1
1 13
2 2
1 3
2 1
1 1
2 2
1 2
2 1
1 11
2 1
1 5
2 1
1 21
2 1
1 1
2 1
1 3
2 1
1 11
2 1
1 46
2 4
1 8
2 1
1 8
2 1
1 23
2 1
1 20
2 1
1 2
2 1
1 28
2 1
1 13
2 2
1 2
2 2
1 21
2 1
1 21
2 1
1 1
2 1
1 20
2 1
1 2
2 1
1 34
