252 252 252 252 253 253 253 253 251 250 249 248 247 245 244 244 242 241 240 238 236 234 233 232 232 232 234 236 238 240 241 242 242 242 243 245 246 248 249 249 247 246 245 244 245 247 250 251 252 251 251 250 250 250 251 251 251 252 253 253 251 248 246 244 246 247 247 247 248 249 249 249 247 246 245 244 242 241 240 240 238 238 238 237 237 237 236 236 235 236 236 235 235 238 243 247 247 248 250 253 253 250 244 239 230 224 221 222 223 221 220 222 228 234 242 245 244 243 244 247 255 254 250 248 247 245 241 237 237 234 231 227 223 221 219 219 217 218 219 220 221 223 224 224 224 224 224 224 224 224 224 224 221 221 221 221 221 221 221 221 221 222 222 223 223 224 225 225 227 227 227 227 227 227 227 227 227 226 224 223 223 224 225 226 232 232 232 233 233 233 234 234 234 233 233 232 231 230 229 229 226 226 225 225 225 224 224 224 226 226 227 228 229 230 230 231 230 230 229 228 227 225 225 224 224 223 222 222 220 220 219 218 216 216 216 216
251 251 252 252 252 252 252 252 251 250 249 248 247 245 244 244 241 241 239 238 236 234 233 232 231 232 234 236 238 240 241 242 242 243 244 245 246 248 249 249 246 246 245 245 245 247 249 251 252 251 251 251 250 250 250 250 251 252 252 252 251 248 246 244 247 247 247 248 248 249 249 249 247 246 245 244 243 241 240 240 238 238 238 237 237 237 237 236 235 236 236 235 235 238 243 247 249 249 250 252 252 250 244 240 230 224 221 222 223 221 220 222 227 232 236 238 238 240 246 251 255 252 248 246 245 243 240 237 236 234 230 226 223 221 219 219 218 218 219 220 222 223 224 224 225 225 225 224 224 224 224 224 221 221 221 221 221 221 221 221 222 222 222 223 224 224 225 225 227 227 227 227 227 227 227 227 226 225 224 223 223 224 225 226 232 232 233 233 233 234 234 234 234 234 233 232 231 230 229 229 226 226 226 225 225 225 224 224 226 226 227 228 228 229 230 230 230 229 229 228 226 225 224 224 224 223 222 222 220 220 219 218 216 216 216 216
250 250 250 251 251 251 252 252 250 250 249 248 246 245 244 244 240 240 238 237 235 233 232 232 232 233 234 236 238 240 241 242 244 244 245 246 247 248 249 249 246 246 245 245 246 247 248 249 251 251 251 251 251 250 250 249 250 251 251 251 250 248 246 245 248 248 248 248 249 249 249 249 247 246 245 244 243 242 241 240 238 238 238 238 237 237 237 237 235 236 236 236 236 239 244 249 251 250 250 250 251 249 245 242 230 224 221 222 223 221 220 222 226 228 229 229 231 236 246 253 250 248 245 243 242 241 238 236 235 233 229 226 222 220 220 219 218 219 220 221 222 223 224 225 225 225 225 225 224 224 224 224 221 221 221 221 221 221 221 221 222 222 223 223 224 224 225 225 228 228 228 228 228 228 228 228 226 225 224 223 223 224 225 226 233 233 233 233 234 234 234 234 235 234 234 233 232 231 230 229 226 226 226 226 225 225 225 225 226 226 227 227 228 228 229 229 229 229 228 227 226 225 224 224 224 223 222 222 220 220 219 218 216 216 216 216
248 248 249 249 250 250 251 251 250 250 249 247 246 245 244 243 239 239 238 236 235 234 232 232 233 234 235 237 239 241 242 243 246 246 247 247 248 248 249 249 245 245 245 246 246 247 247 248 251 251 251 252 251 250 249 248 249 249 249 249 248 248 247 247 249 249 249 249 249 249 249 249 247 247 246 245 243 242 241 240 239 239 238 238 238 237 237 237 236 237 237 237 237 240 246 250 253 251 250 250 250 249 245 242 230 224 221 222 223 221 220 222 224 225 224 224 226 232 241 248 243 242 241 240 239 237 236 235 233 231 228 225 222 220 220 220 219 219 220 221 223 224 225 226 226 226 226 225 225 224 224 223 221 221 221 221 221 221 221 221 222 222 223 223 224 225 225 226 228 228 228 228 228 228 228 228 226 225 224 224 224 225 226 227 233 233 234 234 234 235 235 235 235 235 234 233 232 231 230 230 227 227 227 226 226 226 225 225 226 226 226 227 227 228 228 228 228 228 227 226 225 225 224 224 224 223 222 222 220 220 219 218 216 216 216 216
246 247 247 248 249 249 250 250 250 249 248 247 246 244 243 243 240 239 238 237 236 235 234 233 235 236 237 239 241 243 244 245 248 248 248 248 249 249 249 249 245 245 246 246 246 246 246 246 250 251 252 252 251 249 247 246 248 248 248 247 247 247 248 248 250 250 250 250 250 250 250 250 248 247 246 245 243 242 241 241 239 239 239 238 238 238 237 237 236 237 238 238 238 242 247 252 254 252 251 250 250 249 245 242 230 224 221 222 223 221 220 222 222 223 223 224 225 228 233 236 236 236 236 235 234 234 234 234 231 229 227 224 222 220 220 220 219 220 221 222 224 225 226 226 227 227 226 226 225 224 223 223 221 221 221 221 221 221 221 221 222 223 223 224 225 225 226 226 228 228 228 228 228 228 228 228 227 227 226 225 226 227 229 230 234 234 234 235 235 235 236 236 236 236 235 234 233 232 231 231 228 228 227 227 227 226 226 226 226 226 226 226 226 226 227 227 227 226 226 225 225 224 224 224 224 223 222 222 220 220 219 218 216 216 216 216
244 245 246 247 248 248 249 250 249 249 248 247 245 244 243 243 241 240 239 238 237 236 236 235 238 238 240 242 244 246 247 248 250 250 250 250 249 249 249 249 244 245 246 247 247 246 245 244 249 251 252 253 252 249 246 244 247 247 246 246 246 247 248 249 251 251 251 251 250 250 250 250 248 247 246 245 244 243 242 241 239 239 239 239 238 238 238 238 237 238 238 239 240 243 249 253 254 253 252 252 252 249 245 241 230 224 221 222 223 221 220 222 219 221 224 226 226 226 225 225 230 231 232 232 231 230 231 233 229 228 225 223 221 220 220 221 220 221 222 223 224 225 226 227 228 228 227 226 225 224 223 223 221 221 221 221 221 221 221 221 223 223 224 224 225 225 226 226 229 229 229 229 229 229 229 229 229 229 228 228 228 230 231 233 235 235 235 235 236 236 236 236 237 236 235 234 233 232 232 231 228 228 228 228 227 227 227 227 225 225 226 226 226 226 226 226 225 225 225 225 224 224 224 224 224 223 222 222 220 220 219 218 216 216 216 216
243 244 244 245 247 248 249 249 249 249 248 246 245 244 243 242 242 242 241 240 239 238 238 237 240 241 243 244 247 248 250 251 252 252 251 251 250 249 249 249 244 245 246 247 247 246 244 243 249 250 252 253 252 249 245 243 247 246 245 245 245 247 249 250 252 252 252 251 251 250 250 250 248 248 247 245 244 243 242 241 240 239 239 239 239 238 238 238 237 238 239 239 240 244 250 254 253 253 253 254 253 250 244 239 230 224 221 222 223 221 220 222 218 220 223 226 227 225 222 220 224 227 229 229 228 228 230 232 228 227 224 222 221 220 221 221 221 221 222 223 225 226 227 227 229 228 227 226 225 224 223 223 221 221 221 221 221 221 221 221 223 223 224 224 225 226 226 226 229 229 229 229 229 229 229 229 231 231 230 230 231 232 234 235 235 235 235 236 236 236 237 237 237 237 236 235 234 233 232 232 229 229 228 228 228 227 227 227 225 225 225 225 225 225 225 225 225 224 224 224 224 224 224 224 224 223 222 222 220 220 219 218 216 216 216 216
242 243 244 245 246 247 248 249 249 249 248 246 245 244 243 242 243 242 242 241 240 240 239 239 242 243 244 246 248 250 252 252 253 252 252 251 250 249 249 249 244 245 246 247 247 246 244 243 249 250 252 253 252 249 245 242 246 245 244 244 245 247 249 250 253 252 252 252 251 250 250 250 248 248 247 246 244 243 242 241 240 240 239 239 239 238 238 238 237 238 239 240 241 245 250 255 252 252 254 255 254 250 243 238 230 224 221 222 223 221 220 222 217 219 222 225 226 225 222 219 222 224 227 227 226 226 229 231 227 226 224 222 221 220 221 221 221 221 222 224 225 226 227 228 229 229 228 227 225 224 223 223 221 221 221 221 221 221 221 221 223 223 224 225 225 226 226 227 229 229 229 229 229 229 229 229 232 232 231 231 232 234 236 237 235 235 236 236 236 237 237 237 237 237 236 235 234 233 233 232 229 229 229 228 228 228 227 227 225 225 225 225 225 224 224 224 224 224 224 224 224 224 224 223 224 223 222 222 220 220 219 218 216 216 216 216
243 243 244 245 246 247 247 248 247 246 244 242 241 241 242 242 241 241 242 242 243 243 243 244 247 247 249 250 252 254 255 255 254 254 253 252 251 249 249 248 249 249 248 248 248 247 247 247 251 252 253 254 254 252 250 249 243 243 243 243 245 247 249 251 251 251 251 250 249 249 248 248 247 247 246 245 244 243 243 242 242 242 241 240 239 238 238 237 237 238 240 243 246 250 252 254 255 254 255 255 254 249 242 236 231 229 226 225 224 223 220 218 214 218 221 222 220 220 222 225 224 224 224 224 225 225 225 225 222 222 222 222 222 222 222 222 223 223 224 225 227 228 229 230 229 229 228 227 225 224 223 222 222 222 222 222 222 222 222 222 224 224 224 225 225 225 226 226 229 229 230 231 232 233 234 234 234 234 234 235 235 235 236 236 238 238 238 238 238 238 239 239 239 238 237 236 235 233 232 232 231 231 230 230 229 228 228 227 225 225 225 224 224 223 223 223 225 225 225 225 225 225 225 225 222 222 221 221 221 220 220 220 217 217 216 216
243 243 244 245 246 247 247 248 247 246 244 242 241 241 242 242 241 242 242 243 243 244 244 244 247 248 249 251 252 254 255 255 254 254 253 252 251 250 249 249 248 248 248 248 248 248 248 248 251 252 253 254 254 252 251 249 245 244 244 245 246 248 250 251 251 251 250 250 249 248 248 248 247 247 246 245 244 243 242 242 242 242 241 240 239 239 238 238 238 239 241 244 247 250 253 254 255 254 255 255 254 249 242 236 232 229 226 224 222 220 217 214 215 213 211 212 215 218 220 221 224 224 224 224 225 225 225 225 222 222 222 222 222 222 222 222 223 223 224 226 227 228 229 230 229 229 228 226 225 224 223 222 222 222 222 222 222 222 222 222 224 224 224 225 225 226 226 226 229 230 230 231 232 233 234 234 234 235 235 235 235 236 236 236 238 238 238 238 238 238 239 239 238 238 237 236 234 233 232 232 231 230 230 229 229 228 227 227 225 225 225 224 224 223 223 223 225 225 225 225 225 225 225 225 222 222 222 221 221 221 220 220 217 217 217 216
243 243 244 245 246 247 248 248 248 246 244 243 242 241 242 242 242 242 243 243 244 245 245 245 249 249 250 251 253 254 255 255 255 254 253 253 252 251 250 249 247 247 248 248 249 249 250 250 252 252 253 253 253 252 251 250 247 247 246 246 247 249 251 252 251 250 250 249 249 248 247 247 247 246 245 244 243 242 242 241 242 241 241 240 240 239 239 238 238 240 242 245 248 251 253 254 255 254 255 255 254 249 242 236 233 230 226 222 219 216 212 208 207 203 200 204 213 221 223 222 225 225 225 225 224 224 224 224 223 223 223 223 223 223 223 223 223 224 225 226 227 228 229 230 229 228 227 226 225 224 223 222 222 222 222 222 222 222 222 222 224 224 225 225 226 227 227 227 230 230 231 232 233 234 235 235 235 235 236 236 236 237 237 237 239 239 239 239 238 238 238 238 238 237 236 235 234 233 232 231 230 230 229 229 228 227 227 227 225 225 224 224 224 224 223 223 225 225 225 225 225 225 225 225 222 222 222 222 221 221 221 221 218 218 218 217
243 244 244 245 246 247 248 248 248 247 245 243 242 242 242 243 242 243 243 244 245 246 246 247 250 251 251 252 253 254 255 255 255 254 254 253 252 252 251 251 246 247 248 249 250 251 252 252 252 253 253 253 252 252 251 251 249 249 248 248 248 250 251 252 250 250 249 249 248 247 247 247 246 246 245 244 243 242 241 241 241 241 241 241 240 240 239 239 240 241 244 247 250 252 254 254 255 254 255 255 254 249 242 236 234 231 226 221 218 213 208 204 196 195 199 209 221 229 230 228 225 225 225 225 224 224 224 224 223 223 223 223 223 223 223 223 223 224 225 226 228 229 230 230 229 228 227 226 224 223 222 222 222 222 222 222 222 222 222 222 224 224 225 226 227 227 228 228 231 231 232 233 234 235 236 236 236 236 236 237 237 237 238 238 239 239 239 239 239 238 238 238 237 237 236 235 233 232 231 230 230 229 229 228 227 227 226 226 224 224 224 224 224 224 224 224 225 225 225 225 225 225 225 225 223 223 223 222 222 222 221 221 219 219 218 218
244 244 245 246 247 248 248 249 248 247 245 243 242 242 243 243 243 243 244 245 246 247 248 248 252 252 253 253 254 254 254 255 255 255 254 254 253 253 252 252 247 247 248 249 250 251 252 253 253 253 252 252 251 251 251 252 251 250 249 248 248 249 251 251 249 249 249 248 247 247 246 246 245 245 244 243 242 241 240 240 241 241 241 241 241 240 240 240 241 243 246 250 252 254 254 254 255 254 255 255 254 249 242 236 235 231 226 222 218 214 208 205 193 200 212 224 232 235 233 231 226 225 225 225 224 224 224 223 223 223 223 223 223 223 223 223 224 224 225 226 228 229 230 231 228 228 227 226 224 223 222 221 222 222 222 222 222 222 222 222 224 224 225 226 227 228 229 230 232 232 233 234 235 236 237 237 237 237 238 238 238 239 239 239 240 240 240 239 239 239 238 238 237 236 235 234 232 231 230 230 229 229 228 228 227 226 226 225 224 224 224 224 224 224 224 224 225 225 225 225 225 225 225 225 224 224 223 223 223 222 222 222 220 220 220 219
244 244 245 246 247 248 249 249 249 247 245 244 243 242 243 243 243 244 245 246 247 248 249 250 254 254 254 254 254 254 254 254 255 255 254 254 254 253 253 253 249 249 250 250 251 251 252 252 254 253 252 251 251 251 252 252 251 250 249 248 247 248 249 250 249 249 248 247 247 246 246 245 245 244 244 243 242 241 240 239 241 241 241 241 241 241 241 241 242 244 248 252 254 255 255 254 255 254 255 255 254 249 242 236 234 231 227 223 220 217 213 209 203 214 227 237 238 235 231 229 226 226 225 225 224 224 223 223 224 224 224 224 224 224 224 224 224 225 226 227 228 229 230 231 228 227 226 225 224 223 222 221 222 222 222 222 222 222 222 222 224 225 226 227 228 229 230 231 233 233 234 235 236 237 238 238 238 238 238 239 239 239 240 240 241 241 240 240 239 239 238 238 236 235 234 233 232 231 230 229 228 228 228 227 226 226 225 225 223 223 224 224 224 224 225 225 225 225 225 225 225 225 225 225 224 224 224 224 223 223 223 223 221 221 220 220
244 245 245 246 247 248 249 249 249 248 246 244 243 243 243 244 243 244 245 246 248 249 250 251 255 255 255 255 254 254 254 254 255 255 255 255 254 254 254 254 251 251 251 251 251 251 251 251 255 253 252 250 250 251 252 253 251 250 248 247 246 247 247 248 248 248 248 247 246 246 245 245 244 244 243 242 241 240 239 239 241 241 241 241 241 241 242 242 243 245 250 253 255 255 255 254 255 254 255 255 254 249 242 236 234 231 227 225 224 222 218 215 217 224 233 237 236 232 230 230 227 226 226 225 224 223 223 222 224 224 224 224 224 224 224 224 224 225 226 227 228 230 231 231 228 227 226 225 224 222 221 221 222 222 222 222 222 222 222 222 224 225 226 227 229 230 231 232 234 234 235 236 237 238 238 239 239 239 239 240 240 240 240 241 242 242 241 240 239 239 238 238 235 235 234 233 231 230 229 229 228 228 227 226 226 225 225 224 223 223 223 224 224 225 225 225 225 225 225 225 225 225 225 225 225 225 224 224 224 223 223 223 222 221 221 221
244 245 245 246 247 248 249 249 249 248 246 244 243 243 243 244 244 244 245 247 248 250 251 252 255 255 255 255 254 254 254 254 255 255 255 255 255 255 254 254 252 252 252 251 251 251 250 250 255 254 252 250 250 251 252 253 251 250 248 246 246 246 246 247 248 248 247 247 246 245 245 245 244 243 243 242 241 240 239 239 241 241 241 241 241 242 242 242 243 246 250 254 255 255 255 254 255 254 255 255 254 249 242 236 233 231 228 227 226 225 222 220 224 228 231 232 231 231 232 234 227 226 226 225 224 223 223 222 224 224 224 224 224 224 224 224 224 225 226 227 229 230 231 231 228 227 226 225 223 222 221 221 222 222 222 222 222 222 222 222 224 225 226 227 229 231 232 232 234 234 235 236 237 238 239 239 239 239 240 240 240 241 241 241 242 242 241 240 239 239 238 238 235 235 234 232 231 230 229 228 228 227 227 226 225 225 224 224 223 223 223 224 224 225 225 225 225 225 225 225 225 225 225 225 225 225 225 224 224 224 223 223 222 222 222 221
251 251 251 250 250 249 249 249 249 249 248 247 246 246 245 245 244 245 245 246 248 249 249 250 255 255 255 255 255 255 255 255 255 255 255 255 255 255 255 255 254 254 253 252 251 250 250 249 251 251 250 250 250 250 250 250 247 247 247 247 247 247 247 247 247 247 247 246 245 245 245 244 244 244 244 244 243 243 243 243 242 241 240 240 240 242 243 244 248 250 252 254 255 255 255 255 255 255 255 255 253 248 241 235 233 233 231 229 228 226 224 224 224 226 228 231 232 233 233 232 227 227 226 225 225 224 224 223 226 226 225 225 225 224 224 224 225 225 226 227 227 228 228 229 225 225 224 223 222 221 221 220 221 221 221 222 222 222 223 223 226 226 227 228 229 230 230 231 237 237 237 237 237 237 237 237 238 238 239 239 240 240 241 241 242 241 241 240 240 239 239 239 236 235 234 232 231 229 228 227 227 227 226 225 224 224 223 223 224 224 224 224 225 225 225 225 225 225 225 226 226 226 227 227 227 226 226 225 224 224 223 223 222 222 222 221
252 252 252 251 251 250 250 250 249 249 248 247 246 245 244 243 243 243 244 246 247 249 250 251 255 255 255 255 255 255 255 255 255 255 255 255 255 255 255 255 254 254 253 252 252 251 250 250 250 250 250 250 249 249 248 248 247 247 247 247 247 247 247 247 247 246 246 246 245 245 244 244 245 245 245 244 243 242 242 242 242 241 240 240 241 242 244 245 249 250 252 254 255 255 255 255 255 255 255 254 252 247 240 235 233 232 231 229 228 226 225 224 224 226 228 230 232 233 232 232 227 227 226 226 225 224 224 224 226 225 225 225 225 224 224 224 225 225 226 226 227 228 228 228 225 225 224 223 222 222 221 221 221 222 222 222 222 223 223 223 226 226 227 228 229 230 231 231 236 236 236 236 236 236 236 236 239 239 239 240 240 241 241 241 241 241 240 240 239 239 239 239 236 235 234 232 230 229 228 227 227 227 226 225 224 224 223 223 224 224 224 224 225 225 225 225 225 225 226 226 226 227 227 227 227 227 226 225 225 224 224 223 222 222 222 222
253 253 253 252 252 252 251 251 250 250 248 247 245 243 242 242 241 242 244 245 247 249 251 252 255 255 255 255 255 255 255 255 255 255 255 255 255 255 255 255 254 254 253 253 252 252 251 251 250 250 249 249 248 247 247 247 246 246 246 246 246 246 246 246 246 246 245 245 245 245 244 244 247 246 245 244 243 242 241 240 242 241 240 240 241 242 244 245 249 251 253 254 255 255 255 255 255 255 253 251 249 245 239 235 233 232 231 229 228 226 225 224 225 226 228 230 232 232 232 231 227 227 226 226 225 225 224 224 225 225 225 225 224 224 224 224 225 225 226 226 227 227 228 228 225 224 224 223 223 222 222 221 222 222 223 223 223 224 224 224 226 227 228 229 230 231 231 232 236 236 236 236 236 236 236 236 239 239 240 240 240 241 241 241 240 240 239 239 239 239 238 238 235 235 233 232 230 229 227 227 226 226 225 225 224 224 223 223 224 224 224 224 225 225 225 225 226 226 226 226 227 227 227 227 227 227 227 226 225 225 224 224 223 223 223 222
253 253 253 253 253 253 253 253 251 250 249 247 245 243 242 241 241 242 244 246 248 250 252 253 255 255 255 255 255 255 255 255 255 255 255 255 255 255 255 255 254 254 254 253 253 252 252 252 251 250 249 248 247 246 245 245 246 246 246 246 246 246 246 246 245 245 245 244 244 244 244 244 248 247 246 244 243 241 240 239 241 241 240 240 241 243 245 246 250 251 253 255 255 255 255 254 255 253 250 248 246 243 238 234 232 232 231 229 228 226 225 225 225 226 228 230 231 231 231 231 228 227 227 226 225 225 224 224 225 225 225 224 224 224 223 223 224 225 225 226 227 227 228 228 224 224 224 224 223 223 222 222 223 223 223 224 224 224 225 225 227 227 228 229 230 231 232 232 235 235 235 235 235 235 235 235 239 239 239 240 240 240 240 240 238 238 238 238 238 238 238 238 235 234 233 232 230 228 227 226 225 225 225 224 224 224 223 223 224 224 224 224 225 225 225 225 226 226 227 227 227 228 228 228 228 228 227 227 226 225 225 224 224 223 223 223
253 253 253 253 253 253 253 253 251 251 250 248 246 245 243 243 243 244 245 247 249 251 253 253 255 255 255 255 255 255 255 255 255 255 255 255 255 255 255 255 254 254 254 254 254 254 253 253 252 252 250 249 247 246 245 244 245 245 245 245 245 245 245 245 243 243 243 244 244 244 244 244 248 247 246 244 243 241 240 239 241 241 240 241 242 244 246 247 251 252 254 255 255 255 255 254 255 252 247 244 242 240 237 234 232 231 230 229 228 227 226 225 225 226 228 230 231 231 230 230 228 228 227 227 226 225 225 224 225 225 224 224 224 223 223 223 224 224 225 225 226 227 227 228 224 224 224 224 224 223 223 223 224 224 225 225 225 226 226 226 228 228 229 230 231 232 233 233 235 235 235 235 235 235 235 235 239 239 238 238 238 238 238 238 237 237 237 237 237 237 237 237 235 234 233 231 229 228 227 226 224 224 224 224 224 223 223 223 224 224 224 224 225 225 225 225 227 227 227 228 228 228 229 229 229 228 228 227 226 226 225 225 224 224 224 224
251 251 252 252 252 253 253 253 252 251 250 249 248 247 247 246 247 247 248 250 251 252 253 254 255 255 255 255 255 255 255 255 255 255 255 255 255 255 255 255 255 255 254 254 254 254 254 254 254 254 252 250 248 246 245 244 245 245 245 245 245 245 245 245 242 242 243 243 243 243 244 244 247 246 245 244 243 242 241 240 241 241 240 241 242 244 247 248 252 253 255 255 255 255 255 254 255 251 245 241 239 237 235 234 231 231 230 229 228 227 226 226 225 226 228 230 230 230 229 229 228 228 227 227 226 226 225 225 224 224 224 224 223 223 223 223 224 224 225 225 226 226 227 227 224 224 224 224 224 224 224 224 225 225 225 226 226 226 227 227 228 229 229 230 231 232 233 234 234 234 234 234 234 234 234 234 237 237 237 236 236 236 235 235 235 235 236 236 236 236 237 237 234 234 232 231 229 228 226 226 224 224 224 224 223 223 223 223 224 224 224 224 225 225 225 225 228 228 228 228 229 229 229 229 229 229 228 228 227 226 226 226 225 225 224 224
250 250 250 251 251 252 252 252 251 251 251 251 251 251 250 250 251 251 252 252 253 253 254 254 255 255 255 255 255 255 255 255 255 255 255 255 255 255 255 255 255 255 255 255 255 255 255 255 255 255 254 252 250 248 246 245 244 244 244 244 244 244 244 244 241 242 242 242 243 243 244 244 245 245 245 244 243 242 242 242 241 241 240 241 243 245 247 249 253 254 255 255 255 255 255 254 255 250 243 238 236 235 234 233 231 230 230 229 228 227 227 226 225 226 228 229 230 230 229 228 228 228 228 227 226 226 225 225 224 224 224 223 223 223 223 222 224 224 224 225 226 226 227 227 224 224 224 224 224 224 225 225 226 226 226 227 227 227 227 228 229 229 230 231 232 233 234 234 234 234 234 234 234 234 234 234 235 235 235 234 234 233 233 233 234 234 235 235 236 236 236 236 234 233 232 231 229 227 226 225 223 223 223 223 223 223 224 224 224 224 224 224 225 225 225 225 228 228 228 229 229 229 230 230 230 229 229 228 228 227 226 226 225 225 225 225
249 249 249 250 250 251 251 251 251 251 252 252 252 253 253 253 254 254 254 254 254 254 254 254 255 255 255 255 255 255 255 255 255 255 255 255 255 255 255 255 255 255 255 255 255 255 255 255 255 255 255 253 251 248 246 245 244 244 244 244 244 244 244 244 241 241 241 242 243 243 243 244 244 244 244 244 243 243 243 243 241 241 240 241 243 245 247 249 253 254 255 255 255 255 255 254 255 249 242 237 235 234 234 233 231 230 230 229 228 227 227 226 225 227 228 229 230 229 229 228 229 228 228 227 227 226 225 225 224 224 224 223 223 223 222 222 223 224 224 225 225 226 227 227 224 224 224 224 224 225 225 225 226 226 227 227 227 228 228 228 229 230 230 231 232 233 234 234 233 233 233 233 233 233 233 233 234 234 233 233 232 232 231 231 233 234 234 235 235 236 236 236 234 233 232 230 229 227 226 225 223 223 223 223 223 223 224 224 224 224 224 224 225 225 225 225 228 228 229 229 229 230 230 230 230 230 229 229 228 227 227 226 226 225 225 225
245 246 248 250 251 251 251 250 250 251 251 252 252 253 254 254 255 255 255 255 255 255 255 255 255 255 255 255 255 255 255 255 255 255 255 255 255 255 255 255 254 254 254 254 254 254 254 254 255 255 254 253 252 251 250 250 246 245 245 244 243 242 241 241 239 239 239 240 240 241 241 241 243 243 243 243 243 243 243 243 242 241 241 242 244 246 249 250 255 255 255 255 255 255 254 254 246 245 243 240 238 235 233 232 231 230 230 229 227 226 226 225 224 224 225 225 226 227 227 228 226 226 226 226 226 226 226 226 225 224 224 223 222 221 220 220 224 224 224 224 224 224 224 224 225 225 225 225 225 225 225 225 225 226 227 228 229 230 231 232 231 231 232 233 234 234 235 235 231 231 231 230 230 229 229 229 229 229 229 229 229 230 230 230 231 231 231 231 232 232 232 232 229 229 228 227 226 225 224 224 223 223 223 223 223 223 223 223 223 223 224 224 225 226 227 227 230 230 230 230 231 231 231 231 231 231 230 229 228 227 226 226 225 225 225 224
244 246 248 250 251 251 251 251 251 251 251 252 253 253 254 254 255 255 255 255 255 255 255 255 255 255 255 255 255 255 255 255 255 255 255 255 255 255 255 255 254 254 254 254 254 254 254 254 255 254 254 253 252 251 250 250 246 246 245 244 243 242 241 241 239 239 239 240 240 241 241 241 243 243 243 243 243 243 243 243 242 241 241 242 244 246 249 250 255 255 254 253 252 252 251 251 246 245 243 241 238 236 234 233 232 232 231 229 228 226 225 225 224 224 224 225 225 226 226 227 226 226 226 226 226 226 226 226 225 224 224 223 222 221 221 220 224 224 224 224 224 224 224 224 225 225 225 225 225 225 225 225 226 226 227 228 229 230 231 231 231 231 232 232 233 234 234 235 231 231 231 230 229 229 229 228 228 228 228 228 228 228 229 229 230 230 231 231 231 232 232 232 229 228 228 227 226 225 224 224 223 223 223 223 223 223 223 223 223 223 224 225 225 226 227 227 230 230 230 231 231 231 232 232 231 231 230 229 228 227 227 226 225 225 225 225
244 245 248 250 251 252 251 251 251 251 252 252 253 253 254 254 255 255 255 255 255 255 255 255 255 255 255 255 255 255 255 255 255 255 255 255 255 255 255 255 254 254 254 254 254 254 254 254 255 254 253 253 251 251 250 249 247 246 246 245 244 243 242 241 239 239 240 240 240 240 241 241 243 243 243 243 243 243 243 243 242 241 241 242 244 246 249 250 254 253 252 251 250 248 247 247 247 246 244 242 239 237 235 234 235 234 232 231 229 227 225 224 224 224 224 224 225 225 225 225 226 226 226 226 226 226 226 226 225 224 224 223 223 222 222 221 224 224 224 224 224 224 224 224 225 225 225 225 225 225 225 225 226 226 227 228 229 230 231 231 230 231 231 232 232 233 233 234 231 230 230 229 229 228 227 227 225 225 225 226 226 226 227 227 230 230 230 230 231 231 231 231 229 228 227 227 225 225 224 223 223 223 223 223 223 223 223 223 223 223 224 225 226 227 228 228 231 231 231 231 232 232 232 232 232 232 231 230 229 228 227 227 226 226 226 225
243 245 247 250 251 252 252 252 251 251 252 252 253 254 254 255 255 255 255 255 255 255 255 255 255 255 255 255 255 255 255 255 255 255 255 255 255 255 255 255 254 254 254 254 254 254 254 254 254 254 253 252 251 250 249 249 247 247 246 245 244 243 242 242 240 240 240 240 240 240 240 240 243 243 243 243 243 243 243 243 242 241 241 242 244 246 249 250 254 254 252 251 249 248 247 246 249 248 246 243 240 238 236 235 237 236 234 232 230 228 226 225 224 224 224 224 224 224 224 224 226 226 226 226 226 226 226 226 225 225 224 224 223 223 223 222 224 224 224 224 224 224 224 224 225 225 225 225 225 225 225 225 226 227 227 228 229 230 230 231 230 230 230 231 231 232 232 232 230 230 229 228 228 227 226 226 222 223 223 223 224 225 225 225 229 229 229 229 230 230 230 230 228 228 227 226 225 224 223 223 223 223 223 223 223 223 223 223 223 223 224 226 227 228 229 229 232 232 232 232 233 233 233 233 233 233 232 231 230 229 228 228 227 226 226 226
243 244 247 250 251 252 252 252 251 252 252 253 254 254 255 255 255 255 255 255 255 255 255 255 255 255 255 255 255 255 255 255 255 255 255 255 255 255 255 255 254 254 254 254 254 254 254 254 254 254 253 252 251 250 249 249 248 248 247 246 245 244 243 243 240 240 240 240 240 240 240 240 242 242 242 242 242 242 242 242 242 241 241 242 244 246 249 250 255 255 254 253 251 250 249 248 250 249 247 245 242 239 237 236 237 237 235 233 231 229 228 227 226 226 226 225 225 224 224 223 226 226 226 226 226 226 226 226 225 225 225 224 224 224 224 224 225 225 225 225 225 225 225 225 225 225 225 225 225 225 225 225 227 227 228 228 229 229 230 230 229 229 230 230 230 230 230 231 230 229 229 228 226 225 225 224 220 221 221 222 223 223 224 224 228 228 228 228 229 229 229 229 228 228 227 226 225 224 223 223 223 223 223 223 223 223 223 223 223 224 225 226 228 229 230 231 233 233 233 233 234 234 234 234 234 234 233 232 231 230 229 229 227 227 227 227
242 244 247 249 251 253 253 253 252 252 253 253 254 254 255 255 255 255 255 255 255 255 255 255 255 255 255 255 255 255 255 255 255 255 255 255 255 255 255 255 254 254 254 254 254 254 254 254 254 253 252 252 250 250 249 248 249 248 247 246 245 244 244 243 241 241 240 240 240 240 239 239 242 242 242 242 242 242 242 242 242 241 241 242 244 246 249 250 255 255 254 254 253 252 252 252 251 250 248 246 243 241 239 238 237 236 235 234 233 231 230 230 229 229 228 227 226 225 224 224 226 226 226 226 226 226 226 226 225 225 225 225 225 225 225 225 225 225 225 225 225 225 225 225 225 225 225 225 225 225 225 225 228 228 228 228 229 229 229 229 229 229 229 229 229 229 229 229 229 229 228 227 225 224 223 223 219 220 220 221 222 223 224 224 227 227 227 227 228 228 228 228 228 227 226 226 224 224 223 222 223 223 223 223 223 223 223 223 223 224 225 227 228 230 231 232 234 234 234 234 235 235 235 235 235 235 234 233 232 231 230 230 228 228 227 227
242 244 246 249 252 253 253 253 252 252 253 253 254 255 255 255 255 255 255 255 255 255 255 255 255 255 255 255 255 255 255 255 255 255 255 255 255 255 255 255 254 254 254 254 254 254 254 254 253 253 252 251 250 249 249 248 249 249 248 247 246 245 244 244 241 241 241 240 240 239 239 239 242 242 242 242 242 242 242 242 242 241 241 242 244 246 249 250 253 253 253 253 253 254 254 254 252 251 249 247 244 242 240 239 236 236 235 235 234 234 233 233 231 231 230 229 227 226 225 225 226 226 226 226 226 226 226 226 225 225 225 225 226 226 226 226 225 225 225 225 225 225 225 225 225 225 225 225 225 225 225 225 228 228 228 228 229 229 229 229 229 229 228 228 228 228 228 228 229 229 227 226 225 223 222 221 219 220 220 222 223 224 225 225 226 226 226 227 227 227 228 228 227 227 226 225 224 223 223 222 223 223 223 223 223 223 223 223 223 224 225 227 229 231 232 233 234 234 235 235 235 236 236 236 236 235 235 234 233 232 231 231 228 228 228 228
242 244 246 249 252 253 253 253 252 252 253 254 254 255 255 255 255 255 255 255 255 255 255 255 255 255 255 255 255 255 255 255 255 255 255 255 255 255 255 255 254 254 254 254 254 254 254 254 253 253 252 251 250 249 248 248 249 249 248 247 246 245 245 244 241 241 241 240 240 239 239 239 242 242 242 242 242 242 242 242 242 241 241 242 244 246 249 250 251 251 252 252 253 254 254 254 253 252 250 247 245 242 240 239 235 235 235 235 235 235 235 235 233 232 231 230 228 227 226 225 226 226 226 226 226 226 226 226 225 225 225 226 226 226 226 226 225 225 225 225 225 225 225 225 225 225 225 225 225 225 225 225 228 228 228 228 229 229 229 229 228 228 228 228 228 228 227 227 229 228 227 226 224 223 221 221 219 220 221 222 223 224 225 226 226 226 226 226 227 227 227 227 227 227 226 225 224 223 222 222 223 223 223 223 223 223 223 223 223 224 225 227 229 231 232 233 235 235 235 235 236 236 236 236 236 236 235 234 233 232 231 231 229 228 228 228
243 244 245 248 250 253 254 255 255 255 255 255 255 255 255 255 255 255 255 255 255 255 255 255 255 255 255 255 255 255 255 255 253 253 253 253 252 252 252 252 255 255 255 255 255 255 255 255 252 251 249 248 247 248 249 249 250 250 249 249 248 247 247 247 243 242 242 240 239 238 237 237 236 238 241 243 245 245 245 244 243 243 244 245 246 247 247 248 254 254 254 254 254 254 254 254 253 252 250 248 246 244 242 241 239 239 239 239 238 238 238 238 236 236 234 233 231 230 229 228 227 227 227 227 227 227 227 227 227 227 228 228 229 229 230 230 228 228 227 226 225 224 224 223 225 225 224 224 224 224 224 224 225 225 225 226 226 226 226 226 225 225 225 225 225 225 225 225 224 224 223 222 221 220 220 219 217 218 218 219 220 221 222 222 227 227 227 227 227 227 227 228 227 227 226 226 225 225 224 224 224 224 224 224 224 224 224 224 225 225 227 228 230 232 234 234 236 236 236 237 237 237 238 238 238 238 237 236 235 233 233 232 228 228 228 228
243 244 246 248 250 253 254 255 255 255 255 255 255 255 255 255 255 255 255 255 255 255 255 255 255 255 255 255 255 255 255 255 254 253 253 253 253 252 252 252 255 255 255 255 255 255 255 255 252 251 249 248 248 248 249 249 250 250 249 249 248 247 247 247 243 242 242 240 239 238 237 237 236 237 240 242 244 244 244 243 242 242 243 244 245 246 247 247 253 253 253 253 253 253 253 253 253 252 250 248 246 244 242 241 240 240 240 239 239 239 238 238 237 236 235 234 232 231 230 229 228 228 228 228 228 228 228 228 228 228 228 229 229 230 230 230 229 229 228 227 226 225 224 224 225 225 225 225 224 224 224 224 225 225 225 225 226 226 226 226 224 224 224 224 224 224 224 224 224 224 223 222 221 220 219 219 217 217 218 219 220 221 222 222 226 227 227 227 227 227 227 227 227 227 226 226 225 225 224 224 224 224 224 224 225 225 225 225 226 227 228 230 232 233 235 235 237 237 237 238 238 238 239 239 238 238 237 236 235 233 233 232 228 228 228 228
245 246 247 249 251 253 254 255 255 255 255 255 255 255 255 255 255 255 255 255 255 255 255 255 255 255 255 255 255 255 255 255 254 254 253 253 253 253 252 252 255 255 255 255 255 255 255 255 253 252 250 248 248 248 249 249 250 249 249 248 248 247 247 246 243 242 241 240 239 238 237 236 235 236 238 240 241 242 242 242 240 241 241 242 243 244 245 246 251 251 251 252 252 253 253 253 253 252 250 249 247 245 243 242 241 241 241 240 240 240 239 239 237 237 236 235 233 232 231 231 230 230 230 230 230 230 230 230 230 230 230 230 231 231 231 231 231 230 230 229 228 227 226 225 226 226 226 225 225 225 224 224 225 225 225 225 225 225 225 225 224 224 224 224 224 224 224 224 224 223 222 221 220 219 219 218 216 217 217 218 219 220 221 222 226 226 226 226 227 227 227 227 226 226 226 226 225 225 225 225 225 225 225 225 226 226 226 226 228 229 230 232 233 235 236 237 239 239 239 239 240 240 240 240 239 238 237 236 235 234 233 232 228 228 228 228
247 248 249 250 252 253 254 255 255 255 255 255 255 255 255 255 255 255 255 255 255 255 255 255 255 255 255 255 255 255 255 255 254 254 254 253 253 253 253 252 254 254 254 254 254 254 254 254 254 252 251 249 248 248 248 249 249 249 249 248 247 247 246 246 243 243 241 240 238 237 236 235 234 235 236 237 238 239 240 240 238 239 240 241 242 243 243 244 248 249 249 250 251 252 252 252 253 252 251 249 247 246 244 244 242 242 242 241 241 241 241 240 239 238 237 236 235 234 233 233 232 232 232 232 232 232 232 232 232 232 232 232 233 233 233 233 233 232 231 230 229 228 228 227 227 227 226 226 225 225 224 224 225 225 225 224 224 224 224 224 223 223 223 223 223 223 223 223 223 223 222 221 220 219 218 218 216 216 217 218 219 220 221 221 224 225 225 226 226 227 227 227 226 226 226 226 225 225 225 225 225 226 226 227 227 228 228 228 231 231 232 234 235 237 238 238 240 240 241 241 241 242 242 242 240 239 238 237 235 234 232 232 228 228 228 228
249 250 250 251 253 254 254 255 255 255 255 255 255 255 255 255 255 255 255 255 255 255 255 255 255 255 255 255 255 255 255 255 255 254 254 254 254 253 253 253 254 254 254 254 254 254 254 254 255 253 251 249 248 248 248 249 249 249 248 248 247 246 246 246 243 243 241 240 238 236 235 234 233 233 233 234 235 236 237 237 236 237 237 238 239 240 241 242 245 246 247 248 249 250 251 252 253 252 251 250 248 247 245 245 244 243 243 243 243 242 242 242 240 239 239 238 237 236 235 235 234 234 234 234 234 234 234 234 235 235 235 235 234 234 234 234 235 234 234 233 232 231 230 229 228 228 227 227 226 225 225 224 225 225 224 224 223 223 223 222 223 223 223 223 223 223 223 223 222 222 221 220 219 218 217 217 215 215 216 217 218 219 220 220 223 223 224 225 226 226 227 227 225 225 225 225 226 226 226 226 226 226 227 228 229 229 230 230 232 233 234 235 236 237 238 239 241 241 241 242 242 242 243 243 241 240 239 237 235 234 232 232 228 228 228 228
251 251 252 253 253 254 255 255 255 255 255 255 255 255 255 255 255 255 255 255 255 255 255 255 255 255 255 255 255 255 255 255 255 255 254 254 254 254 253 253 254 254 254 254 254 254 254 254 255 254 252 250 248 248 248 249 249 248 248 247 247 246 246 245 244 243 241 240 237 236 234 233 232 232 231 231 232 233 235 235 234 235 236 237 238 239 239 240 243 243 245 246 248 249 251 251 253 252 251 250 249 247 246 246 245 245 244 244 244 243 243 243 241 240 240 239 239 238 237 237 236 236 236 236 236 236 236 236 237 237 237 237 236 236 236 236 237 236 235 234 233 232 232 231 230 229 228 227 226 226 225 224 225 224 224 223 223 222 222 221 222 222 222 222 222 222 222 222 222 221 221 220 219 218 217 216 214 215 216 217 218 219 219 220 222 222 223 224 225 226 227 227 225 225 225 225 226 226 226 226 227 227 228 229 230 231 232 232 233 233 234 235 236 237 238 238 241 241 241 241 242 242 242 242 242 241 239 238 235 234 232 231 228 228 228 228
253 253 253 254 254 254 255 255 255 255 255 255 255 255 255 255 255 255 255 255 255 255 255 255 255 255 255 255 255 255 255 255 255 255 255 254 254 254 254 253 253 253 253 253 253 253 253 253 255 255 252 250 249 248 248 248 248 248 248 247 246 246 245 245 244 243 241 239 237 235 234 233 231 230 229 229 229 231 233 234 233 233 234 235 236 237 238 238 241 242 243 245 247 249 250 251 253 253 252 251 249 248 247 247 246 246 245 245 245 244 244 244 242 241 241 240 240 239 239 239 238 238 238 238 238 238 238 238 239 239 239 238 238 237 237 237 238 238 237 236 235 234 233 233 230 230 229 228 227 226 225 225 225 224 224 223 222 221 221 220 222 222 222 222 222 222 222 222 221 221 220 219 218 217 216 216 214 214 215 216 217 218 219 219 221 222 222 223 225 226 227 227 224 224 225 225 226 226 227 227 227 228 229 230 231 232 233 233 233 233 234 235 236 236 237 237 240 240 240 241 241 241 242 242 242 241 240 238 236 234 232 231 228 228 228 228
254 254 254 254 254 254 255 255 255 255 255 255 255 255 255 255 255 255 255 255 255 255 255 255 255 255 255 255 255 255 255 255 255 255 255 255 254 254 254 254 253 253 253 253 253 253 253 253 255 255 253 250 249 248 248 248 248 248 248 247 246 246 245 245 244 243 241 239 237 235 233 232 231 230 228 228 228 230 232 233 232 233 233 234 235 236 237 237 240 240 242 244 246 248 250 251 253 253 252 251 250 249 248 247 246 246 246 246 245 245 245 245 242 242 242 241 241 240 240 240 239 239 239 239 239 239 239 239 240 240 239 239 238 238 237 237 239 238 238 237 236 235 234 234 231 230 230 228 227 226 225 225 225 224 224 223 222 221 220 220 221 221 221 221 221 221 221 221 221 220 220 219 218 217 216 216 214 214 215 216 217 218 218 219 221 221 222 223 224 226 226 227 224 224 225 225 226 226 227 227 228 228 229 230 232 233 234 234 233 233 233 234 235 236 236 237 239 240 240 240 240 241 241 241 243 242 240 238 236 234 232 231 228 228 228 228
253 254 255 255 255 255 254 253 255 255 255 255 255 255 255 255 255 255 255 255 255 255 255 255 255 255 255 255 255 255 255 255 255 255 255 255 255 255 255 255 255 255 255 255 255 255 255 255 255 255 255 254 253 251 250 250 249 249 248 247 246 245 245 244 243 243 241 239 238 236 234 234 232 231 229 227 227 227 227 228 228 228 228 228 230 233 235 237 238 238 239 240 242 243 244 245 249 250 251 252 251 250 249 248 249 250 250 247 247 249 248 245 246 245 245 244 243 242 242 241 239 239 240 241 242 243 244 245 243 241 242 243 243 243 242 238 239 239 239 238 237 237 236 236 235 234 233 231 230 228 227 226 224 224 224 224 223 223 223 223 225 225 224 224 224 223 223 223 223 222 222 221 220 219 218 218 214 213 212 212 212 214 215 216 217 217 217 218 219 222 224 226 224 224 225 227 228 229 230 231 232 232 232 232 232 232 232 232 233 233 234 235 236 237 238 238 237 238 238 239 239 240 240 240 237 237 236 235 233 232 231 231 227 227 227 227
252 253 255 255 255 255 254 253 255 255 255 255 255 255 255 255 255 255 255 255 255 255 255 255 255 255 255 255 255 255 255 255 255 255 255 255 255 255 255 255 255 255 255 255 255 255 255 255 255 255 255 254 252 251 250 250 249 249 248 247 246 245 244 244 243 242 241 239 238 236 235 234 231 230 228 227 226 226 226 227 228 227 227 228 230 232 235 236 237 238 239 240 241 243 244 244 248 249 251 251 252 251 250 249 254 245 244 250 250 246 246 249 245 245 245 246 246 247 247 247 249 248 248 247 246 245 244 244 239 238 241 245 235 238 240 238 240 240 239 238 238 237 237 236 235 235 234 232 230 229 227 227 225 225 225 224 224 224 223 223 225 225 225 224 224 224 223 223 223 223 222 221 220 219 218 218 214 214 212 212 212 213 215 216 217 217 217 217 219 222 224 226 224 225 226 227 228 229 230 231 232 232 232 232 232 232 232 232 233 233 234 235 236 237 237 238 237 237 237 238 238 239 239 239 236 236 235 234 233 232 231 230 227 227 227 227
252 253 254 255 255 255 254 253 255 255 255 255 255 255 255 255 255 255 255 255 255 255 255 255 255 255 255 255 255 255 255 255 255 255 255 255 255 255 255 255 255 255 255 255 255 255 255 255 255 255 254 253 252 251 250 249 249 248 247 246 245 244 244 243 243 242 241 239 238 236 235 234 231 229 227 225 224 224 225 225 227 227 227 228 229 232 234 236 237 237 238 239 241 242 243 243 248 249 250 251 252 251 250 249 251 248 252 254 248 245 250 252 251 251 250 250 249 248 248 247 250 250 250 249 248 247 247 247 246 244 238 245 241 248 243 241 241 241 240 239 239 238 238 237 236 236 234 233 231 230 228 228 226 226 226 225 225 225 224 224 225 225 225 225 224 224 224 224 224 223 223 222 221 220 219 218 215 214 213 212 212 213 214 215 216 216 216 217 218 221 223 225 225 225 226 227 229 230 231 231 233 233 233 233 233 233 233 233 233 233 234 234 235 235 236 236 236 236 237 237 237 237 238 238 235 235 234 233 232 231 230 230 227 227 227 227
251 252 253 255 255 255 254 254 255 255 255 255 255 255 255 255 255 255 255 255 255 255 255 255 255 255 255 255 255 255 255 255 255 255 255 255 255 255 255 255 255 255 255 255 255 255 255 255 255 255 254 253 251 250 249 248 248 248 247 246 245 244 243 243 242 242 241 239 238 236 235 235 230 229 227 225 223 223 223 224 226 226 226 227 229 231 234 235 236 236 237 238 240 241 242 242 246 248 249 251 252 252 251 251 255 250 252 255 254 255 255 255 253 253 253 253 253 253 253 253 250 250 250 249 249 249 248 248 246 252 241 244 241 245 236 243 242 242 241 241 240 239 239 239 238 237 236 234 232 231 230 229 227 227 227 226 226 226 226 225 226 226 226 225 225 225 224 224 224 224 223 222 221 220 219 219 216 215 214 212 212 212 213 214 215 215 215 216 217 220 222 224 225 226 227 228 229 231 232 232 233 233 233 233 233 233 233 233 233 233 233 233 234 234 234 234 235 235 235 235 235 236 236 236 233 233 232 232 231 230 229 229 227 227 227 227
250 251 253 254 255 255 254 254 255 255 255 255 255 255 255 255 255 255 255 255 255 255 255 255 255 255 255 255 255 255 255 255 255 255 255 255 255 255 255 255 255 255 255 255 255 255 255 255 255 254 253 252 250 249 248 248 247 247 246 245 244 243 242 242 242 241 240 239 238 237 236 235 231 229 227 225 223 223 223 223 226 226 226 226 228 231 233 234 235 235 236 237 239 240 241 241 245 247 249 251 252 252 252 252 253 253 254 254 251 249 252 255 255 255 255 255 255 254 253 253 255 255 255 255 254 252 251 251 247 248 243 247 244 249 243 244 243 243 243 242 241 241 240 240 239 238 237 236 234 232 231 230 229 228 228 228 228 227 227 227 227 227 226 226 226 225 225 225 225 225 224 223 222 221 220 220 217 216 214 212 212 212 212 213 214 214 214 215 216 219 221 223 226 226 227 229 230 231 232 233 234 234 234 234 234 234 234 234 233 233 233 233 232 232 232 232 234 234 234 234 234 233 233 233 231 231 231 230 230 229 229 228 227 227 227 227
249 250 252 254 255 255 255 254 255 255 255 255 255 255 255 255 255 255 255 255 255 255 255 255 255 255 255 255 255 255 255 255 255 255 255 255 255 255 255 255 255 255 255 255 255 255 255 255 254 253 252 251 250 249 248 247 247 246 246 245 244 243 242 241 241 241 240 239 238 237 236 236 232 231 228 226 224 223 223 224 225 225 225 226 227 230 232 234 234 234 235 236 238 239 240 240 244 246 248 251 252 253 253 253 246 255 255 253 255 255 251 248 251 252 252 253 254 255 255 255 253 253 254 255 255 255 255 255 253 250 255 254 246 243 245 240 245 244 244 243 243 242 241 241 240 240 238 237 235 234 232 232 230 230 229 229 229 228 228 228 227 227 227 227 226 226 226 226 226 225 224 223 222 221 221 220 218 217 215 213 211 211 211 212 213 213 213 214 215 218 220 222 227 227 228 229 231 232 233 233 234 234 234 234 234 234 234 234 233 233 232 232 231 231 230 230 233 233 232 232 232 232 231 231 229 229 229 229 228 228 228 228 227 227 227 227
248 250 252 254 255 255 255 254 255 255 255 255 255 255 255 255 255 255 255 255 255 255 255 255 255 255 255 255 255 255 255 255 255 255 255 255 255 255 255 255 255 255 255 255 255 255 255 255 253 253 252 251 249 248 247 247 246 246 245 244 243 242 241 241 241 240 240 239 238 237 237 236 234 232 230 227 225 224 224 224 225 224 224 225 227 229 232 233 233 233 234 236 237 238 239 240 244 245 248 250 252 253 254 254 251 255 250 255 255 231 184 170 184 186 190 195 200 205 209 211 222 223 226 229 233 237 239 241 240 245 249 243 255 249 246 246 246 245 245 244 244 243 242 242 241 241 239 238 236 234 233 233 231 231 230 230 230 229 229 229 228 228 227 227 227 226 226 226 226 226 225 224 223 222 221 221 219 218 215 213 211 211 211 211 212 212 212 213 215 217 220 221 227 228 229 230 231 232 233 234 235 235 235 235 235 235 235 235 233 233 232 231 230 229 229 228 232 232 232 231 231 230 230 230 228 228 228 228 227 227 227 227 227 227 227 227
248 249 251 253 255 255 255 254 255 255 255 255 255 255 255 255 255 255 255 255 255 255 255 255 255 255 255 255 255 255 255 255 255 255 255 255 255 255 255 255 255 255 255 255 255 255 255 255 253 253 252 250 249 248 247 246 246 245 245 244 243 242 241 241 241 240 240 239 238 237 237 236 235 233 231 228 226 225 225 225 224 224 224 225 227 229 232 233 232 233 234 235 237 238 239 239 243 245 247 250 253 254 254 254 255 253 252 255 222 110 36 49 51 52 53 54 55 57 58 58 57 58 61 64 68 71 73 75 75 79 77 114 231 255 251 248 246 246 245 245 244 243 243 243 242 241 240 238 237 235 234 233 231 231 231 231 230 230 230 230 228 228 228 227 227 227 226 226 226 226 225 224 223 222 222 221 220 218 216 213 211 210 210 210 212 212 212 213 214 217 219 221 227 228 229 230 231 233 234 234 235 235 235 235 235 235 235 235 233 233 232 231 230 229 228 228 232 231 231 230 230 229 229 229 227 227 227 227 227 227 227 227 227 227 227 227
251 252 252 253 254 255 255 255 255 255 255 255 255 255 255 255 255 255 255 255 255 255 255 255 255 255 255 255 255 255 255 255 255 255 255 255 255 255 255 255 255 255 255 255 255 255 255 255 255 253 251 249 247 247 247 248 243 243 243 243 243 243 243 243 242 242 242 241 240 240 239 239 236 235 233 231 229 229 229 229 227 227 228 228 229 230 230 231 234 234 235 236 237 238 239 239 244 246 248 246 251 255 255 255 255 255 253 199 78 53 76 86 88 85 83 83 81 80 83 89 78 78 78 78 78 78 78 77 73 62 70 43 100 245 255 240 251 250 241 243 249 244 248 240 241 241 240 239 238 237 236 236 233 233 233 232 232 232 232 231 228 228 228 228 227 227 226 226 228 227 226 225 224 222 221 221 218 217 214 212 210 210 210 210 211 210 211 212 214 217 219 221 223 225 227 230 232 232 232 232 234 234 234 234 234 234 234 234 231 231 230 229 228 227 227 226 229 229 228 228 227 227 226 226 226 226 227 227 227 227 227 227 226 226 226 226
252 252 253 253 254 255 255 255 255 255 255 255 255 255 255 255 255 255 255 255 255 255 255 255 255 255 255 255 255 255 255 255 255 255 255 255 255 255 255 255 255 255 255 255 255 255 255 255 255 253 251 249 248 247 247 248 244 244 244 244 244 244 244 244 242 242 241 241 240 239 239 239 237 236 233 231 230 230 230 230 228 228 229 229 230 231 231 231 234 235 235 236 237 238 239 239 240 244 242 250 250 251 255 248 255 254 164 57 75 82 93 98 72 71 74 82 86 84 81 81 87 87 87 88 88 89 89 89 93 84 88 89 46 114 230 255 248 247 247 247 247 254 245 255 241 241 240 239 238 237 237 236 233 233 233 233 232 232 232 232 229 229 228 228 227 227 226 226 227 227 226 225 223 222 221 221 218 216 214 212 210 210 210 210 211 211 211 212 214 217 220 221 224 225 228 230 232 233 233 232 234 234 234 234 234 234 234 234 231 231 230 229 228 227 227 226 228 227 227 227 226 226 225 225 226 226 226 226 226 226 227 227 227 227 227 227
252 253 253 254 254 255 255 255 255 255 255 255 255 255 255 255 255 255 255 255 255 255 255 255 255 255 255 255 255 255 255 255 255 255 255 255 255 255 255 255 255 255 255 255 255 255 255 255 255 254 251 249 248 247 248 248 245 245 245 245 245 245 245 245 242 242 241 241 240 239 239 239 239 237 235 233 231 231 231 232 229 230 230 231 231 232 233 233 235 235 236 237 238 239 240 240 246 238 252 249 243 251 252 255 249 141 61 69 85 105 134 140 110 93 77 76 82 85 81 78 81 81 82 82 83 84 84 85 103 135 118 100 65 57 123 244 255 244 251 246 243 242 243 250 242 241 240 240 238 238 237 236 234 234 234 233 233 233 232 232 230 230 229 228 228 227 227 226 227 226 225 224 223 222 221 220 217 216 214 212 210 210 210 211 211 211 211 213 215 217 220 222 224 226 228 231 232 233 233 233 234 234 234 234 234 234 234 234 231 231 230 229 228 227 226 226 226 226 225 225 225 224 224 224 224 225 225 225 226 226 226 226 228 228 228 228
253 253 254 254 255 255 255 255 255 255 255 255 255 255 255 255 255 255 255 255 255 255 255 255 255 255 255 255 255 255 255 255 255 255 255 255 255 255 255 255 255 255 255 255 255 255 255 255 255 254 252 250 248 248 248 248 245 245 245 245 245 245 245 245 243 243 242 242 241 240 240 239 240 239 237 235 233 233 233 233 231 231 232 233 233 234 234 235 236 236 237 238 239 240 241 241 237 250 250 252 255 252 245 239 114 63 73 106 97 120 155 158 139 102 60 39 39 44 46 44 50 50 50 50 50 50 50 50 144 149 163 140 96 73 56 125 243 255 248 244 255 250 245 236 242 242 241 240 239 238 237 237 235 234 234 234 233 233 233 233 231 231 230 229 228 227 227 226 226 226 225 224 222 221 220 219 217 216 214 212 210 210 211 211 212 212 212 213 215 218 221 222 225 226 229 231 233 234 234 234 234 234 234 234 234 234 234 234 231 230 230 229 228 227 226 226 224 224 224 224 224 224 223 223 224 224 224 225 225 226 226 227 228 228 228 228
254 254 254 255 255 255 255 255 255 255 255 255 255 255 255 255 255 255 255 255 255 255 255 255 255 255 255 255 255 255 255 255 255 255 255 255 255 255 255 255 255 255 255 255 255 255 255 255 255 254 252 250 249 248 248 249 247 247 247 247 247 247 247 247 245 244 244 243 243 242 241 241 242 241 239 237 235 235 235 236 233 234 234 235 235 236 237 237 237 237 238 239 240 241 242 242 255 244 250 251 247 255 204 82 54 85 102 85 108 167 167 151 169 159 153 158 167 170 167 164 173 172 171 170 169 168 167 166 163 148 174 181 120 85 72 60 125 236 255 245 237 250 242 246 242 242 241 240 239 238 237 237 235 235 235 235 234 234 234 233 232 232 231 230 229 228 227 226 226 225 224 223 221 220 219 219 216 215 213 211 211 211 211 212 213 213 213 214 216 219 221 223 226 227 229 232 234 234 234 234 235 235 235 235 235 235 235 235 230 230 229 228 227 226 226 225 223 223 223 223 223 224 224 224 224 224 225 225 226 227 228 228 230 230 230 230
255 255 255 255 255 255 255 255 255 255 255 255 255 255 255 255 255 255 255 255 255 255 255 255 255 255 255 255 255 255 255 255 255 255 255 255 255 255 255 255 255 255 255 255 255 255 255 255 255 255 252 250 249 248 249 249 247 247 247 247 247 247 247 247 247 247 246 246 245 244 244 244 244 243 241 239 237 237 237 237 235 235 236 237 237 238 238 239 238 238 239 240 241 242 243 243 243 248 249 255 255 167 65 64 94 113 83 55 117 181 168 167 165 173 186 197 200 197 198 201 205 205 203 201 199 197 196 195 167 175 167 184 159 82 81 87 47 126 236 255 255 247 251 248 243 242 241 241 239 239 238 237 236 236 235 235 235 234 234 234 233 233 232 231 229 228 227 227 225 224 223 222 221 220 219 218 216 215 213 211 211 211 212 212 213 213 213 214 217 219 222 224 226 228 230 233 234 235 235 235 235 235 235 235 235 235 235 235 230 230 229 228 227 226 225 225 223 223 223 224 224 224 225 225 225 225 226 227 228 229 230 230 230 230 230 230
255 255 255 255 255 255 255 255 255 255 255 255 255 255 255 255 255 255 255 255 255 255 255 255 255 255 255 255 255 255 255 255 255 255 255 255 255 255 255 255 255 255 255 255 255 255 255 255 255 255 253 250 249 249 249 249 248 248 248 248 248 248 248 248 250 249 249 248 247 247 246 246 246 244 242 240 239 238 239 239 237 237 237 238 239 239 240 240 239 239 240 241 242 243 243 244 245 243 255 240 135 51 69 100 95 94 58 53 160 184 167 159 172 179 191 200 202 200 202 207 208 207 206 204 202 201 199 199 168 169 176 194 181 82 67 81 84 60 121 212 218 247 251 241 243 242 242 241 240 239 238 238 236 236 236 236 235 235 235 235 234 234 233 231 230 228 227 227 224 224 223 222 220 219 218 218 215 214 213 211 211 211 212 213 214 214 214 215 217 220 222 224 227 228 231 233 235 236 236 235 235 235 235 235 235 235 235 235 230 229 229 228 227 226 225 225 224 224 224 225 225 226 226 226 226 227 227 229 230 231 232 232 231 231 231 231
255 255 255 255 255 255 255 255 255 255 255 255 255 255 255 255 255 255 255 255 255 255 255 255 255 255 255 255 255 255 255 255 255 255 255 255 255 255 255 255 255 255 255 255 255 255 255 255 255 255 253 251 249 249 249 249 249 249 249 249 249 249 249 249 251 251 250 250 249 248 248 248 247 245 243 241 240 239 239 240 237 238 238 239 240 240 241 241 239 239 240 241 242 243 244 244 255 252 171 67 53 86 96 104 84 46 70 181 199 186 184 170 122 115 112 114 118 118 117 117 120 120 119 118 116 115 114 114 106 128 168 193 206 102 62 78 87 78 68 37 45 147 254 246 243 243 242 241 240 239 238 238 237 236 236 236 236 235 235 235 235 234 233 232 230 228 227 227 224 224 223 221 220 219 218 217 215 214 213 211 211 211 212 213 214 214 214 215 217 220 223 224 227 228 231 233 235 236 236 236 235 235 235 235 235 235 235 235 230 229 229 228 227 226 225 225 224 224 225 225 226 226 227 227 227 228 228 230 231 232 233 233 232 232 232 232
255 255 255 255 255 255 255 255 255 255 255 255 255 255 255 255 254 255 255 255 255 254 254 253 255 255 255 255 255 255 255 255 255 255 255 255 255 255 255 255 255 255 255 255 254 254 254 254 254 253 253 252 251 250 250 249 248 248 248 248 248 248 248 248 253 254 255 255 255 254 253 252 251 250 247 245 243 242 241 242 239 239 239 240 240 241 241 241 244 238 244 235 248 243 241 255 253 178 52 49 98 104 97 70 41 90 210 241 173 188 180 169 87 63 38 30 38 45 42 34 43 42 42 40 39 38 37 37 57 103 172 186 208 202 86 54 86 91 85 59 20 41 169 255 250 245 240 241 236 235 242 240 238 238 238 237 236 236 235 235 236 236 235 233 231 230 228 228 224 224 223 221 220 219 218 217 213 213 213 213 212 212 212 212 212 213 215 217 220 222 223 224 231 231 232 233 235 236 237 237 238 238 238 237 237 236 236 235 229 229 228 227 227 226 225 225 225 225 226 226 227 228 228 229 230 231 231 232 233 234 235 236 235 235 235 235
255 255 255 255 255 255 255 255 255 255 255 255 255 255 255 255 255 255 254 254 255 255 255 255 255 255 255 255 255 255 255 255 255 255 255 255 255 255 255 255 255 255 255 255 254 254 254 254 254 253 253 252 251 250 250 249 248 248 248 248 249 249 249 249 253 254 255 255 255 254 253 252 251 250 247 244 243 242 242 242 239 240 240 241 241 242 242 242 245 248 236 254 234 253 255 249 166 60 67 94 105 95 63 38 120 224 244 147 119 200 190 169 141 129 114 105 104 107 107 107 119 119 118 117 116 115 114 113 149 148 163 194 191 181 222 81 53 73 93 86 70 31 22 177 255 237 244 245 242 245 240 242 239 239 238 238 237 236 236 236 237 236 235 233 231 230 229 228 224 224 223 221 220 219 218 217 213 213 213 213 213 213 213 213 213 214 216 218 220 223 224 225 231 232 233 234 235 237 238 238 239 238 238 237 236 236 235 235 229 229 228 227 227 226 225 225 225 226 226 227 227 228 229 229 231 231 232 233 234 235 235 236 235 235 235 235
255 255 255 255 255 255 255 255 255 255 255 255 255 255 255 255 255 253 250 250 253 255 255 255 255 255 255 255 255 255 255 255 255 255 255 255 255 255 255 255 255 255 255 255 254 254 254 254 253 253 252 252 251 251 250 250 247 247 248 249 250 251 252 252 253 254 255 255 255 254 253 252 251 249 247 244 243 242 242 242 240 241 241 242 242 243 244 244 249 246 255 248 247 242 244 131 54 80 92 101 84 58 50 142 234 227 139 56 112 203 180 173 166 181 199 210 211 208 206 207 205 205 204 203 202 201 200 200 164 147 158 162 186 105 160 218 86 52 85 84 84 62 25 59 193 252 253 238 250 240 240 244 240 240 240 239 238 238 237 237 237 236 235 233 232 230 229 228 224 224 223 222 220 219 218 218 214 214 214 214 214 214 214 214 214 215 217 219 222 224 226 227 232 233 234 235 236 237 238 239 239 239 238 237 236 235 234 234 229 228 228 227 227 226 226 225 226 226 227 227 228 229 229 229 231 232 233 234 235 236 236 237 236 236 236 236
255 255 255 255 255 255 255 255 255 255 255 255 255 255 255 255 255 250 245 245 249 253 255 255 255 255 255 255 255 255 255 255 255 255 255 255 255 255 255 255 255 255 255 255 254 254 254 254 253 252 252 252 251 251 251 250 247 248 249 250 252 253 254 255 253 254 255 255 255 254 253 252 250 249 247 244 243 242 242 243 241 242 242 243 244 245 246 246 249 247 253 243 252 254 138 46 74 90 109 73 44 60 174 247 213 112 50 66 104 102 59 57 48 58 68 68 59 51 50 52 45 45 45 44 43 42 42 41 33 19 34 35 57 69 47 169 222 75 63 83 83 89 67 25 67 216 255 243 241 246 232 247 242 242 241 240 240 239 239 238 237 236 235 234 232 230 229 228 225 224 223 222 221 219 218 218 215 215 215 215 215 216 216 216 216 217 219 221 224 226 228 229 233 234 235 236 238 239 240 240 240 239 238 237 235 234 233 232 228 228 228 227 227 226 226 226 226 227 227 228 229 229 230 230 232 233 233 234 235 236 237 238 237 237 237 237
255 255 255 255 255 255 255 255 255 255 255 255 255 255 255 255 253 248 243 241 244 249 252 253 255 255 255 255 255 255 255 255 255 255 255 255 255 255 255 255 255 255 255 255 254 254 254 254 252 252 252 252 251 251 251 251 248 249 250 251 253 254 255 255 253 254 255 255 255 254 253 252 250 248 246 244 243 243 243 243 242 243 244 245 246 247 248 248 248 253 244 247 255 188 57 76 111 95 70 52 75 210 243 182 79 58 75 74 43 18 16 25 17 21 24 25 24 23 26 29 24 23 23 22 22 21 21 21 23 31 25 18 5 28 47 49 168 222 87 68 88 90 84 59 30 76 220 254 251 245 251 240 244 243 243 242 242 241 240 240 238 237 236 234 232 231 230 229 225 225 224 222 221 220 219 218 216 216 216 216 217 217 218 218 218 219 221 223 226 228 230 231 235 235 236 237 239 240 241 242 241 240 239 237 235 233 232 231 228 227 227 227 227 227 227 226 227 227 228 228 229 230 230 231 233 234 235 236 237 238 238 239 239 239 239 239
255 255 255 255 255 255 255 255 255 255 255 255 255 255 255 255 252 249 245 242 242 245 249 252 255 255 255 255 255 255 255 255 255 255 255 255 255 255 255 255 255 255 255 255 254 254 254 254 252 252 252 252 251 251 251 251 251 251 252 253 254 255 255 255 253 254 255 255 255 254 253 252 249 248 246 244 243 243 243 244 244 244 245 246 248 249 250 250 254 250 255 255 209 65 56 107 120 110 61 96 230 233 154 70 59 84 84 37 27 34 50 52 50 50 52 54 55 54 51 48 47 47 47 46 46 46 45 45 38 47 23 40 37 11 41 50 53 165 240 88 59 88 92 78 55 22 84 237 255 255 245 248 245 245 244 244 243 242 242 242 238 237 236 234 233 231 230 229 225 225 224 223 221 220 219 219 216 217 217 218 218 219 219 220 220 221 223 225 228 230 232 233 236 237 238 239 240 241 242 243 241 241 239 237 234 232 230 230 227 227 227 227 227 227 227 227 228 228 228 229 230 230 231 231 234 235 235 236 237 238 239 240 240 240 240 240
255 255 255 255 255 255 255 255 255 255 255 255 255 255 255 255 252 252 250 246 243 243 248 252 255 255 255 255 255 255 255 255 255 255 255 255 255 255 255 255 255 255 255 255 254 254 254 254 251 251 251 251 252 252 252 252 254 254 254 254 255 255 255 255 253 254 255 255 255 254 253 252 249 248 246 244 243 243 244 244 244 245 246 247 249 250 251 252 255 251 252 211 75 32 63 132 157 120 115 222 224 116 61 72 104 71 33 14 47 52 56 51 73 70 65 61 60 62 66 69 67 67 67 67 67 66 66 66 72 52 65 50 49 24 25 24 48 53 177 230 72 66 98 89 84 54 19 102 243 238 247 252 246 246 246 245 244 244 243 243 238 237 236 235 233 231 230 229 226 225 224 223 222 220 219 219 217 217 218 219 219 220 221 221 222 223 224 227 229 231 233 234 237 237 238 240 241 242 243 244 242 241 239 237 234 231 230 228 227 227 227 227 227 227 227 227 228 228 229 230 230 231 231 232 235 236 236 237 238 239 240 240 241 241 241 241
255 255 255 255 255 255 255 255 255 255 255 255 255 255 255 255 253 255 255 250 244 243 248 253 255 255 255 255 255 255 255 255 255 255 255 255 255 255 255 255 255 255 255 255 254 254 254 254 251 251 251 251 252 252 252 252 255 255 255 255 255 255 255 255 253 254 255 255 255 254 253 252 249 247 246 244 243 243 244 244 245 245 247 248 250 251 252 253 248 255 220 79 18 34 87 174 157 171 235 194 100 59 69 118 66 18 26 57 75 52 68 66 53 60 68 71 67 62 60 60 67 67 67 67 67 67 66 66 63 59 64 72 52 54 29 12 28 61 49 178 225 83 99 138 108 70 28 25 123 253 255 238 247 247 246 246 245 244 244 244 238 238 236 235 233 231 230 230 226 225 224 223 222 220 219 219 217 218 218 219 220 221 221 222 223 224 225 227 230 232 234 235 238 238 239 240 242 243 244 244 242 241 239 237 234 231 229 228 226 227 227 227 227 227 227 228 228 229 229 230 231 231 232 232 235 236 237 238 239 240 240 241 241 241 241 241
255 255 255 255 255 255 255 255 255 255 255 255 255 255 255 255 255 255 255 255 255 255 255 255 255 255 255 255 254 254 254 254 255 255 255 255 255 254 254 254 254 254 254 253 253 252 252 251 250 250 250 251 251 251 252 252 255 255 255 255 255 255 255 255 255 255 254 254 252 252 251 250 246 246 246 246 246 246 246 246 240 252 253 249 252 251 251 252 255 228 75 23 20 38 107 187 168 199 171 88 53 94 104 47 22 36 64 73 62 71 86 80 62 62 63 63 64 64 65 65 68 68 67 67 66 65 65 65 55 65 71 64 59 62 50 25 21 30 46 58 181 228 137 157 163 71 24 18 32 135 255 252 246 251 245 249 246 240 245 244 239 238 237 235 233 231 229 229 225 225 225 224 224 224 223 223 224 223 222 222 223 224 226 227 228 229 230 232 234 236 237 238 239 239 240 240 241 241 242 242 240 239 238 236 234 232 230 229 225 225 225 225 225 225 225 225 226 226 227 228 230 231 232 233 234 235 236 238 239 241 242 243 243 243 243 243
255 255 255 255 255 255 255 255 255 255 255 255 255 255 255 255 255 255 255 255 255 255 255 255 255 255 255 255 254 254 254 254 255 255 255 255 254 254 254 254 253 253 253 252 252 251 251 251 250 250 251 251 251 252 252 252 255 255 255 255 255 255 255 255 255 255 254 254 252 252 251 250 247 247 247 247 247 247 247 247 253 240 249 255 249 248 251 255 216 85 23 28 19 58 126 186 163 116 73 69 109 102 38 14 27 64 73 55 52 62 65 63 47 48 49 50 51 53 54 54 56 57 58 59 61 62 63 63 58 72 86 81 66 62 61 54 34 0 44 59 66 174 216 169 195 98 32 24 14 45 149 255 245 249 249 241 245 244 245 235 239 238 237 235 233 231 230 229 225 225 225 225 224 224 224 224 224 223 223 222 223 225 226 227 228 229 230 232 234 236 237 238 240 240 240 241 241 241 242 242 240 239 238 236 233 231 230 229 225 225 225 225 225 225 225 225 225 226 227 228 229 231 232 232 234 235 236 238 239 241 242 243 243 243 243 243
255 255 255 255 255 255 255 255 255 255 255 255 255 255 255 255 255 255 255 255 255 255 255 255 255 255 255 255 254 254 254 254 255 255 254 254 254 253 253 253 251 251 251 251 250 250 250 250 251 251 251 251 252 252 252 252 255 255 255 255 255 255 255 255 255 255 254 254 252 252 251 250 248 248 248 248 248 248 248 248 252 252 249 251 249 255 248 217 81 34 14 24 25 59 152 180 90 71 70 114 92 24 24 44 68 53 50 70 88 87 88 98 94 92 88 84 79 75 71 69 61 59 57 54 50 47 44 43 49 49 54 52 44 46 54 58 49 40 16 29 40 76 177 183 203 122 28 26 24 13 42 178 255 245 246 255 241 246 243 236 240 239 237 236 233 232 230 229 226 226 226 226 225 225 225 225 225 224 223 223 224 225 227 228 229 230 231 233 234 236 237 238 240 240 241 241 241 241 242 242 240 239 237 235 233 231 229 228 224 224 224 224 224 224 224 224 225 225 226 227 229 230 231 231 234 235 236 238 239 241 242 243 243 243 243 243
255 255 255 255 255 255 255 255 255 255 255 255 255 255 255 255 255 255 255 255 255 255 255 255 255 255 255 255 254 254 254 254 254 254 254 254 253 253 253 252 249 249 249 249 249 249 249 249 251 251 252 252 252 253 253 253 255 255 255 255 255 255 255 255 255 255 254 254 252 252 251 250 249 249 249 249 249 249 249 249 253 249 252 249 253 255 227 89 22 23 22 31 25 71 190 139 103 103 119 63 9 28 51 74 53 47 78 94 73 78 92 75 90 91 92 93 95 96 97 97 102 102 101 101 101 100 100 100 95 93 92 80 58 47 50 53 58 59 30 14 34 50 63 154 199 164 31 7 15 25 8 62 206 251 251 244 255 240 249 242 240 240 238 236 234 232 231 230 228 228 227 227 227 226 226 226 226 225 224 224 225 226 228 229 230 231 232 233 235 236 237 238 241 241 241 241 241 241 242 242 240 239 237 235 232 230 228 227 223 223 223 223 223 223 223 223 224 224 225 226 228 229 230 230 234 235 236 238 239 241 242 243 243 243 243 243
255 255 255 255 255 255 255 255 255 255 255 255 255 255 255 255 255 255 255 255 255 255 255 255 255 255 255 255 254 254 254 254 254 253 253 253 252 252 252 252 249 249 249 249 249 249 249 249 252 252 252 253 253 253 254 254 255 255 255 255 255 255 255 255 255 255 254 254 252 252 251 250 250 250 250 250 250 250 250 250 251 246 253 255 252 234 85 22 25 12 25 32 29 90 197 140 139 129 46 8 36 62 69 36 63 90 85 80 97 86 73 95 90 90 89 88 87 87 86 85 88 88 88 88 88 88 88 89 87 88 90 85 70 59 50 40 52 63 68 25 18 27 44 76 153 193 52 13 8 23 17 17 76 227 254 245 251 249 245 245 241 240 239 237 235 233 231 231 229 229 229 228 228 228 227 227 227 226 225 225 226 227 229 230 232 232 233 234 235 237 238 238 242 242 242 242 242 242 241 241 240 239 237 234 231 229 227 225 221 221 221 221 221 221 221 221 223 223 224 225 227 228 229 229 234 235 236 238 239 241 242 243 243 243 243 243
255 255 255 255 255 255 255 255 255 255 255 255 255 255 255 255 255 255 255 255 255 255 255 255 255 255 255 255 254 254 254 254 253 253 253 252 252 252 251 251 249 249 249 249 250 250 250 250 253 253 253 253 254 254 254 254 255 255 255 255 255 255 255 255 255 255 254 254 252 252 251 250 251 251 251 251 251 251 251 251 249 255 255 255 241 92 21 20 18 30 21 18 31 119 210 127 79 29 23 42 66 63 44 69 100 81 82 109 127 125 118 117 118 118 117 117 116 115 114 114 105 104 102 100 97 94 92 91 96 86 82 81 80 81 77 68 35 54 46 52 27 17 49 71 111 198 64 28 25 14 23 27 15 106 241 255 248 243 242 244 242 241 239 238 235 234 232 231 230 230 230 230 229 229 229 229 228 227 226 226 227 228 230 231 233 233 234 235 236 237 238 238 243 243 242 242 242 242 241 241 240 239 236 234 230 228 225 224 220 220 220 220 220 220 220 220 222 222 223 224 226 227 228 228 234 235 236 238 239 241 242 243 243 243 243 243
255 255 255 255 255 255 255 255 255 255 255 255 255 255 255 255 255 255 255 255 255 255 255 255 255 255 255 255 254 254 254 254 252 252 252 252 251 251 251 251 249 249 250 250 251 251 251 252 253 253 253 254 254 254 255 255 255 255 255 255 255 255 255 255 255 255 254 254 252 252 251 250 252 252 252 252 252 252 252 252 255 253 245 237 99 23 29 26 30 23 12 24 39 144 181 46 12 18 41 66 47 43 88 103 69 95 121 127 129 142 131 96 101 102 103 105 106 108 109 109 117 117 118 119 120 120 121 121 125 117 115 109 89 74 75 81 71 38 52 53 51 30 19 60 100 207 85 22 28 12 19 30 25 16 143 250 245 245 242 246 242 241 240 238 236 234 233 232 231 231 231 231 230 230 230 230 228 228 227 227 228 229 231 232 234 234 235 236 236 237 238 238 243 243 243 242 242 242 241 241 240 238 236 233 230 227 225 223 219 219 219 219 219 219 219 219 221 221 222 224 225 226 227 228 234 235 236 238 239 241 242 243 243 243 243 243
255 255 255 255 255 255 255 255 255 255 255 255 255 255 255 255 255 255 255 255 255 255 255 255 255 255 255 255 254 254 254 254 252 252 252 251 251 251 251 250 250 250 250 251 251 252 252 253 253 253 254 254 254 255 255 255 255 255 255 255 255 255 255 255 255 255 254 254 252 252 251 250 253 253 253 253 253 253 253 253 246 255 242 105 23 24 28 21 24 11 31 37 68 122 49 21 28 69 73 44 56 92 90 75 112 122 117 124 153 162 147 140 138 137 134 131 127 123 121 119 112 111 108 105 102 99 97 96 93 93 112 129 116 90 80 84 83 81 44 55 60 43 35 1 52 204 126 36 36 27 15 8 23 20 32 164 255 248 253 245 242 242 240 238 236 234 233 232 232 232 231 231 231 230 230 230 229 228 228 227 228 229 231 232 234 234 235 236 237 237 238 238 244 244 243 243 242 242 241 241 240 238 236 233 230 227 224 223 219 219 219 219 219 219 219 219 220 221 222 223 225 226 227 227 234 235 236 238 239 241 242 243 243 243 243 243
255 255 255 255 255 255 255 255 255 255 255 255 255 255 255 255 255 255 255 255 255 255 255 255 255 255 255 255 255 255 255 255 253 252 252 251 250 250 249 249 251 250 250 249 250 252 253 254 255 255 255 255 255 255 255 255 255 255 255 255 255 255 255 255 255 255 255 255 255 255 255 255 251 255 255 252 253 254 253 250 255 219 103 26 23 22 20 26 12 31 43 45 42 24 23 42 72 58 49 73 98 84 82 115 130 112 106 149 170 174 157 136 125 108 107 116 118 122 125 122 130 130 130 131 131 132 132 132 124 113 137 158 146 116 87 83 72 89 76 47 56 64 51 31 12 99 152 40 14 39 32 11 11 24 6 45 185 250 255 242 246 243 246 245 231 237 230 233 235 234 234 233 232 231 230 230 231 230 229 228 229 230 231 232 233 233 234 235 237 238 239 240 243 244 244 244 244 242 240 239 236 235 234 231 228 226 224 223 220 220 219 219 219 219 219 219 220 220 220 221 223 225 227 229 235 236 237 238 240 241 242 242 243 243 243 243
255 255 255 255 255 255 255 255 255 255 255 255 255 255 255 255 255 255 255 255 255 255 255 255 255 255 255 255 255 255 255 255 253 253 252 251 251 250 250 249 250 250 249 249 250 251 253 254 255 255 255 255 255 255 255 255 255 255 255 255 255 255 255 255 255 255 255 255 255 255 255 255 255 238 255 255 253 255 252 255 226 111 29 20 28 31 26 15 35 40 59 57 19 20 43 50 52 43 76 93 72 93 129 121 106 119 134 167 182 178 176 180 137 122 107 96 85 79 78 76 66 67 70 74 79 83 86 88 113 142 156 167 164 135 111 97 82 68 75 87 52 46 54 60 22 33 65 36 23 33 38 23 15 17 30 29 53 208 255 252 249 237 234 240 240 238 241 234 235 235 234 233 232 231 231 230 231 230 229 229 229 230 232 233 233 234 235 236 238 239 240 240 243 244 244 244 244 242 240 239 236 235 233 230 228 225 224 223 220 220 220 220 219 219 219 219 220 220 220 221 223 225 228 229 235 236 237 238 239 241 242 242 242 242 242 242
255 255 255 255 255 255 255 255 255 255 255 255 255 255 255 255 255 255 255 255 255 255 255 255 255 255 255 255 255 255 255 255 253 253 253 252 251 251 250 250 250 249 248 248 249 250 252 253 255 255 255 255 255 255 255 255 255 255 255 255 255 255 255 255 255 255 255 255 255 255 255 255 254 255 251 255 253 255 255 243 110 34 10 24 27 24 19 26 41 59 61 32 28 33 46 45 59 93 87 83 119 131 111 108 130 111 156 186 179 171 172 176 177 189 197 198 197 190 182 180 167 161 150 136 120 106 94 88 118 159 169 175 182 157 128 113 100 78 81 81 82 43 49 70 54 23 15 28 27 25 35 34 23 17 21 14 13 77 221 255 237 243 247 235 241 236 242 238 237 236 236 235 234 233 232 231 232 231 230 230 230 231 233 234 235 235 236 237 239 240 241 241 244 244 245 244 243 242 240 238 234 234 232 230 227 225 223 222 221 221 221 220 220 220 219 219 221 220 220 221 223 225 228 229 235 236 237 238 239 240 241 242 241 241 241 241
255 255 255 255 255 255 255 255 255 255 255 255 255 255 255 255 255 255 255 255 255 255 255 255 255 255 255 255 255 255 255 255 254 254 253 253 252 251 251 250 249 249 248 248 249 250 252 253 255 255 255 255 255 255 255 255 255 255 255 255 255 255 255 255 255 255 255 255 255 255 255 255 252 255 255 255 253 255 242 119 28 23 27 27 26 23 24 41 55 54 32 33 33 31 38 78 93 80 93 122 127 113 119 140 93 78 164 191 179 181 175 174 175 198 205 200 202 203 202 209 210 210 210 209 209 208 208 208 172 170 174 172 177 169 133 113 116 114 78 79 80 82 48 48 60 61 36 20 26 22 27 34 34 8 13 27 30 15 91 229 254 244 248 241 241 236 236 241 238 238 237 236 235 234 233 233 233 233 232 231 232 233 234 235 236 237 238 239 240 242 243 243 244 245 245 245 243 241 239 238 234 233 231 229 227 225 224 223 222 222 221 221 220 220 219 219 221 221 221 221 223 226 228 230 235 235 236 237 239 240 241 242 241 241 241 241
255 255 255 255 255 255 255 255 255 255 255 255 255 255 255 255 255 255 255 255 255 255 255 255 255 255 255 255 255 255 255 255 255 254 254 253 252 252 251 251 250 250 249 249 249 251 252 254 255 255 255 255 255 255 255 255 255 255 255 255 255 255 255 255 255 255 255 255 255 255 255 255 249 255 255 253 255 242 129 26 20 29 29 25 18 26 49 56 55 34 36 31 36 54 84 79 84 105 128 119 106 128 126 81 57 115 191 192 189 185 177 181 172 200 206 199 202 203 203 212 207 207 207 208 208 208 209 209 186 166 177 184 186 193 147 77 115 105 111 83 79 78 80 38 39 56 54 23 26 23 24 27 30 21 19 48 37 16 27 119 253 248 238 250 247 239 237 242 240 240 239 238 237 236 235 235 235 234 233 233 233 234 236 237 238 238 239 241 242 243 244 245 245 245 245 245 243 241 239 237 234 233 232 230 228 226 225 224 223 223 222 222 221 220 220 219 221 221 221 222 224 226 228 230 234 235 236 237 239 240 241 241 241 241 241 242
255 255 255 255 255 255 255 255 255 255 255 255 255 255 255 255 255 255 255 255 255 255 255 255 255 255 255 255 255 255 255 255 255 255 254 254 253 252 252 252 252 251 250 250 251 252 254 255 255 255 255 255 255 255 255 255 255 255 255 255 255 255 255 255 255 255 255 255 255 255 255 255 253 255 255 255 246 131 31 23 22 31 22 19 24 40 63 59 36 36 30 40 56 91 97 86 119 128 116 116 130 104 69 71 151 202 204 191 188 172 177 172 178 200 204 196 198 201 202 211 206 206 205 205 204 203 203 202 177 168 174 181 180 201 170 61 78 103 112 110 76 78 74 78 53 34 46 32 24 19 25 21 29 30 27 45 44 12 29 24 145 248 255 250 248 245 243 243 242 241 240 239 238 237 237 236 236 235 234 234 234 235 237 238 240 240 241 242 244 245 246 246 245 246 246 245 243 241 238 237 235 234 233 231 230 228 227 226 225 224 223 222 221 221 220 219 222 221 221 222 224 226 229 230 234 235 236 237 238 239 240 241 242 242 242 243
255 255 255 255 255 255 255 255 255 255 255 255 255 255 255 255 255 255 255 255 255 255 255 255 255 255 255 255 255 255 255 255 255 255 255 254 254 253 252 252 253 253 252 252 252 254 255 255 255 255 255 255 255 255 255 255 255 255 255 255 255 255 255 255 255 255 255 255 255 255 255 255 255 251 253 248 139 36 23 25 24 28 19 24 49 62 54 42 38 34 39 65 96 80 88 132 128 106 125 135 83 55 124 212 239 228 194 195 181 173 190 173 185 201 206 202 204 205 204 208 206 205 205 204 203 202 202 201 178 175 180 184 181 196 177 98 66 89 103 99 109 81 73 91 82 53 44 35 21 20 23 21 33 11 34 37 32 25 6 18 34 169 250 253 246 247 247 244 243 242 242 241 240 239 238 238 237 236 235 235 235 236 238 239 241 241 242 243 245 246 247 248 246 246 246 245 243 240 238 236 236 235 234 233 231 230 229 228 225 225 224 223 222 221 220 220 222 222 222 222 224 227 229 231 234 234 235 237 238 239 240 241 243 243 244 245
255 255 255 255 255 255 255 255 255 255 255 255 255 255 255 255 255 255 255 255 255 255 255 255 255 255 255 255 255 255 255 255 255 255 255 255 254 253 253 252 254 254 253 253 254 255 255 255 255 255 255 255 255 255 255 255 255 255 255 255 255 255 255 255 255 255 255 255 255 255 255 255 249 255 253 141 38 22 23 27 32 19 30 48 62 59 40 38 27 51 77 86 89 116 129 114 109 137 109 54 79 174 234 235 238 216 206 211 177 176 184 169 189 198 200 198 201 203 205 208 207 207 206 205 203 202 201 201 194 174 178 180 182 198 197 187 86 71 79 104 110 107 88 63 80 86 52 31 23 30 21 24 18 17 18 38 28 8 15 28 21 46 192 255 251 246 250 244 243 243 242 241 240 239 239 238 238 237 236 235 236 237 238 239 241 242 243 244 246 247 248 248 246 246 246 245 243 240 238 236 237 236 235 234 232 231 230 229 226 225 225 223 222 221 220 220 222 222 222 223 224 227 229 231 234 234 235 236 238 239 240 241 244 244 245 246
255 255 255 255 255 255 255 255 255 255 255 255 255 255 255 255 255 255 255 255 255 255 255 255 255 255 255 255 255 255 255 255 255 255 255 255 255 255 255 255 255 255 255 255 255 255 255 255 255 255 255 255 255 255 255 255 255 255 255 255 255 255 255 255 254 255 255 255 255 253 253 253 255 246 137 36 20 29 30 28 18 29 50 64 57 39 35 43 43 87 75 81 123 135 110 129 130 96 68 114 204 242 236 239 243 222 211 202 184 179 183 180 197 198 201 203 204 205 205 205 213 212 210 207 204 201 199 198 189 175 178 177 182 196 192 231 215 96 63 86 98 104 109 95 71 77 86 56 21 20 24 19 18 20 24 29 31 27 20 14 28 14 62 204 255 249 250 244 246 250 242 240 243 243 243 238 239 239 238 238 238 237 237 237 244 245 246 248 248 248 247 246 246 245 245 244 242 241 241 240 239 238 237 235 234 232 231 230 228 228 227 225 224 223 222 221 221 221 222 224 225 227 228 229 234 235 236 238 240 241 242 243 243 244 245 247
255 255 255 255 255 255 255 255 255 255 255 255 255 255 255 255 255 255 255 255 255 255 255 255 255 255 255 255 255 255 255 255 255 255 255 255 255 255 255 255 255 255 255 255 255 255 255 255 255 255 255 255 255 255 255 255 255 255 255 255 255 255 255 255 255 252 254 255 253 255 255 255 243 134 44 24 32 33 25 21 32 45 55 51 45 43 42 39 56 81 84 134 121 117 133 113 83 72 148 238 249 245 251 234 237 225 204 191 175 189 153 146 160 164 170 177 184 189 193 194 200 200 201 203 204 206 207 208 188 183 185 185 175 192 193 228 240 215 97 65 84 97 97 111 101 77 74 75 60 28 6 19 19 21 24 29 31 29 23 18 15 26 27 76 225 255 249 255 241 250 247 244 243 237 236 240 239 239 239 238 238 238 237 237 243 244 246 247 248 248 247 246 246 246 245 244 242 241 240 240 238 238 237 235 234 232 231 231 228 228 227 225 224 223 222 221 221 222 223 224 226 227 228 229 235 236 237 239 240 242 243 244 243 244 246 247
255 255 255 255 255 255 255 255 255 255 255 255 255 255 255 255 255 255 255 255 255 255 255 255 255 255 255 255 255 255 255 255 255 255 255 255 255 255 255 255 255 255 255 255 255 255 255 255 255 255 255 255 255 255 255 255 255 255 255 255 255 255 255 255 253 253 255 255 255 255 252 255 139 40 12 33 29 21 21 29 53 58 54 41 38 45 46 39 57 87 112 138 122 130 96 70 101 202 255 247 242 244 242 248 253 208 202 207 171 175 95 73 49 53 60 68 76 83 87 89 110 114 120 129 138 146 153 156 161 159 160 190 184 202 195 219 243 247 215 92 71 83 95 105 106 93 81 73 72 60 31 10 22 23 25 29 31 31 28 25 6 26 14 16 98 244 255 252 245 250 247 241 244 244 240 242 239 239 239 239 238 238 238 238 243 244 246 247 248 248 247 246 247 246 245 244 242 241 240 239 238 237 236 235 234 233 232 231 228 228 227 226 224 223 222 222 222 222 223 224 226 227 228 228 236 236 238 239 241 243 244 244 244 245 247 248
255 255 255 255 255 255 255 255 255 255 255 255 255 255 255 255 255 255 255 255 255 255 255 255 255 255 255 255 255 255 255 255 255 255 255 255 255 255 255 255 255 255 255 255 255 255 255 255 255 255 255 255 255 255 255 255 255 255 255 255 255 255 255 255 254 253 255 255 250 255 246 166 40 21 30 38 26 21 29 44 65 55 45 41 42 43 43 42 63 95 137 152 138 103 78 160 237 254 250 239 246 252 245 239 215 131 175 207 168 176 131 120 42 42 41 40 37 33 30 28 30 32 35 38 43 47 50 51 51 73 94 166 178 194 195 223 232 241 233 213 99 72 82 91 98 112 98 73 65 84 76 19 24 25 27 30 31 32 32 31 16 12 22 23 27 116 251 252 253 250 250 244 242 246 242 237 240 240 240 239 239 239 238 238 242 243 245 247 248 248 247 247 247 246 245 244 242 241 240 239 237 237 236 235 234 233 232 232 229 228 227 226 225 223 222 222 222 223 224 225 226 227 228 228 236 237 238 239 241 243 244 245 244 245 247 248
255 255 255 255 255 255 255 255 255 255 255 255 255 255 255 255 255 255 255 255 255 255 255 255 255 255 255 255 255 255 255 255 255 255 255 255 255 255 255 255 255 255 255 255 255 255 255 255 255 255 255 255 255 255 255 255 255 255 255 255 255 255 255 255 253 251 254 250 255 252 162 51 16 35 32 26 26 27 44 64 59 45 38 43 48 44 41 43 72 106 156 175 166 141 186 253 255 240 243 252 249 255 240 192 89 62 179 202 174 175 167 163 138 136 133 128 122 115 109 106 90 87 81 73 64 56 50 47 46 87 108 172 181 187 197 211 255 228 236 237 213 97 70 76 93 110 100 95 78 74 85 50 26 27 29 31 32 33 34 34 33 13 8 28 22 20 142 251 255 247 250 252 244 242 245 244 241 241 240 240 240 239 239 239 241 242 244 246 247 248 247 247 248 247 246 244 242 240 239 238 237 236 236 235 234 233 233 232 229 229 228 226 225 224 223 222 223 224 224 225 226 227 228 228 235 236 237 239 240 242 243 244 243 245 246 248
255 255 255 255 255 255 255 255 255 255 255 255 255 255 255 255 255 255 255 255 255 255 255 255 255 255 255 255 255 255 255 255 255 255 255 255 255 255 255 255 255 255 255 255 255 255 255 255 255 255 255 255 255 255 255 255 255 255 255 255 255 255 255 255 251 255 255 255 253 161 44 24 26 36 21 18 30 40 58 65 46 41 39 43 48 48 44 40 79 107 189 174 175 222 255 243 242 255 253 247 255 234 147 71 37 98 220 193 175 169 172 170 191 192 194 196 197 196 196 195 194 191 186 179 171 164 159 156 146 158 139 164 179 184 183 127 212 245 248 241 233 218 103 61 72 93 97 109 97 71 72 66 27 29 32 33 32 32 33 34 38 26 12 15 15 24 31 164 255 255 249 252 250 242 246 246 241 241 241 241 240 240 240 240 240 241 244 246 247 248 247 247 248 247 246 244 242 240 239 238 236 236 236 235 234 233 233 233 229 229 228 227 225 224 223 223 224 224 225 226 226 227 228 228 234 234 236 237 239 241 242 242 242 243 245 246
255 255 255 255 255 255 255 255 255 255 255 255 255 255 255 255 255 255 255 255 255 255 255 255 255 255 255 255 255 255 255 255 255 255 255 255 255 255 255 255 255 255 255 255 255 255 255 255 255 255 255 255 255 255 255 255 255 255 255 255 255 255 255 255 252 255 253 248 164 45 19 33 32 25 17 26 47 62 59 46 41 43 44 43 45 47 45 41 88 109 213 181 176 228 239 249 247 247 255 255 198 103 51 52 90 149 215 184 175 171 176 174 188 189 192 194 196 197 197 197 198 198 198 198 198 198 198 198 193 174 142 149 175 188 194 74 102 196 244 233 245 244 216 107 72 81 107 124 118 91 66 64 27 30 34 34 33 31 31 32 34 34 41 3 21 16 26 46 189 251 255 247 252 243 242 237 242 242 241 241 241 240 240 240 239 241 243 245 247 248 247 247 249 248 246 244 242 240 238 237 236 236 235 235 234 234 233 233 230 229 228 227 226 224 223 223 225 225 225 226 227 227 227 228 232 233 234 236 237 239 240 241 240 241 243 245
255 255 255 255 255 255 255 255 255 255 255 255 255 255 255 255 255 255 255 255 255 255 255 255 255 255 255 255 255 255 255 255 255 255 255 255 255 255 255 255 255 255 255 255 255 255 255 255 255 255 255 255 255 255 255 255 255 255 255 255 255 255 255 255 253 255 255 169 53 26 34 25 28 18 32 48 60 62 48 46 45 46 45 44 43 43 44 45 84 140 204 176 189 246 255 245 255 254 229 159 73 38 73 121 213 199 199 196 178 170 172 167 192 193 195 197 198 198 197 196 199 199 198 196 195 193 192 192 194 178 171 172 178 180 212 82 34 96 194 245 238 244 239 235 107 78 121 153 144 109 64 67 27 31 35 35 33 30 30 30 31 41 39 32 7 17 24 15 56 208 255 244 253 249 250 246 242 242 242 241 241 241 240 240 239 241 243 245 247 248 247 247 249 248 246 244 242 240 238 237 236 235 235 235 234 234 234 233 230 229 228 227 226 224 223 223 225 225 226 226 227 227 227 228 231 232 233 234 236 238 239 240 239 240 242 243
255 255 255 255 255 255 255 255 254 254 255 255 255 253 251 250 253 253 254 255 255 255 255 255 255 255 255 255 255 255 255 255 255 255 255 255 255 255 255 255 255 255 255 255 255 255 255 255 255 255 255 255 255 255 255 255 253 255 255 255 255 255 255 255 254 255 156 50 26 29 32 22 24 31 48 63 59 44 39 46 44 47 48 43 44 41 41 62 99 165 197 182 196 243 255 250 251 213 125 51 46 91 166 238 233 188 205 197 185 177 187 184 200 199 198 197 196 196 197 197 199 199 198 198 197 196 196 195 192 186 166 167 170 185 191 150 57 36 78 184 241 242 243 242 231 131 120 157 183 128 71 77 31 26 34 34 31 33 31 33 27 32 39 37 24 13 17 27 23 67 217 255 246 247 246 246 241 243 244 242 239 237 238 240 239 240 241 243 245 247 248 249 248 248 246 244 242 240 239 238 236 236 235 234 232 231 230 229 227 226 226 225 224 223 223 223 223 223 224 226 227 229 230 230 230 231 232 233 234 235 236 237 238 240 241 243
255 255 255 255 255 255 255 255 254 254 255 255 255 253 251 250 253 253 254 254 255 255 255 255 255 255 255 255 255 255 255 255 255 255 255 255 255 255 255 255 255 255 255 255 255 255 255 255 255 255 255 255 255 255 255 255 255 248 250 255 255 255 255 255 254 168 62 33 31 33 33 21 31 48 60 56 47 44 44 44 46 48 49 45 44 40 42 67 91 175 205 174 199 255 255 249 186 99 54 66 109 198 255 240 248 183 136 77 68 86 109 116 155 161 171 182 193 202 207 210 207 206 204 202 200 198 196 195 199 186 172 172 171 178 203 213 158 75 34 76 182 253 246 241 249 228 171 166 197 151 80 64 33 27 33 34 31 33 31 33 30 32 35 37 33 25 18 16 29 29 89 240 255 244 249 243 242 242 243 242 240 239 240 240 240 240 242 243 245 247 248 249 248 247 246 244 242 240 238 238 235 235 234 232 231 230 229 228 226 226 226 225 224 224 223 223 223 224 225 226 227 228 229 230 230 230 231 232 234 235 235 236 238 239 241 243
255 255 255 255 255 255 255 255 254 254 255 255 255 253 251 250 253 253 254 254 255 255 255 255 255 255 255 255 255 255 255 255 255 255 255 255 255 255 255 255 255 255 255 255 255 255 255 255 255 255 255 255 255 255 255 255 255 247 255 255 255 252 248 255 175 61 26 20 30 33 23 28 48 60 62 48 40 44 47 44 47 47 49 46 44 37 43 74 96 196 173 179 229 251 221 146 57 53 73 144 224 250 252 255 220 84 19 11 18 11 17 20 13 17 25 37 51 65 78 85 115 121 133 148 165 180 192 198 201 188 183 183 187 185 189 214 223 165 74 28 60 162 249 248 242 253 219 176 195 183 72 73 38 27 32 34 31 33 32 33 33 31 31 35 40 38 24 9 20 18 19 115 255 252 250 245 244 243 241 241 242 242 240 239 240 241 242 244 245 247 248 249 247 246 245 243 241 239 238 237 233 232 231 230 229 227 226 226 226 226 225 225 225 225 224 224 224 224 225 226 227 228 229 229 229 230 231 231 232 233 234 235 238 239 241 243
255 255 255 255 255 255 255 255 254 254 255 255 255 253 251 250 252 253 253 254 255 255 255 255 255 255 255 255 255 255 255 255 255 255 255 255 255 255 255 255 255 255 255 255 255 255 255 255 255 255 255 255 255 255 255 255 255 252 254 255 247 255 250 180 57 27 25 37 20 21 24 45 64 56 49 45 45 45 45 46 47 45 47 45 43 35 44 81 126 199 182 191 222 197 102 49 59 83 170 243 251 251 241 201 55 25 18 7 14 22 25 19 24 24 24 24 23 21 20 19 12 14 18 23 29 35 39 41 64 67 86 95 111 127 159 229 239 235 178 87 31 58 149 225 247 237 221 178 183 200 80 80 43 27 31 34 31 33 33 33 34 32 30 31 39 42 31 17 9 28 23 24 137 255 246 249 248 245 242 242 243 242 240 237 241 242 243 244 246 247 248 249 246 245 244 242 240 238 237 236 231 230 229 228 227 225 224 224 225 225 225 225 225 225 226 226 225 225 226 226 227 227 228 228 229 229 230 230 231 232 232 233 237 239 241 243
255 255 255 255 255 255 255 255 254 254 255 255 255 253 251 250 252 252 253 253 254 255 255 255 255 255 255 255 255 255 255 255 255 255 255 255 255 255 255 255 255 255 255 255 255 255 255 255 255 255 255 255 255 255 255 255 254 255 254 244 255 255 177 62 20 23 32 27 24 18 46 64 60 48 41 45 48 45 45 49 45 42 43 41 41 36 48 87 127 231 182 195 155 70 55 60 121 199 255 255 255 255 168 31 25 18 25 28 37 41 36 29 23 23 24 24 24 23 22 22 21 21 21 22 23 23 24 24 20 9 17 14 10 10 47 135 253 243 237 177 96 41 50 136 233 255 226 183 178 203 114 66 49 27 30 34 30 33 34 33 33 34 31 28 31 37 37 33 18 17 24 20 25 153 255 250 250 247 244 243 243 242 238 235 242 243 243 245 246 247 248 248 245 244 243 241 239 237 236 235 229 229 228 227 225 224 223 222 224 224 225 225 226 226 227 227 226 226 226 226 227 227 227 227 228 228 229 229 230 230 231 231 237 238 240 243
255 255 255 255 255 255 255 255 254 254 255 255 255 253 251 250 252 252 253 253 254 254 255 255 255 255 255 255 255 255 255 255 255 255 255 255 255 255 255 255 255 255 255 255 255 255 255 255 255 255 255 255 255 255 255 255 252 255 255 255 255 181 59 25 32 32 26 23 22 49 60 65 46 45 45 46 45 45 47 49 43 41 40 38 41 42 56 93 156 212 158 117 54 41 83 172 246 255 255 255 222 100 16 34 21 32 58 64 54 58 70 70 71 68 64 59 56 54 54 54 53 52 48 44 40 36 32 31 39 29 28 28 24 11 10 35 129 247 250 229 199 102 49 46 122 217 255 196 174 208 131 67 55 28 28 34 30 33 34 33 33 34 33 28 26 30 38 43 33 13 12 27 25 33 183 254 250 248 246 244 243 241 239 237 243 243 244 245 246 247 248 248 244 243 242 240 238 236 235 234 229 228 227 226 225 223 222 222 223 224 225 225 227 227 228 229 227 227 227 227 226 226 226 226 227 227 228 228 228 229 229 229 236 238 240 243
255 255 255 255 255 255 255 255 254 254 255 255 255 253 251 250 252 252 252 253 254 254 255 255 255 255 255 255 255 255 255 255 255 255 255 255 255 255 255 255 255 255 255 255 255 255 255 255 255 255 255 255 255 255 255 255 255 255 252 255 179 59 25 32 31 37 24 29 49 56 68 47 41 46 48 46 45 47 48 47 44 43 40 36 43 50 66 100 188 207 98 77 60 111 194 245 251 255 255 188 60 16 28 13 37 64 70 62 66 69 61 56 63 64 67 68 68 67 65 63 64 64 64 64 65 65 65 65 47 54 55 57 50 43 33 8 11 115 237 249 238 217 118 49 37 103 212 199 180 208 147 79 59 28 27 34 30 33 35 33 33 33 33 32 29 28 33 39 34 31 11 24 25 26 51 194 245 246 246 245 243 242 242 243 243 244 244 245 246 247 248 248 243 243 241 239 237 235 234 233 229 229 228 226 225 224 223 222 223 223 224 226 227 228 229 230 228 228 227 227 226 226 225 225 227 227 227 227 227 227 228 228 236 237 240 243
255 255 255 255 255 255 255 255 254 254 255 255 255 253 251 250 251 252 252 253 253 254 255 255 255 255 255 255 255 255 255 255 255 255 255 255 255 255 255 255 255 255 255 255 255 255 255 255 255 255 255 255 255 255 255 255 255 253 255 184 68 25 29 33 30 25 25 42 68 67 43 44 47 46 45 47 49 50 47 43 46 44 41 36 45 57 73 104 190 189 112 124 150 233 255 251 251 255 153 41 30 30 24 54 71 62 58 69 66 59 61 69 67 66 64 63 62 62 63 63 63 62 61 59 57 55 54 53 48 50 45 55 53 57 66 36 17 11 100 221 251 248 222 134 63 27 107 190 197 196 180 74 62 28 27 34 30 33 35 33 34 32 32 36 34 29 28 31 29 38 31 4 18 17 29 69 241 244 246 245 243 243 245 247 244 244 245 245 246 247 248 248 243 242 241 239 237 235 233 233 229 229 228 227 225 224 223 223 223 223 224 226 227 229 230 230 229 228 228 227 226 225 225 224 226 226 226 226 227 227 227 227 236 237 240 242
255 255 255 255 255 255 255 255 255 255 255 255 255 255 255 255 255 255 255 255 255 255 255 255 255 255 255 255 255 255 255 255 255 255 255 255 255 255 255 255 255 255 255 255 255 255 255 255 255 254 255 255 255 254 251 255 254 255 188 67 22 27 24 38 23 30 48 64 61 46 42 48 40 46 50 47 44 46 45 42 44 32 38 54 53 50 78 118 216 166 133 139 202 255 255 255 234 103 28 29 25 33 60 71 61 63 63 61 61 62 63 63 63 63 63 63 62 62 62 61 54 55 54 52 48 46 47 48 57 78 59 37 55 64 56 63 53 27 4 79 217 249 240 228 146 73 30 84 167 191 208 71 74 34 27 33 28 31 35 36 34 33 33 33 33 33 33 32 35 42 37 20 11 16 22 21 87 228 255 251 248 243 244 243 245 245 244 244 244 243 243 243 241 240 239 237 236 234 233 232 230 229 228 226 224 223 221 221 225 226 226 226 227 228 228 228 226 225 225 224 223 222 222 222 222 222 222 222 224 226 228 229 232 237 242 245
255 255 255 255 255 255 255 255 255 255 255 255 255 255 255 255 255 255 255 255 255 255 255 255 255 255 255 255 255 255 255 255 255 255 255 255 255 255 255 255 255 255 255 255 255 255 255 255 255 255 255 246 255 253 255 246 255 198 80 27 28 30 41 24 31 48 60 57 48 45 47 47 48 47 45 43 44 45 43 40 39 44 49 53 61 63 90 128 227 160 130 144 225 255 236 204 65 30 17 34 51 66 76 75 63 58 65 81 82 68 61 65 63 62 61 59 58 56 55 54 42 46 51 57 65 77 88 96 120 124 73 34 59 73 54 52 58 52 35 16 61 215 242 255 247 160 77 54 86 145 220 105 70 40 32 30 27 34 35 30 33 33 33 33 33 33 33 33 33 35 37 32 21 14 16 22 31 97 249 255 247 248 243 247 245 245 245 244 244 243 243 243 241 240 239 238 236 234 233 232 229 228 227 226 225 224 223 222 225 225 226 226 227 227 227 228 225 225 224 224 223 222 221 221 221 220 220 221 222 224 226 228 233 237 242 245
255 255 255 255 255 255 255 255 255 255 255 255 255 255 255 255 255 255 255 255 255 255 255 255 255 255 255 255 255 255 255 255 255 255 255 255 255 255 255 255 255 255 255 255 255 255 255 255 255 255 254 255 253 253 253 255 199 86 26 14 27 39 22 29 48 60 62 49 41 46 49 46 53 46 41 43 45 44 41 38 46 56 59 60 80 71 97 149 215 154 143 166 228 251 168 51 25 24 31 54 76 76 64 60 73 60 64 86 92 74 57 55 54 54 54 54 53 53 52 52 80 83 85 86 85 85 86 87 145 143 84 42 75 92 68 60 63 59 47 24 15 42 208 251 250 252 184 124 99 121 215 127 69 43 34 32 30 34 31 27 33 33 33 33 33 33 33 33 33 28 32 41 36 19 13 19 9 26 129 254 246 247 249 255 246 246 246 245 244 244 243 243 241 241 239 238 236 235 233 233 228 228 227 226 226 225 225 224 225 225 226 226 226 226 227 227 225 225 224 223 222 221 220 220 218 218 218 218 220 222 224 225 233 237 242 245
255 255 255 255 255 255 255 255 255 255 255 255 255 255 255 255 255 255 255 255 255 255 255 255 255 255 255 255 255 255 255 255 255 255 255 255 255 255 255 255 255 255 255 255 255 255 255 255 255 244 255 255 248 255 250 209 83 34 17 42 34 16 32 39 64 57 50 46 46 46 46 47 49 44 43 46 46 41 40 43 57 67 64 68 97 76 99 170 218 140 130 163 216 116 30 21 32 50 68 75 71 67 71 79 49 39 29 27 27 25 23 23 26 26 26 27 27 27 28 28 36 36 35 33 32 33 36 40 84 90 59 36 58 68 50 44 47 49 61 50 16 17 39 165 247 249 242 194 139 131 198 155 73 41 32 36 36 32 27 31 32 33 33 33 33 33 33 34 35 27 27 38 43 33 19 11 23 22 30 149 255 245 252 246 247 247 246 246 245 244 243 243 242 241 240 238 236 235 234 233 227 227 227 227 227 226 226 226 225 225 225 225 225 226 226 226 225 224 223 222 221 220 219 218 216 216 215 216 217 219 221 223 232 236 241 244
255 255 255 255 255 255 255 255 255 255 255 255 255 255 255 255 255 255 255 255 255 255 255 255 255 255 255 255 255 255 255 255 255 255 255 255 255 255 255 255 255 255 255 255 255 255 255 255 255 255 250 248 252 255 204 74 25 25 29 38 29 28 52 58 62 49 42 46 49 46 45 49 44 44 46 46 41 38 45 56 60 65 57 68 101 81 106 192 199 133 148 132 67 20 28 27 43 65 74 69 70 74 63 46 38 58 76 81 79 75 70 63 74 73 73 72 71 70 69 69 64 65 65 64 63 65 70 73 70 77 75 70 73 71 63 59 67 61 39 57 64 26 16 30 146 243 255 196 144 124 187 187 78 43 34 38 35 33 30 33 32 32 32 33 33 34 34 34 32 33 31 31 38 41 29 12 16 23 18 39 180 255 245 243 249 248 247 246 245 244 243 243 242 241 240 239 237 235 234 233 228 228 228 227 227 227 227 227 225 225 225 225 225 224 224 224 224 224 223 221 220 218 217 217 214 214 214 214 215 218 220 221 230 234 239 242
255 255 255 255 255 255 255 255 255 255 255 255 255 255 255 255 255 255 255 255 255 255 255 255 255 255 255 255 255 255 255 255 255 255 255 255 255 255 255 255 255 255 255 255 255 255 255 255 255 253 253 255 255 205 81 40 29 28 39 18 26 62 61 68 47 47 47 47 46 46 47 50 44 45 45 42 38 41 53 66 57 49 36 65 97 82 114 214 193 142 102 32 24 18 39 54 80 74 63 68 78 60 35 30 85 85 85 85 87 88 88 87 85 85 85 85 84 84 84 84 87 90 92 93 92 91 91 93 93 91 97 102 98 96 97 95 95 77 54 38 66 55 38 14 20 136 247 227 170 134 169 210 86 51 41 36 28 35 38 32 31 32 32 33 33 34 34 35 29 38 38 30 30 37 35 24 11 20 21 18 49 201 255 255 250 249 248 247 246 245 244 243 242 242 240 239 237 236 234 234 230 229 229 228 228 227 226 226 225 225 224 224 224 224 223 223 224 223 222 220 219 217 216 215 213 213 213 213 215 217 219 220 228 232 237 240
255 255 255 255 255 255 255 255 255 255 255 255 255 255 255 255 255 255 255 255 255 255 255 255 255 255 255 255 255 255 255 255 255 255 255 255 255 255 255 255 255 255 255 255 255 255 255 255 254 255 253 253 207 81 41 55 30 44 24 32 49 59 73 50 43 48 50 47 46 47 48 47 45 45 43 42 45 52 58 61 45 44 25 49 75 89 127 214 181 67 16 20 30 42 60 78 71 67 71 74 61 45 61 93 87 76 68 70 76 78 73 69 73 73 74 75 76 77 78 79 77 76 74 71 69 71 75 79 71 70 72 75 76 79 80 77 75 80 81 54 12 60 66 35 29 8 105 216 195 135 183 213 100 57 46 38 23 32 41 32 31 31 32 33 33 34 35 35 32 36 37 33 30 31 34 36 30 10 21 18 14 67 221 255 251 250 249 248 246 245 244 243 243 242 241 239 237 236 235 234 232 231 230 229 228 227 226 225 225 225 224 224 223 223 223 222 223 223 221 220 218 216 215 214 213 213 213 213 215 217 219 220 225 229 235 238
255 255 255 255 255 255 255 255 255 255 255 255 255 255 255 255 255 255 255 255 255 255 255 255 255 255 255 255 255 255 255 255 255 255 255 255 255 255 255 255 255 255 255 255 255 255 255 255 255 244 255 209 74 37 52 37 37 25 32 43 62 70 51 39 50 48 47 48 50 50 47 43 44 43 42 45 56 64 59 49 28 56 33 26 45 105 145 196 48 10 24 38 51 73 81 70 73 72 73 54 41 74 101 88 75 73 69 64 63 66 70 72 72 72 72 72 71 71 71 71 73 74 75 74 72 71 72 74 74 78 76 72 76 77 70 65 67 62 81 81 51 29 54 60 29 23 19 82 166 151 164 218 113 58 45 43 23 27 38 34 31 31 32 33 33 34 35 35 40 31 30 36 36 30 32 41 37 15 7 28 24 19 88 239 251 251 250 248 246 245 244 243 243 242 241 239 238 236 235 234 233 233 231 230 228 226 225 224 225 224 224 224 223 222 222 222 223 223 221 219 217 216 214 214 214 213 213 213 215 217 219 221 224 228 233 236
255 255 255 255 255 255 255 255 255 255 255 255 255 255 255 255 255 255 255 255 255 255 255 255 255 255 255 255 255 255 255 255 255 255 255 255 255 255 255 255 255 254 255 255 255 253 253 255 254 253 213 86 28 24 34 36 22 30 51 71 70 53 42 44 46 52 53 48 45 47 48 46 40 41 53 56 65 67 44 29 45 41 40 44 37 79 78 39 25 21 32 58 77 80 76 72 78 64 49 58 88 104 92 76 83 104 103 107 109 104 110 106 105 105 105 104 103 103 102 102 101 101 101 101 100 100 100 100 99 107 95 97 110 104 94 93 82 63 61 75 83 55 31 55 54 36 24 6 53 133 166 209 148 58 33 47 31 35 31 38 36 31 31 37 39 36 33 33 37 36 36 35 34 33 33 32 35 39 11 4 27 19 32 95 254 254 255 242 252 255 238 241 243 243 242 241 239 238 237 237 232 231 230 229 227 226 225 225 225 224 224 223 223 222 222 221 221 221 219 218 216 215 214 213 214 213 213 213 215 217 219 220 226 227 227 228
255 255 255 255 255 255 255 255 255 255 255 255 255 255 255 255 255 255 255 255 255 255 255 255 255 255 255 255 255 255 255 255 255 255 255 255 255 255 255 255 255 251 250 250 255 255 254 253 250 236 93 45 23 35 42 26 30 47 63 65 56 48 46 47 52 50 47 45 46 49 47 44 37 47 57 64 59 46 38 34 55 37 41 68 51 43 31 28 17 53 76 77 74 70 72 82 51 43 69 103 100 80 76 83 107 121 110 108 110 110 121 118 117 117 117 117 118 118 118 118 118 118 117 117 117 116 116 116 118 121 112 112 117 113 113 112 103 78 56 62 73 82 69 25 51 60 34 22 13 28 135 209 185 67 28 54 32 27 30 26 37 36 34 32 32 34 35 35 37 36 36 35 34 33 33 32 38 45 31 12 11 17 26 39 125 255 253 248 248 248 244 243 243 243 242 241 239 238 237 237 232 231 230 229 228 226 225 225 225 224 224 223 223 222 222 221 221 220 219 218 216 215 214 213 214 214 213 213 215 217 219 220 226 226 227 227
255 255 255 255 255 255 255 255 255 255 255 255 255 255 255 255 255 255 255 255 255 255 255 255 255 255 255 255 255 255 255 255 255 255 255 255 255 255 255 255 255 250 255 255 255 255 248 251 235 93 29 16 32 41 25 32 46 63 68 54 44 47 51 48 53 47 44 46 50 49 45 42 44 59 59 59 45 29 35 33 67 40 42 74 48 24 16 30 58 68 87 86 72 78 73 43 52 79 96 95 85 76 92 123 121 129 120 123 110 83 83 87 81 81 81 82 83 84 84 84 91 91 91 91 90 90 90 90 93 96 99 104 98 95 100 94 87 91 78 65 62 77 85 60 30 57 68 43 17 9 34 138 193 71 23 55 33 21 31 12 31 39 41 33 27 30 35 36 36 36 35 35 34 34 33 33 33 39 41 24 9 14 20 12 30 148 255 249 245 244 251 243 243 243 242 241 239 238 237 237 232 231 230 229 228 227 226 225 225 224 224 223 223 222 222 221 221 220 219 218 217 216 215 214 214 214 213 214 215 216 218 220 225 225 225 226
255 255 255 255 255 255 255 255 255 255 255 255 255 255 255 255 255 255 255 255 255 255 255 255 255 255 255 255 255 255 255 255 255 255 255 255 255 255 255 255 255 249 255 255 251 255 255 255 226 61 29 32 41 21 27 48 63 63 56 46 45 50 52 48 48 45 46 50 50 45 43 45 60 68 57 40 30 30 36 28 58 36 60 89 35 18 41 63 77 84 75 72 79 64 46 50 95 103 95 72 76 112 131 122 107 142 147 139 122 108 113 108 106 106 107 107 108 108 108 108 94 94 94 93 93 93 93 92 96 89 87 87 79 91 122 127 93 89 91 81 69 64 68 93 67 27 57 66 42 20 21 27 117 46 11 43 38 28 43 25 26 38 45 39 29 27 31 35 36 35 35 35 34 34 34 33 28 31 36 36 27 14 13 23 19 33 171 255 247 250 247 247 243 243 242 241 239 238 237 237 232 232 231 230 228 227 226 225 225 224 224 223 223 222 222 221 221 220 219 218 217 216 215 215 215 214 214 214 214 216 218 219 223 224 224 224
255 255 255 255 255 255 255 255 255 255 255 255 255 255 255 255 255 255 255 255 255 255 255 255 255 255 255 255 255 255 255 255 255 255 255 255 255 255 255 255 254 255 255 250 252 255 255 251 254 177 40 39 27 24 51 66 66 52 43 47 51 50 49 51 45 46 50 50 45 41 46 56 69 63 53 33 27 36 34 33 55 18 63 112 46 34 66 73 70 74 81 75 51 39 65 100 107 86 76 91 118 132 117 90 122 153 154 145 132 126 139 140 135 135 135 134 134 133 133 133 135 135 134 134 134 134 133 133 130 127 131 135 124 128 149 146 135 96 86 92 84 66 56 72 89 68 23 50 59 39 25 4 33 22 9 34 45 26 32 34 33 33 35 38 35 30 30 32 35 35 35 35 34 34 34 34 32 32 33 40 40 21 10 20 23 15 43 194 255 254 250 250 243 243 242 241 239 238 237 237 233 232 231 230 228 227 226 226 225 224 224 223 223 222 222 221 220 220 219 219 218 217 216 216 216 215 214 214 214 216 217 218 222 222 222 222
255 255 255 255 255 255 255 255 255 255 255 255 255 255 255 255 255 255 255 255 255 255 255 255 255 255 255 255 255 255 255 255 255 255 255 255 255 255 255 255 250 255 255 255 255 255 253 255 255 155 48 21 28 51 68 73 56 45 43 52 54 46 46 55 47 49 49 45 40 42 53 65 59 48 50 42 37 38 36 51 50 23 73 113 41 38 75 74 84 72 69 57 48 79 109 100 86 85 97 123 130 104 93 113 148 156 149 153 139 110 107 110 113 113 112 112 111 110 110 109 114 114 114 114 113 113 113 113 116 114 110 113 115 127 149 155 153 121 80 82 97 85 69 57 63 91 73 30 51 61 40 18 6 16 18 35 51 19 11 32 43 30 23 29 38 37 33 31 35 35 35 35 34 34 34 34 34 34 34 35 36 36 22 2 17 22 17 57 213 253 255 246 243 243 242 241 239 238 237 237 233 232 231 230 229 228 227 226 225 224 224 223 223 222 222 221 220 220 220 219 218 217 217 217 216 215 214 214 214 215 217 218 221 221 221 221
255 255 255 255 255 255 255 255 255 255 255 255 255 255 255 255 255 255 255 255 255 255 255 255 255 255 255 255 255 255 255 255 255 255 255 255 255 255 255 255 254 255 250 255 253 251 255 248 161 48 35 27 51 60 74 56 48 48 50 52 51 48 48 50 48 47 45 43 46 53 60 63 41 38 45 50 45 40 51 72 65 45 59 72 30 53 80 70 91 85 48 46 98 115 93 88 93 104 125 124 100 95 121 143 145 165 163 162 154 134 122 105 97 97 97 97 97 97 96 96 98 98 97 97 97 96 96 96 85 95 97 114 136 148 160 165 157 142 94 77 94 100 88 70 63 58 93 81 21 49 73 27 16 11 21 34 54 34 22 44 38 30 25 28 35 39 36 32 34 34 34 34 35 35 35 35 33 33 34 29 30 40 35 12 10 23 19 17 76 226 241 250 243 243 242 241 239 238 237 237 233 233 232 230 229 228 227 226 225 224 224 223 223 222 222 221 220 220 220 219 218 218 218 217 216 216 215 214 214 215 217 217 219 219 219 219
255 255 255 255 255 255 255 255 255 255 255 255 255 255 255 255 255 255 255 255 255 255 255 255 255 255 255 255 255 255 255 255 255 255 255 255 255 255 255 255 255 255 254 255 247 255 246 158 50 32 19 51 56 70 58 40 46 54 56 49 49 55 52 42 46 44 42 45 56 65 63 54 28 37 39 47 46 45 69 85 73 60 47 43 25 56 79 82 86 47 62 110 107 76 77 97 114 126 115 93 105 136 145 134 152 170 165 163 156 142 141 132 141 142 142 143 143 144 144 145 151 151 151 150 150 150 150 149 152 155 137 136 153 156 158 164 165 149 136 97 68 81 93 90 72 57 50 89 83 20 28 74 41 14 25 32 53 51 40 49 24 31 35 33 32 35 36 34 34 34 34 34 35 35 35 35 38 35 32 30 29 32 36 37 18 5 23 21 20 116 255 251 243 243 242 241 239 238 237 237 233 233 232 231 229 228 227 226 225 224 224 223 223 222 222 221 220 220 220 219 219 218 218 218 217 216 215 214 214 215 216 217 219 219 219 218
254 254 253 253 253 253 252 252 253 253 253 253 253 253 253 253 255 255 255 255 255 255 255 255 255 255 255 255 255 255 255 255 255 255 255 255 253 255 255 255 253 255 251 252 255 241 139 45 32 30 44 68 73 57 46 48 53 55 53 48 47 51 51 48 50 37 37 67 68 56 39 44 41 40 33 37 59 77 72 60 67 78 61 30 31 62 78 62 59 91 110 98 79 81 105 129 129 118 91 119 156 124 110 153 180 180 163 161 153 157 144 144 148 149 152 154 155 156 155 155 159 159 159 159 159 159 159 159 160 160 162 152 158 158 167 167 174 157 120 120 103 66 82 100 88 81 55 58 89 73 37 37 57 35 27 34 39 45 52 52 23 25 36 31 29 18 30 41 37 31 35 37 32 34 37 33 35 35 35 35 35 35 35 35 31 11 7 21 15 21 122 255 244 247 242 237 237 236 237 229 233 232 231 230 229 228 228 227 226 226 225 224 224 223 223 222 221 221 221 221 220 220 220 220 216 217 217 217 217 217 218 218 219 219 219 219
254 254 253 253 253 253 252 252 253 253 253 253 253 253 253 253 254 254 254 255 255 255 255 255 255 255 255 255 255 255 255 255 255 254 255 255 254 250 252 254 254 255 255 255 252 140 56 40 31 46 62 65 57 50 49 52 53 54 53 49 48 49 49 48 43 49 56 64 55 43 37 41 41 33 26 48 77 71 67 91 82 64 59 39 37 61 68 78 107 94 86 88 91 98 115 131 98 96 123 140 129 90 85 151 181 181 163 162 154 158 145 146 149 151 153 155 156 157 157 156 159 159 159 159 159 159 159 159 162 162 164 154 158 159 168 168 175 172 141 99 112 109 68 82 97 78 71 60 52 75 75 31 37 35 38 45 47 43 46 57 30 29 34 30 30 21 30 37 39 34 30 32 35 34 33 37 35 35 35 35 35 35 35 35 36 29 8 13 28 15 54 151 255 244 238 237 239 246 230 237 233 232 232 231 230 229 228 228 226 226 226 225 224 224 223 223 222 222 221 221 221 220 220 220 217 217 217 217 218 218 218 218 218 218 218 218
254 254 253 253 253 253 252 252 252 252 252 252 252 252 252 252 254 254 254 254 255 255 255 255 255 255 255 255 255 255 255 255 255 255 255 254 253 254 255 255 254 253 255 250 151 58 15 29 42 64 73 58 44 47 54 53 52 50 50 52 53 49 45 43 45 59 68 56 44 35 35 33 33 28 55 74 63 71 94 94 79 69 58 30 37 72 84 99 106 94 86 91 111 133 124 93 100 150 142 123 92 36 73 177 184 182 164 164 156 159 147 149 155 157 159 161 162 163 162 162 164 164 164 164 164 164 164 164 165 165 166 157 160 162 169 170 171 191 163 103 87 112 109 75 85 82 84 71 55 65 76 65 35 34 29 36 49 47 41 48 38 33 32 28 30 26 31 35 36 39 31 26 34 35 33 38 35 35 35 35 35 35 35 35 36 45 22 8 23 15 12 43 190 250 252 233 250 239 235 234 234 233 233 232 231 230 229 228 227 227 227 226 225 225 224 224 222 222 222 222 221 221 221 221 219 219 219 219 219 219 218 218 218 218 218 218
254 254 253 253 253 253 252 252 252 252 252 252 252 252 252 252 253 253 253 254 254 255 255 255 255 255 255 255 255 255 255 255 255 255 254 249 253 255 255 255 254 248 246 161 56 24 37 34 61 69 65 50 44 52 56 52 53 48 48 53 55 50 44 42 58 58 59 46 47 38 36 27 35 51 78 74 65 98 105 57 59 70 51 39 67 98 103 94 82 85 97 123 135 110 96 115 150 128 121 81 37 101 186 180 186 183 164 165 158 160 148 153 163 165 167 169 170 171 170 170 170 170 170 170 170 170 170 170 168 169 167 161 160 164 170 171 175 185 169 127 82 85 116 107 81 85 87 89 82 64 62 81 63 46 22 19 40 53 46 37 41 37 33 29 29 30 34 36 30 40 37 28 30 36 35 34 35 35 35 35 35 35 35 35 35 40 36 21 11 15 17 13 57 215 255 239 239 244 231 239 235 234 233 232 231 230 230 229 229 228 228 227 226 226 225 225 223 223 223 223 222 222 222 222 220 220 220 220 220 219 219 219 220 220 220 219
254 254 253 253 253 253 252 252 251 251 251 251 251 251 251 251 252 252 253 253 254 255 255 255 255 255 255 255 255 255 255 255 253 254 253 253 255 254 252 250 255 252 157 56 31 27 45 64 74 63 52 49 51 54 55 56 53 51 50 51 47 44 48 55 68 50 43 41 53 45 42 34 61 78 64 67 109 109 63 36 54 48 55 86 111 109 93 80 89 102 123 125 103 96 121 151 136 110 63 42 133 223 204 184 188 182 163 166 158 160 149 156 166 168 170 172 173 174 174 173 173 173 173 173 173 173 173 173 170 172 168 164 160 166 170 172 170 181 183 129 102 93 76 115 115 79 75 100 100 75 63 67 82 70 52 31 24 39 51 46 41 39 34 31 29 33 37 39 29 32 39 38 31 30 34 33 35 35 35 35 35 35 35 35 35 32 38 38 21 10 16 25 12 86 227 254 237 245 244 237 236 235 235 234 233 232 231 230 230 230 229 229 228 227 227 226 224 224 224 224 223 223 223 223 222 222 222 221 221 221 220 220 222 222 221 221
254 254 253 253 253 253 252 252 251 251 251 251 251 251 251 251 251 251 252 253 254 255 255 255 255 255 255 255 255 255 255 255 255 250 254 255 254 251 255 255 253 169 61 29 30 45 54 79 68 54 47 52 55 52 53 60 53 55 54 47 39 40 54 69 62 47 40 42 51 50 52 53 85 71 66 97 111 62 31 60 65 45 83 113 104 91 85 99 121 130 124 97 97 139 153 122 91 63 61 171 235 205 198 183 189 181 162 166 158 159 149 157 164 165 168 170 171 172 171 171 171 171 171 171 171 171 171 171 171 174 169 165 160 166 168 171 164 191 193 150 117 99 82 86 113 101 79 79 99 94 73 70 69 81 88 61 20 16 40 55 42 42 36 34 31 38 38 38 33 25 34 45 35 26 31 34 35 35 35 35 35 35 35 35 29 39 37 37 38 16 3 19 24 9 105 241 254 244 247 231 237 236 235 234 233 232 232 231 231 231 230 230 229 228 228 228 225 225 225 225 224 224 224 224 224 224 223 223 222 222 221 221 222 222 221 221
254 254 253 253 253 253 252 252 250 250 250 250 250 250 250 250 250 251 252 253 254 255 255 255 255 255 255 255 255 255 255 255 255 252 255 255 252 255 255 243 167 60 32 34 42 59 77 61 54 50 50 54 55 53 53 57 52 53 51 47 46 52 60 65 47 51 47 42 42 57 66 71 80 69 91 102 61 30 50 79 63 68 99 96 81 89 103 127 132 121 99 109 145 139 101 85 56 88 190 224 215 220 198 191 189 180 160 165 157 158 148 158 163 164 166 168 170 170 170 170 171 171 171 171 171 171 171 171 172 175 168 166 158 166 167 170 173 187 184 192 157 110 108 86 81 119 105 71 82 98 89 84 62 73 85 78 49 26 28 40 47 45 35 36 34 44 38 32 34 29 31 37 37 32 30 32 35 35 35 35 35 35 35 35 30 39 35 32 40 31 11 6 18 20 19 129 244 242 239 235 237 237 236 235 234 233 233 232 232 232 231 231 230 229 229 229 226 226 226 225 225 225 224 224 226 225 225 224 223 222 222 221 220 219 219 218
254 254 253 253 253 253 252 252 250 250 250 250 250 250 250 250 250 250 251 252 254 255 255 255 255 255 255 255 255 255 255 255 255 254 255 255 250 255 243 191 46 42 26 34 55 80 73 43 44 50 53 52 53 57 55 49 51 48 45 48 61 69 62 49 36 57 53 41 34 64 77 79 62 97 98 53 29 56 79 70 47 83 87 76 91 113 123 127 100 98 121 145 130 97 70 53 112 206 232 213 210 205 195 182 188 179 159 164 157 157 148 158 164 165 167 169 171 171 171 171 173 173 173 173 173 173 173 173 172 175 168 166 157 166 166 170 170 184 186 195 206 161 104 105 92 86 111 115 78 71 93 95 76 63 60 80 90 61 27 19 51 47 34 36 37 48 37 27 31 38 31 24 34 41 34 27 35 35 35 35 35 35 35 35 42 24 28 38 36 38 32 10 12 25 15 30 155 255 245 240 238 237 237 236 235 234 233 232 233 232 232 231 231 230 229 229 226 226 226 226 225 225 225 225 226 226 225 224 224 223 222 222 217 217 216 215
254 254 254 254 254 254 254 254 252 252 252 252 252 252 252 252 255 255 255 255 255 255 255 255 255 255 255 255 255 255 255 255 255 255 255 254 253 251 187 58 33 29 39 60 77 72 48 47 47 55 58 54 50 52 54 54 52 46 47 62 71 55 41 50 44 37 32 39 54 76 85 65 114 81 45 36 57 78 77 63 58 79 79 97 127 119 119 97 109 146 143 117 96 50 64 163 224 221 219 216 220 214 194 187 185 178 156 160 160 160 138 156 163 163 165 166 168 169 170 171 170 170 170 170 170 170 170 170 171 168 164 160 155 166 164 169 167 177 191 191 218 208 172 112 106 94 78 93 105 83 76 92 90 79 64 69 78 96 67 22 27 36 41 33 29 40 42 25 33 19 27 26 28 37 48 35 25 33 34 34 38 35 33 39 34 34 34 34 34 34 34 34 7 8 27 9 28 164 255 246 244 241 232 239 235 234 244 236 234 234 234 233 233 232 232 232 229 229 228 227 226 225 224 224 225 224 223 221 220 218 217 216 213 213 213 212
254 254 254 254 254 254 254 254 253 253 253 253 253 253 253 253 255 255 255 255 255 255 255 255 255 255 255 255 255 255 255 255 246 255 255 249 255 202 71 40 26 41 59 72 67 51 58 46 52 53 54 53 52 53 51 49 48 37 59 68 38 45 66 42 50 40 38 54 82 69 61 113 85 52 32 49 73 76 68 62 62 87 80 109 126 122 109 111 150 125 105 80 42 87 196 236 225 221 220 215 216 210 192 188 184 172 160 163 159 159 145 160 164 165 166 167 169 170 171 172 172 172 172 172 172 172 172 172 173 170 166 166 158 165 165 168 162 171 186 187 216 219 204 165 114 104 99 89 100 110 87 73 94 91 88 66 55 81 90 55 33 22 35 52 39 28 32 33 31 25 31 35 40 33 36 40 33 29 33 36 33 35 38 33 34 34 34 34 34 34 34 34 29 4 12 30 11 55 185 255 237 244 246 230 238 242 235 231 235 234 234 234 233 232 232 232 229 228 228 227 226 225 224 224 224 224 222 221 219 217 216 216 213 212 212 212
254 254 254 254 254 254 254 254 253 253 253 253 253 253 253 253 255 255 255 255 255 255 255 255 255 255 255 255 255 255 255 255 255 254 253 254 205 78 37 24 34 56 74 72 47 50 51 53 54 51 51 54 56 53 46 42 42 60 64 53 36 48 71 57 48 45 61 79 65 76 107 90 43 41 43 52 63 69 69 67 61 93 85 123 129 131 121 146 124 99 73 53 120 217 235 229 224 222 219 212 211 205 190 188 185 168 163 163 159 155 149 158 163 164 165 166 167 168 169 170 170 170 170 170 170 170 170 170 170 168 162 165 156 162 166 166 165 172 187 187 211 220 222 206 177 121 104 103 82 97 115 83 73 94 104 78 68 64 78 79 33 25 26 46 54 35 23 34 33 34 34 40 56 39 28 31 38 31 31 34 32 35 37 31 34 34 34 34 34 34 34 34 37 22 2 15 25 0 63 212 255 237 243 244 236 248 232 238 235 235 235 234 233 232 232 232 229 228 227 227 225 225 224 223 223 223 221 220 218 217 215 215 212 212 211 211
254 254 254 254 254 254 254 254 254 254 254 254 254 254 254 254 255 255 255 255 255 255 255 255 255 255 255 255 255 254 254 254 255 252 255 211 82 37 28 37 62 66 71 47 50 51 50 55 52 50 52 56 55 48 43 44 53 76 57 46 52 56 71 77 41 64 77 62 74 112 98 45 41 48 46 39 48 68 72 61 64 91 87 134 156 151 135 122 87 55 55 159 234 230 228 213 223 221 218 208 206 200 187 188 190 169 162 160 163 156 149 154 164 165 165 166 168 169 170 170 169 169 169 169 169 169 169 169 168 168 161 162 155 164 167 162 168 173 190 190 207 216 218 213 214 185 125 100 99 85 93 113 83 75 90 98 88 65 68 76 32 34 25 26 46 53 38 24 36 39 34 41 64 50 31 17 37 38 32 29 34 33 30 34 34 34 34 34 34 34 34 34 37 36 13 3 24 13 15 82 231 246 243 233 244 237 243 241 236 236 235 234 233 233 232 232 228 228 227 226 225 224 223 223 222 221 220 219 217 215 214 213 211 211 211 210
255 255 255 255 255 255 255 255 254 254 254 254 254 254 254 254 255 255 255 255 255 255 255 255 255 255 255 255 254 254 253 253 246 255 216 85 42 30 37 47 78 74 44 46 50 56 54 50 53 52 53 52 46 41 47 56 72 53 46 60 47 48 81 80 51 76 66 70 112 95 40 40 57 53 46 40 44 53 57 57 78 97 102 135 162 139 142 95 51 81 182 233 229 225 215 231 221 218 214 205 202 197 185 187 190 169 158 157 165 159 149 153 165 165 166 167 168 169 169 170 168 168 168 168 168 168 168 168 169 174 168 165 161 170 165 159 164 168 185 190 206 218 217 216 212 216 184 132 116 99 78 99 114 84 68 88 92 82 71 77 35 32 35 26 21 48 57 27 29 33 36 48 60 46 40 26 34 38 34 30 32 30 29 35 34 34 34 34 34 34 34 34 32 42 30 13 4 14 25 8 106 237 250 234 237 240 240 236 237 237 236 235 234 233 232 231 228 228 227 226 225 224 223 223 221 220 219 217 215 214 213 212 210 210 209 209
255 255 255 255 255 255 255 255 255 255 255 255 255 255 255 255 255 255 255 255 255 255 255 255 255 255 255 254 254 253 253 252 255 220 92 39 27 37 52 68 76 55 48 47 55 53 57 46 56 54 50 44 39 42 55 67 63 39 38 55 41 38 70 79 69 61 83 116 83 34 40 50 58 54 52 51 46 42 45 51 83 89 108 148 186 154 159 101 93 216 247 227 227 224 225 217 217 213 210 201 201 197 184 184 181 163 160 164 162 162 158 165 168 168 168 169 170 170 171 171 170 170 170 170 170 170 170 170 163 169 169 165 164 167 156 168 165 166 181 186 203 223 221 222 221 205 210 191 137 108 99 84 103 103 80 83 91 91 70 76 38 34 41 35 17 27 47 46 24 25 37 55 51 29 43 46 34 32 36 36 28 28 34 32 34 34 34 34 34 34 34 34 28 35 38 27 9 6 16 18 19 121 245 255 239 237 239 237 238 237 236 235 234 233 232 231 228 227 226 226 224 224 223 222 219 219 217 216 214 213 211 211 209 209 209 208
255 255 255 255 255 255 255 255 255 255 255 255 255 255 255 255 255 255 255 255 255 255 255 255 255 255 255 254 253 253 252 252 225 89 42 29 33 52 69 74 57 46 53 56 49 57 49 52 54 50 45 42 46 55 62 64 45 46 40 39 42 45 60 76 77 71 107 92 33 29 53 60 59 54 50 50 54 56 54 50 84 88 118 166 184 157 176 177 235 230 230 225 231 224 206 226 214 209 205 199 202 199 184 182 182 160 159 152 104 92 91 95 95 95 95 96 96 97 97 98 99 99 99 99 99 99 99 99 103 104 107 104 107 108 104 153 167 168 182 184 199 225 221 223 223 220 203 204 187 141 116 107 90 97 102 107 103 93 76 66 44 41 37 35 31 23 29 46 37 30 30 46 45 24 39 42 33 30 34 36 30 31 34 30 34 34 34 34 34 34 34 34 31 22 36 38 26 14 7 22 15 18 149 248 243 244 236 244 239 238 237 236 234 233 232 231 227 227 226 225 224 223 223 222 218 218 217 215 213 212 210 210 208 208 208 207
255 255 255 255 255 255 255 255 255 255 255 255 255 255 255 255 255 255 255 255 255 255 255 255 255 255 255 254 253 252 252 251 97 44 21 41 44 69 84 47 38 51 52 53 55 48 52 56 49 45 41 45 58 68 64 53 45 44 49 40 34 59 76 63 80 114 80 28 33 52 57 59 57 54 54 55 54 56 64 73 90 90 122 181 180 156 169 221 236 237 234 228 219 223 228 214 212 206 202 198 202 200 184 180 183 158 161 145 57 36 39 40 38 38 38 38 39 39 40 40 45 45 45 45 45 45 45 45 50 43 46 46 52 55 64 145 165 168 183 183 197 224 220 221 219 218 218 207 204 194 150 106 104 99 100 113 137 105 75 71 56 39 30 34 37 36 30 24 57 42 21 29 44 32 35 21 30 33 30 31 38 36 30 31 34 34 34 34 34 34 34 34 26 36 29 34 40 22 8 7 26 8 36 171 255 246 239 238 239 238 237 236 234 233 231 231 227 227 226 225 224 223 222 222 218 217 216 214 213 211 210 209 208 208 207 207
255 255 255 255 255 255 255 255 255 255 255 255 255 255 255 255 255 255 255 255 255 255 255 255 255 251 254 255 253 255 235 108 35 29 32 42 61 76 58 43 48 56 56 55 56 51 46 50 44 41 38 56 71 48 32 49 57 54 43 42 78 85 61 78 122 72 32 33 51 57 53 52 53 52 64 58 57 73 82 59 93 90 134 194 179 170 174 229 229 229 231 231 224 213 212 217 208 207 199 204 204 138 106 176 178 159 155 136 101 104 53 43 43 43 43 43 43 43 43 43 47 47 46 46 46 46 46 46 52 47 43 44 65 115 114 149 164 164 174 183 181 228 228 212 220 220 220 215 213 212 189 151 123 110 139 112 160 129 83 67 69 31 34 31 31 33 32 29 36 58 50 29 31 34 26 22 33 33 62 37 25 44 38 20 34 33 36 32 35 36 27 36 34 29 26 30 35 35 25 16 4 28 4 53 198 255 234 243 237 241 237 234 232 240 225 230 227 227 226 224 223 222 221 220 218 218 217 215 214 213 212 211 210 209 207 206
255 255 255 255 255 255 255 255 255 255 255 255 255 255 255 255 255 255 255 255 255 255 255 255 250 248 255 251 253 243 104 49 29 34 44 66 74 51 52 47 52 48 52 55 51 51 51 45 46 41 59 74 51 43 58 48 70 56 43 80 81 51 77 102 70 46 32 43 58 61 59 60 54 60 58 62 80 77 68 69 94 92 142 194 176 171 178 230 233 229 224 222 218 213 210 211 208 209 208 185 117 59 101 193 178 160 160 147 123 131 92 89 96 96 96 96 96 96 96 96 97 97 97 97 96 96 96 96 98 96 95 93 102 133 118 139 162 163 179 180 139 175 220 230 217 218 218 214 210 210 204 192 156 139 146 123 166 143 82 64 69 31 34 32 31 34 33 30 31 40 55 48 26 26 34 26 25 42 66 47 25 27 39 31 30 28 31 30 33 36 30 35 33 31 29 30 32 32 29 27 5 6 28 16 67 206 255 234 245 236 231 236 237 227 230 235 227 227 226 225 223 222 221 221 218 218 217 216 214 213 212 212 210 209 208 206
255 255 255 255 255 255 255 255 255 255 255 255 255 255 255 255 255 255 255 255 255 255 255 255 254 255 249 255 248 115 44 20 31 47 66 79 61 49 41 53 53 47 48 51 48 50 51 44 40 56 65 57 50 49 48 52 90 56 76 82 55 82 105 71 37 39 45 54 58 56 55 56 52 60 64 74 77 69 65 81 94 96 156 194 171 173 186 231 225 231 228 219 214 216 212 204 212 214 153 91 57 43 103 190 177 158 161 154 142 154 129 136 143 143 143 143 143 143 143 143 145 145 145 145 144 144 144 144 142 143 143 140 139 152 129 137 168 157 175 186 101 91 174 230 219 220 218 216 218 216 212 211 191 173 153 138 173 164 86 64 70 33 36 33 33 35 34 31 34 23 39 56 41 26 30 35 22 42 66 48 29 27 39 40 32 27 29 29 31 36 33 32 33 33 32 30 27 28 33 37 16 8 16 20 0 86 233 251 239 239 239 230 239 231 233 229 228 227 226 225 224 223 222 221 219 218 217 216 215 214 213 212 211 210 208 206
255 255 255 255 255 255 255 255 255 255 255 255 255 255 255 255 255 255 255 255 255 255 255 255 255 255 255 246 126 46 32 32 47 62 82 56 48 49 52 51 50 53 47 44 48 47 44 49 64 62 57 39 48 59 47 61 89 91 77 48 83 119 73 34 36 46 55 56 53 54 56 58 54 61 66 72 64 68 67 86 94 103 170 193 167 175 196 233 227 224 222 222 219 214 213 216 195 136 77 51 39 65 138 193 176 156 158 149 145 154 142 154 158 158 158 158 158 158 158 158 160 160 160 159 159 158 158 157 156 157 157 154 150 159 145 148 168 158 170 190 95 32 99 171 218 227 222 214 219 221 214 209 205 193 157 151 175 183 95 67 75 37 39 35 34 35 33 30 35 26 19 36 58 46 28 34 34 41 65 39 31 40 33 34 37 32 31 30 30 35 34 29 32 33 33 30 26 26 31 36 34 16 4 25 20 14 112 236 245 240 247 236 233 233 232 230 229 228 227 226 224 223 222 222 220 219 218 217 215 214 213 213 211 210 208 207
255 255 255 255 255 255 255 255 255 255 255 255 255 255 255 255 255 255 255 255 255 255 255 255 246 255 250 130 37 34 35 39 66 76 56 48 39 54 59 49 49 54 50 44 44 43 46 56 64 60 43 35 47 45 39 56 85 86 55 78 107 71 40 31 50 56 58 51 49 54 58 56 63 64 57 63 68 83 61 86 94 115 183 189 165 178 207 233 228 226 220 217 222 221 203 181 113 58 43 63 84 118 163 200 176 157 158 143 143 148 143 158 163 163 163 163 163 163 163 163 159 159 158 157 157 156 155 155 155 156 155 153 147 155 155 155 160 169 170 186 119 31 40 81 172 212 232 221 214 216 217 217 205 201 164 160 168 190 105 67 79 41 42 37 35 35 33 29 29 36 23 17 44 59 43 27 39 44 65 36 28 39 29 25 35 35 31 28 29 33 34 28 31 32 32 30 27 26 27 28 35 30 11 1 28 15 22 130 249 246 234 239 236 236 233 230 229 229 228 227 225 224 223 222 220 220 219 218 216 215 214 213 211 210 209 207
255 255 255 255 255 255 255 255 255 255 255 255 255 255 255 255 255 255 255 255 255 255 255 255 255 248 133 43 34 27 44 65 77 57 44 42 54 49 53 51 51 49 52 49 40 44 58 63 66 87 47 39 56 37 44 73 71 54 84 108 63 29 42 45 54 58 56 49 49 57 58 52 70 59 62 69 67 90 59 91 93 128 191 185 167 181 218 233 225 227 226 225 223 199 144 91 47 44 61 101 159 180 171 187 175 160 162 141 147 148 150 163 165 165 165 165 165 165 165 165 163 163 162 161 160 159 158 158 158 158 157 156 146 149 157 152 161 168 167 185 157 74 32 35 82 152 219 236 225 215 215 218 206 206 178 166 158 190 119 65 81 42 44 39 36 37 34 31 31 32 35 26 22 43 53 34 29 41 56 39 25 27 35 30 31 40 32 25 28 30 32 30 31 31 31 30 29 27 25 23 29 39 25 4 8 13 15 28 156 251 247 233 236 237 233 230 230 229 228 227 226 225 224 223 221 220 219 218 217 216 215 214 212 211 209 207
255 255 255 255 255 255 255 255 255 255 255 255 255 255 255 255 255 255 255 255 255 255 255 255 246 140 45 32 38 45 58 83 61 43 43 50 51 53 42 54 50 47 49 48 43 52 67 73 94 89 56 36 35 46 70 78 59 78 99 61 35 44 40 58 48 54 55 52 54 61 62 57 68 60 71 65 53 93 57 96 92 140 196 181 169 183 226 232 230 221 221 219 185 121 69 48 61 73 126 178 189 186 184 180 171 162 166 141 150 150 156 165 166 166 166 166 166 166 166 166 168 167 166 165 164 163 162 162 159 160 159 157 145 144 158 149 165 159 165 183 181 136 81 53 33 76 147 206 226 221 214 212 213 210 192 170 151 191 140 68 79 41 43 40 38 39 38 35 41 28 33 37 23 23 41 48 34 28 42 37 27 25 33 28 39 55 41 29 31 28 29 31 30 31 32 31 30 29 27 26 29 29 39 28 4 6 16 10 33 177 251 241 230 229 231 238 230 230 229 228 226 225 224 224 221 221 220 219 217 216 215 215 212 211 209 208
255 255 255 255 255 255 255 255 255 255 255 255 255 255 255 255 255 255 255 255 255 255 255 255 147 55 21 32 41 63 78 57 36 47 50 50 48 46 52 48 47 49 44 42 51 60 70 83 114 80 75 47 38 81 88 64 85 98 62 33 38 52 61 48 57 63 65 59 56 57 56 53 64 73 66 39 49 103 49 97 92 147 198 178 172 184 230 231 225 234 222 171 103 58 51 60 82 154 191 198 197 182 181 189 166 161 166 139 150 149 156 163 166 166 166 166 166 166 166 166 167 166 166 164 163 162 161 161 156 157 155 154 142 141 160 150 164 156 171 174 183 186 140 84 51 31 62 144 206 222 218 212 218 211 200 171 149 195 157 75 77 39 42 40 39 42 41 38 44 37 26 29 35 23 25 53 57 18 33 32 31 32 19 13 52 72 54 36 36 27 26 30 30 32 33 32 30 30 31 33 21 30 33 36 22 5 13 23 7 53 196 252 238 236 237 232 231 230 229 228 227 225 224 224 222 221 220 219 218 216 215 215 212 211 209 208
255 255 255 255 255 255 255 255 255 255 255 255 255 255 255 255 255 254 253 255 254 255 248 164 42 31 30 44 64 77 63 36 46 48 49 48 46 46 49 51 53 46 40 60 68 66 96 114 108 80 69 56 76 74 69 93 87 52 31 43 58 57 53 56 64 70 64 66 68 68 73 66 71 65 35 18 84 90 67 96 91 166 200 172 173 188 238 229 232 201 138 77 51 54 79 109 183 193 198 201 190 177 184 190 162 160 159 147 157 151 160 164 164 164 165 166 167 168 168 169 166 165 165 164 163 162 162 161 160 162 160 158 147 143 153 153 159 161 168 179 185 194 189 155 83 50 31 60 131 204 228 211 215 215 210 167 167 169 178 81 75 60 34 52 43 33 36 54 44 48 46 37 31 30 28 24 48 51 33 31 40 30 26 34 59 81 81 46 33 33 27 27 29 30 30 31 31 31 30 30 24 23 28 35 34 22 11 7 27 7 67 207 249 235 242 224 230 236 228 226 229 228 228 223 222 221 220 219 218 216 215 215 211 211 210 210
255 255 255 255 255 255 255 255 255 255 255 255 255 255 255 255 253 246 255 255 255 255 158 62 32 37 44 63 75 59 42 47 47 47 48 48 49 48 47 45 36 42 54 68 59 89 119 103 79 54 69 78 81 69 76 108 57 45 44 55 59 52 53 62 69 59 65 75 62 55 68 73 57 35 32 39 103 78 73 98 98 189 196 162 179 199 231 239 181 121 68 54 60 86 143 198 184 193 199 205 194 178 183 190 167 164 163 148 156 150 160 167 170 170 169 168 167 167 166 166 168 168 167 166 165 164 163 162 156 158 156 155 144 141 151 152 163 165 166 175 184 198 205 187 148 103 51 31 60 127 195 233 219 210 215 181 162 173 200 83 74 64 28 45 46 41 39 45 41 45 44 37 32 32 31 28 37 45 50 33 30 36 28 35 52 62 89 73 46 33 30 31 28 29 29 30 30 30 30 30 26 26 27 29 31 28 18 8 10 14 13 82 223 249 228 244 234 238 229 225 229 225 222 224 222 221 220 219 218 217 216 215 211 211 211 210
255 255 255 255 255 255 255 255 255 255 255 255 255 255 255 255 253 255 248 255 255 167 62 20 32 46 68 77 62 43 41 49 50 48 47 48 49 49 45 41 37 53 59 59 92 107 110 98 55 44 83 83 67 92 103 68 39 44 54 62 58 49 53 65 67 63 67 62 56 66 68 56 34 15 28 36 110 75 86 87 118 185 188 170 173 214 218 163 92 61 44 63 111 169 202 200 202 200 195 201 199 188 188 188 168 166 162 143 147 139 152 161 167 167 167 167 167 167 166 166 166 166 165 164 162 161 160 160 158 161 159 158 148 145 156 156 163 166 164 171 182 195 208 205 192 157 102 50 27 52 125 195 223 218 216 191 164 168 206 102 70 69 23 35 46 47 44 37 39 42 42 38 34 34 34 33 32 36 50 50 30 28 39 32 49 40 88 83 75 43 37 31 28 28 28 28 29 30 30 31 29 29 26 24 28 32 26 14 3 16 4 9 111 237 238 238 238 238 230 224 231 233 226 225 222 222 221 220 218 217 216 216 212 212 211 210
255 255 255 255 255 255 255 255 255 255 255 255 255 255 255 255 255 254 254 252 174 58 32 34 45 63 77 62 40 43 53 46 52 49 47 46 46 46 45 44 60 65 57 81 107 107 85 101 52 80 76 61 96 106 63 38 49 51 55 57 54 51 56 63 68 61 57 52 67 74 53 41 42 16 21 33 117 72 97 95 130 203 182 177 190 192 132 77 51 50 82 140 184 201 198 191 200 204 200 202 196 186 187 184 165 163 161 142 146 140 157 168 166 167 167 167 168 168 169 169 168 168 167 166 165 164 163 162 158 161 159 158 147 144 155 155 159 167 168 178 190 196 204 203 201 189 158 112 62 31 55 105 190 225 221 193 169 162 195 127 65 75 22 26 39 46 48 39 39 41 42 39 36 35 35 36 34 32 36 54 45 28 34 36 46 35 61 80 82 72 38 30 29 28 28 27 28 29 30 31 32 30 26 23 27 31 30 24 8 18 18 15 30 127 248 241 236 236 237 232 230 231 225 219 223 223 222 220 219 218 217 216 212 212 212 211
255 255 255 255 255 255 255 255 255 255 255 255 255 255 255 255 253 255 255 182 60 33 27 43 62 73 61 40 40 49 50 51 52 51 48 44 42 44 50 54 74 58 84 99 94 89 103 96 76 74 69 86 101 64 25 47 61 58 54 52 52 55 61 65 67 48 53 72 75 45 27 52 36 20 20 31 90 64 100 86 154 208 182 181 161 107 51 49 59 109 166 199 205 197 196 206 192 202 203 203 196 188 192 191 169 167 164 144 147 140 155 166 169 169 169 168 167 167 166 166 168 168 168 167 167 166 166 166 160 163 161 159 149 145 156 157 163 169 167 176 189 200 211 212 210 205 189 163 118 62 35 41 110 184 218 208 176 161 189 147 64 79 26 21 26 36 48 45 43 43 43 41 38 34 34 36 34 36 34 35 53 48 25 37 41 32 52 65 76 75 51 36 32 31 29 28 27 28 30 31 33 29 27 27 27 26 29 34 24 12 4 23 20 33 153 255 236 231 235 238 230 226 228 226 224 223 222 221 220 218 217 217 213 213 212 212
255 255 255 255 255 255 255 255 255 255 255 255 255 255 255 255 255 255 186 63 38 29 41 55 72 57 42 43 48 48 47 52 51 50 47 43 42 47 56 64 64 82 90 92 85 108 109 87 76 61 92 105 48 31 50 54 60 58 56 55 55 57 63 69 50 52 73 79 50 20 27 58 31 23 15 29 34 49 104 89 174 195 160 136 90 39 41 74 128 185 215 203 199 206 207 203 206 207 204 207 200 188 192 196 177 176 175 157 162 154 166 174 176 176 176 177 178 179 179 180 167 167 168 168 169 170 170 170 161 164 163 162 152 149 161 161 159 166 167 176 186 199 212 210 214 210 203 193 169 121 68 36 47 99 174 216 185 161 183 171 71 82 31 20 15 26 42 45 46 45 44 43 39 34 33 36 35 40 37 29 38 53 45 28 33 34 47 77 56 71 56 52 37 35 32 29 28 28 29 30 32 28 28 30 28 24 27 35 39 11 5 10 17 17 37 174 250 244 229 231 233 228 231 230 224 224 223 222 220 219 218 218 214 213 213 212
255 255 255 255 255 255 255 255 255 255 255 255 255 255 255 255 246 187 66 37 31 43 59 70 60 41 41 53 49 46 50 50 49 47 44 43 47 54 62 68 68 100 88 79 111 112 94 71 64 92 88 57 30 48 60 59 57 56 57 58 56 55 60 69 46 70 76 54 28 25 40 46 23 16 15 80 45 60 94 101 175 204 130 70 85 62 85 149 211 206 203 207 210 206 204 207 213 199 199 222 213 159 111 85 87 87 92 82 94 90 100 106 121 123 125 127 130 133 135 136 148 148 149 151 153 155 156 157 158 161 161 162 154 153 166 167 165 173 178 180 181 196 217 212 211 211 210 206 198 176 127 78 45 43 97 165 179 170 175 192 84 82 34 22 12 21 32 36 47 45 44 44 40 34 34 38 39 39 39 39 24 35 56 34 35 32 48 81 76 62 60 62 42 39 35 31 28 28 29 30 30 29 29 29 28 27 27 29 37 25 26 6 13 8 16 48 191 245 239 227 235 229 227 221 225 224 223 222 221 220 219 218 214 214 213 213
255 255 255 255 255 255 255 255 255 255 255 255 255 255 255 255 199 71 28 35 40 56 72 66 34 47 50 47 48 49 48 50 47 44 42 44 52 60 66 69 90 92 86 107 114 95 79 59 95 91 50 32 42 64 59 55 61 56 55 57 56 53 56 64 68 75 49 31 35 36 39 40 19 23 11 94 50 78 94 114 194 195 128 77 111 116 167 213 200 207 216 213 209 217 217 201 210 210 217 212 141 41 3 13 3 3 7 0 9 2 8 10 4 5 6 8 10 12 14 15 17 18 20 22 24 27 29 30 34 38 39 41 35 35 49 51 57 60 61 65 83 138 204 224 214 215 212 203 201 203 174 128 71 42 39 89 159 186 171 200 95 81 35 24 12 20 24 26 47 44 44 45 41 35 35 39 44 35 41 41 29 22 33 61 41 34 38 84 101 69 54 64 45 42 37 32 29 28 28 29 28 31 30 27 28 31 28 22 27 35 33 22 3 12 20 8 57 207 250 233 237 231 233 231 225 225 224 222 221 220 219 218 214 214 214 213
255 255 255 255 255 255 255 255 255 251 253 254 250 255 249 212 61 39 26 38 60 67 57 46 47 47 48 50 50 48 46 45 48 51 42 53 62 69 78 59 82 89 109 117 88 66 76 99 87 47 28 65 86 66 57 57 52 66 65 68 65 54 62 73 62 41 20 36 36 15 44 31 17 28 39 84 40 80 99 126 204 172 121 129 149 193 203 212 207 214 220 217 211 212 215 213 209 223 200 105 19 7 24 28 18 18 17 16 16 15 14 14 9 10 13 16 20 24 26 28 25 25 24 23 22 22 21 21 14 13 12 10 9 7 6 5 2 1 0 0 0 19 116 226 216 217 216 218 211 210 200 189 135 81 40 40 78 140 174 208 120 75 64 23 25 31 40 12 26 37 50 46 33 36 45 43 39 40 38 41 45 37 28 33 60 35 30 56 80 81 65 51 58 46 43 35 36 24 27 27 29 28 28 30 32 31 28 24 22 30 36 30 17 9 12 19 6 74 212 253 230 234 235 222 229 227 224 224 224 223 221 219 217 215 214 212
255 255 255 255 255 255 255 255 247 255 255 252 255 250 193 77 41 36 42 58 63 54 47 48 48 50 50 47 46 48 47 45 42 39 49 59 72 75 57 49 95 103 118 129 124 85 73 91 60 45 59 83 72 58 62 61 59 61 55 60 68 62 63 71 46 36 23 30 28 27 53 23 7 24 33 68 71 93 86 146 206 169 125 134 155 198 209 213 220 217 212 214 218 212 209 216 224 164 54 4 13 15 19 27 32 31 30 29 27 26 25 24 26 27 28 30 32 34 35 36 37 37 36 36 35 34 33 33 30 30 29 27 25 24 22 22 15 18 15 22 19 0 24 96 223 213 221 216 223 212 201 194 182 141 91 42 51 78 129 199 141 73 66 29 22 29 37 16 23 27 38 45 43 45 46 42 35 36 38 44 48 43 34 30 41 47 41 32 54 93 93 61 56 39 47 44 35 29 27 33 26 28 30 31 30 29 28 28 28 26 29 34 29 16 10 11 22 12 101 232 242 227 230 235 230 227 225 224 224 224 221 219 217 216 214 213
255 255 255 255 255 255 255 255 255 255 252 255 255 199 65 26 26 42 62 69 58 42 42 51 49 51 50 48 49 50 47 41 39 51 64 77 80 58 42 53 108 116 130 155 153 137 94 63 34 53 80 84 67 53 51 62 61 52 59 65 65 71 66 50 34 31 31 26 21 42 64 17 27 33 43 29 54 100 100 156 206 164 129 141 164 205 216 214 209 221 223 213 211 218 220 216 113 33 2 15 24 20 14 29 29 29 29 29 28 28 28 28 24 24 24 23 23 23 22 22 20 20 20 19 18 18 17 17 25 24 23 21 20 18 17 16 24 16 14 25 28 13 6 17 90 224 230 212 218 221 204 216 201 187 153 87 81 65 103 185 171 73 68 40 20 26 32 21 19 18 27 41 50 52 47 41 43 38 37 40 46 51 48 39 27 47 37 29 72 111 104 83 69 36 38 44 40 44 30 33 24 28 31 31 29 28 29 32 32 26 25 31 35 28 13 2 14 9 10 126 251 237 232 235 231 228 226 225 225 224 222 219 218 217 215 213
255 255 255 255 255 255 255 255 255 255 251 253 213 72 25 35 36 57 69 60 45 43 48 52 50 48 48 51 53 50 45 40 51 64 67 73 68 37 37 76 130 130 143 145 157 154 132 88 48 61 76 73 67 53 39 50 51 62 69 68 76 63 37 42 38 29 36 28 20 52 64 19 27 39 109 59 23 48 96 178 201 155 132 146 173 210 220 214 226 223 220 214 223 232 170 68 5 11 17 22 21 29 50 57 57 58 59 62 64 66 68 68 65 65 64 62 61 59 58 58 53 53 52 52 52 51 51 51 44 44 42 41 39 37 36 36 30 27 30 28 18 14 14 11 4 80 218 227 211 214 223 217 207 204 186 140 130 100 111 177 195 80 67 49 23 24 25 23 18 22 25 32 43 49 46 42 45 36 33 35 41 54 57 45 33 24 48 90 109 112 110 102 93 50 19 30 46 57 34 29 25 27 29 30 29 29 31 32 30 31 28 24 30 35 23 5 2 26 8 25 153 255 239 223 232 230 227 226 226 225 222 220 219 218 216 214
255 255 255 255 255 255 255 255 252 253 254 214 84 34 30 36 59 65 61 47 43 50 54 50 51 47 49 54 50 42 44 52 62 53 50 39 43 36 43 112 132 148 144 144 143 149 142 148 98 71 68 68 61 53 41 39 58 67 75 73 65 37 18 42 49 25 34 29 22 53 51 23 35 35 125 102 62 31 75 192 192 146 135 149 182 212 221 214 216 223 219 230 221 125 24 0 8 26 20 21 47 64 64 56 59 60 62 65 68 70 72 74 73 73 72 71 70 69 68 68 68 67 67 67 67 67 66 66 72 72 71 69 67 66 64 64 56 58 54 51 47 29 13 11 7 2 61 201 230 222 220 215 218 212 198 176 147 123 114 161 207 99 60 51 31 22 19 23 19 34 31 21 27 39 42 44 38 32 32 35 40 52 55 45 40 48 92 135 132 111 109 114 108 79 18 16 41 48 34 33 30 28 27 28 30 32 32 31 29 33 29 21 23 31 30 22 6 5 24 7 31 174 254 231 234 231 229 227 227 225 223 220 220 219 217 215
255 255 255 255 255 255 255 255 255 255 216 84 38 35 35 55 71 61 50 46 50 54 53 49 50 49 51 51 42 36 47 65 51 49 35 25 31 32 67 144 127 143 156 146 148 147 154 154 136 104 74 62 59 52 44 47 71 68 75 62 34 27 32 33 51 22 30 25 26 54 34 25 36 48 95 89 115 77 82 191 182 139 139 152 191 214 220 216 223 216 234 192 69 1 14 23 29 14 36 59 67 68 59 63 63 64 65 66 68 69 71 71 67 67 67 67 67 66 66 66 68 68 68 68 68 68 68 68 72 71 70 69 67 65 64 63 61 52 47 49 53 54 37 11 11 12 0 47 190 238 228 221 218 214 208 200 146 132 119 156 207 126 48 42 40 19 16 24 21 42 35 15 18 30 37 43 44 40 37 36 39 49 57 58 61 108 128 124 129 126 113 109 107 106 40 12 25 26 29 42 33 30 27 27 30 32 31 29 32 30 28 26 23 23 30 39 13 6 8 21 9 44 193 255 235 233 230 228 228 226 223 221 221 220 218 216
255 255 255 255 255 255 255 255 248 228 87 30 38 37 52 73 60 53 49 50 53 52 51 50 48 49 48 46 44 48 54 58 37 54 36 34 35 26 75 140 143 147 150 149 139 154 155 140 147 136 91 56 52 50 49 59 69 72 54 38 39 39 33 27 43 23 32 20 31 63 27 27 8 56 91 83 110 87 108 206 173 137 143 154 199 216 219 221 223 231 142 28 5 22 21 22 18 47 67 79 68 55 68 72 63 63 64 66 67 68 69 70 67 67 68 68 68 68 68 68 68 68 68 68 68 68 68 68 70 69 68 67 65 63 62 61 58 55 62 55 41 58 67 42 16 16 15 0 38 172 228 218 221 216 212 208 150 145 133 161 200 155 33 27 45 15 15 27 21 40 31 14 21 30 31 39 50 48 41 35 35 41 55 70 102 124 131 116 114 130 127 102 106 116 63 12 14 16 26 38 34 33 30 29 28 29 29 29 32 29 29 31 28 24 29 39 26 26 1 17 19 7 65 203 236 234 231 229 228 227 224 221 221 220 219 217
255 255 255 255 255 255 255 255 238 95 41 34 26 53 74 60 43 51 55 51 48 50 52 51 46 47 42 41 53 65 58 42 38 50 43 37 39 32 56 108 157 154 147 144 148 142 139 143 149 145 104 58 38 47 63 57 73 53 28 41 59 47 31 21 35 27 36 18 37 75 28 29 23 39 69 84 86 73 130 217 169 137 147 156 204 217 219 224 210 84 4 19 35 22 18 27 60 73 80 67 62 69 69 70 58 59 61 64 67 69 71 72 68 68 69 69 69 69 69 69 68 68 68 68 69 69 69 69 67 66 65 63 62 60 59 58 57 61 67 61 50 52 60 57 41 12 12 16 0 32 154 236 224 217 215 215 165 158 134 147 196 174 24 16 48 13 16 30 20 34 25 16 29 33 28 35 40 43 39 34 32 31 43 64 122 118 119 120 117 116 118 119 111 115 72 10 12 21 26 26 34 35 34 30 26 26 28 31 29 31 32 32 32 31 30 30 43 27 16 0 16 7 10 81 237 234 231 230 229 227 224 221 222 221 219 217
253 255 255 250 250 255 253 231 82 49 24 31 58 69 60 46 47 53 56 52 50 51 50 47 50 48 45 52 60 53 43 43 41 43 41 40 29 61 113 44 95 138 141 141 145 137 143 146 147 121 95 53 65 45 69 90 62 34 24 28 23 23 28 25 28 42 28 29 52 51 38 35 30 74 53 81 91 65 175 201 155 134 149 168 211 228 216 160 27 22 29 33 21 21 48 75 74 72 69 73 76 66 58 61 63 55 54 66 67 64 72 69 66 66 66 66 66 66 66 66 67 67 67 67 67 67 67 67 65 62 65 72 66 63 50 56 55 64 73 57 51 58 58 58 61 48 14 9 30 4 20 131 239 222 214 220 183 143 146 150 182 199 43 9 54 30 13 29 45 16 16 26 38 52 18 23 32 56 59 51 35 24 29 80 120 119 121 124 120 115 115 120 105 49 31 27 20 25 24 37 19 32 38 37 31 25 21 28 29 31 32 31 29 28 29 31 29 34 29 14 7 11 13 8 111 229 247 227 235 227 219 230 224 223 221 220
252 253 255 255 254 252 227 99 49 37 34 55 65 64 52 51 51 53 54 52 51 50 48 46 46 47 57 57 57 51 36 44 47 43 29 34 31 59 83 72 53 120 139 135 140 146 155 147 122 114 103 77 54 69 81 65 34 36 45 40 25 25 27 16 42 51 41 43 57 60 53 42 55 104 47 54 95 96 193 202 148 146 148 168 229 202 103 7 26 28 26 21 31 57 71 67 75 74 70 69 69 67 77 95 112 85 58 57 61 60 66 65 66 66 66 66 66 66 66 66 65 65 65 65 65 65 65 65 64 60 62 66 59 58 46 50 55 51 49 51 53 60 58 60 63 64 51 19 9 21 20 18 121 228 223 215 193 143 143 148 175 205 69 19 53 39 19 23 44 19 18 27 27 35 17 21 19 67 71 65 43 29 58 88 106 115 121 121 120 118 112 104 30 52 101 35 6 21 28 29 31 35 32 32 33 29 22 22 27 29 32 32 30 30 30 32 26 31 33 27 12 3 7 16 22 120 236 241 226 237 233 227 225 224 222 220
255 252 255 255 255 238 110 34 22 33 57 66 68 51 50 52 53 52 53 55 54 50 46 45 48 50 65 57 49 44 33 47 42 38 31 33 38 89 99 111 76 130 143 139 145 147 144 129 131 114 95 101 67 82 61 33 39 41 42 31 23 29 30 16 45 56 57 58 57 61 65 55 41 59 26 50 51 71 200 190 150 125 162 195 149 39 5 23 26 22 27 47 68 74 71 73 70 73 73 68 63 62 80 107 99 86 62 56 60 62 67 66 70 70 70 70 70 70 70 70 71 71 71 71 71 71 71 71 70 68 70 71 62 61 48 50 59 81 84 80 57 58 60 64 67 63 66 52 27 18 16 17 15 103 228 224 204 155 159 140 165 210 108 28 48 45 31 19 43 23 19 31 22 24 30 30 23 49 84 80 55 45 73 107 103 111 119 121 121 119 109 98 53 82 46 84 21 16 18 24 39 34 25 25 36 36 28 22 25 28 31 33 32 32 32 32 28 27 33 36 23 5 4 17 4 18 148 249 237 228 230 228 226 225 223 222
255 253 255 254 244 126 44 33 27 52 64 66 49 52 49 51 51 50 53 57 55 48 47 50 57 56 59 48 40 38 37 48 36 36 34 23 50 92 90 96 116 139 141 146 151 140 134 133 141 118 95 111 79 56 34 49 58 44 32 26 25 28 29 27 45 60 66 65 57 57 66 62 66 44 33 79 52 83 216 183 145 153 152 85 17 10 38 28 20 41 58 70 79 78 72 75 69 72 71 67 62 60 75 100 76 82 65 54 60 67 70 65 69 69 69 69 69 69 69 69 70 70 70 70 70 70 70 70 69 68 70 71 63 63 50 51 71 109 112 104 63 59 62 66 62 58 60 64 57 34 16 17 8 6 86 208 226 154 156 153 159 207 145 28 36 42 44 23 46 28 16 31 21 18 39 34 36 32 63 87 75 50 82 115 115 112 115 123 124 118 110 107 67 96 80 67 16 10 24 33 36 30 23 21 36 37 35 31 24 27 30 33 34 34 33 33 33 27 27 34 34 22 11 7 19 5 25 169 252 228 226 233 228 227 225 224
255 252 255 248 124 48 27 37 52 60 66 48 48 48 57 52 52 50 51 52 49 46 52 61 61 58 46 42 39 37 44 40 29 31 30 34 102 98 89 102 123 138 140 142 142 134 137 146 129 105 119 105 41 25 62 72 57 49 40 35 29 22 27 41 59 67 64 68 73 70 68 60 62 75 59 52 26 101 214 174 150 112 48 7 25 37 28 14 42 70 80 70 69 73 75 75 74 71 66 64 64 64 74 92 104 97 66 52 60 67 70 64 69 69 69 69 69 69 69 69 69 69 69 69 69 69 69 69 69 65 65 66 58 57 46 50 79 92 82 87 65 62 61 65 63 62 63 63 60 58 41 8 19 8 9 61 202 164 154 146 157 196 173 31 23 34 52 33 51 33 14 24 21 13 34 26 38 44 27 68 86 50 92 108 121 116 116 122 124 119 114 113 79 70 71 73 68 14 22 28 27 28 30 24 33 30 35 39 26 27 29 32 34 34 34 33 34 31 27 28 37 39 23 2 8 22 5 33 185 247 230 232 230 229 227 226
255 255 255 135 47 26 33 44 64 61 50 52 47 55 54 57 56 52 48 45 44 48 57 67 52 53 39 44 44 40 46 28 25 24 35 69 136 115 118 123 127 145 144 135 138 145 142 135 123 113 112 55 24 42 80 52 66 60 40 25 25 29 41 58 72 67 61 78 96 93 83 69 67 72 75 62 44 146 221 162 79 22 0 28 37 13 21 58 77 76 73 73 73 68 68 74 73 69 65 66 68 64 65 76 89 79 61 63 76 82 89 88 87 87 87 87 87 87 87 87 83 83 83 83 83 83 83 83 84 76 75 78 68 62 50 56 70 84 79 76 57 59 59 61 68 68 66 66 60 61 65 52 14 20 17 0 57 141 160 151 158 184 193 51 21 31 50 42 51 38 19 23 28 18 30 33 40 49 31 31 65 71 83 112 115 119 121 119 120 121 117 110 94 70 60 105 120 29 17 7 21 28 37 27 32 22 31 39 30 29 29 30 32 34 34 34 31 35 32 27 33 41 32 13 2 15 21 6 47 202 248 237 232 231 229 228
244 255 138 53 33 37 48 59 60 53 53 51 56 53 55 54 54 52 48 46 50 55 57 56 39 43 41 47 46 43 42 23 28 29 43 93 116 107 114 113 135 143 141 137 146 154 143 130 122 112 60 18 53 69 53 37 79 64 30 13 30 49 58 67 70 66 76 99 97 87 88 83 72 59 69 63 73 179 166 55 6 5 24 28 13 40 76 76 81 74 72 74 74 74 71 66 68 68 68 70 70 63 64 75 81 80 74 79 87 93 92 74 66 66 66 66 66 66 66 66 74 74 74 74 74 74 74 74 75 71 80 97 91 79 61 67 70 86 91 71 54 60 60 60 62 69 61 61 66 63 63 60 47 13 13 26 7 19 131 157 158 176 208 89 29 37 39 45 44 42 32 25 36 22 25 47 49 42 47 25 33 72 84 130 114 120 123 120 119 119 117 112 112 67 107 92 126 60 10 6 14 24 38 28 34 21 30 37 35 32 29 28 30 33 34 34 33 34 33 31 31 33 34 33 16 0 14 20 7 68 219 239 234 232 231 229
252 151 54 22 42 52 58 67 50 56 57 54 51 54 53 49 49 50 49 52 60 63 54 41 31 35 46 48 44 44 38 26 26 41 45 110 113 114 115 139 140 136 138 146 149 139 131 137 122 57 22 49 60 62 51 47 72 57 28 23 49 63 60 63 63 70 102 119 82 57 77 88 95 72 65 66 77 97 28 9 17 30 26 26 48 75 80 77 76 69 72 77 72 70 73 71 69 70 70 70 69 68 79 100 98 95 80 74 88 110 100 55 34 34 34 34 34 34 34 34 37 37 37 37 37 37 37 37 35 39 66 101 104 90 68 73 85 71 64 53 60 69 64 62 59 62 58 66 66 60 64 60 66 47 15 23 29 10 26 122 157 173 216 120 38 45 30 45 39 46 42 24 34 15 12 48 54 48 38 49 20 39 111 141 121 120 122 124 121 115 116 121 107 90 70 105 98 92 16 15 7 17 34 27 38 25 33 36 38 33 28 27 29 32 34 34 37 30 29 34 32 27 33 46 32 5 1 22 12 6 84 233 234 233 232 230
151 57 24 39 49 64 64 50 43 52 57 54 51 52 54 54 49 42 50 57 66 49 40 34 38 38 40 44 61 64 43 33 31 42 42 109 122 117 126 137 148 129 135 151 144 134 150 142 45 20 47 27 37 47 64 33 71 51 43 49 58 65 65 57 75 114 111 77 62 54 51 65 90 89 85 66 20 0 20 29 15 22 41 68 85 85 77 72 74 73 78 78 73 71 70 65 72 67 70 74 78 93 107 108 115 120 91 80 100 119 106 52 41 52 40 38 39 41 53 42 40 39 41 45 44 38 35 35 46 43 61 114 106 108 68 86 90 85 71 61 62 63 63 68 67 65 62 61 61 61 61 62 64 66 54 29 13 13 15 13 105 178 203 157 20 44 46 29 29 38 44 41 30 18 21 37 55 47 26 70 58 19 40 111 135 127 118 120 130 124 106 123 111 108 80 100 96 91 34 18 3 7 24 42 42 28 20 21 34 40 37 33 23 25 29 36 35 34 34 33 33 32 31 31 30 30 9 8 23 9 22 84 246 243 228 228
66 31 31 54 67 64 51 48 49 52 54 54 54 54 51 47 40 48 65 61 56 38 45 50 41 32 46 78 67 49 62 57 45 43 78 54 76 119 122 130 131 143 136 154 146 140 135 40 34 70 70 37 31 48 45 37 61 48 48 56 55 56 69 82 122 104 82 61 46 46 52 54 61 83 57 18 11 20 24 18 35 50 68 79 81 80 79 78 79 75 69 71 74 70 70 80 75 67 73 84 86 91 112 129 118 127 107 103 118 128 110 59 43 53 42 41 42 45 56 47 42 41 44 48 48 43 41 41 49 47 71 130 126 121 79 95 96 91 76 65 65 63 62 66 58 62 61 60 64 65 63 63 64 62 60 53 34 16 10 15 8 95 209 194 31 33 33 49 45 35 32 43 43 25 19 33 65 50 30 52 65 34 31 40 113 135 134 123 129 113 117 110 113 101 82 85 77 69 49 13 12 31 40 42 40 26 20 34 32 36 41 31 32 23 33 31 34 34 35 34 33 32 30 29 31 43 27 6 9 12 14 29 118 237 246 234
27 24 48 62 53 49 51 55 56 53 52 55 56 53 48 44 44 55 70 55 51 38 50 54 33 36 63 75 62 64 71 64 61 53 93 31 47 110 119 128 136 158 136 143 153 131 37 34 46 81 51 50 50 46 33 39 65 51 53 64 57 52 81 119 112 80 55 41 35 51 66 60 46 48 23 11 21 25 29 34 67 77 84 83 82 82 79 73 74 74 74 71 71 72 70 66 78 82 93 73 47 82 127 126 121 128 116 115 124 125 107 67 48 56 47 47 47 49 58 50 47 46 49 53 54 50 48 49 57 55 80 137 134 125 89 104 117 106 87 71 66 64 66 70 65 65 66 60 56 68 72 58 65 62 66 71 59 34 17 16 11 1 96 197 63 6 34 47 57 43 30 35 44 37 26 26 58 47 30 34 36 25 36 43 39 123 135 129 123 127 115 132 114 102 94 65 47 43 73 36 45 47 38 37 46 40 26 27 27 40 34 42 31 33 31 27 32 33 34 35 34 32 30 29 28 40 36 14 4 13 13 0 25 150 252 239
37 46 65 66 49 45 53 55 58 53 52 54 53 48 47 51 62 57 55 39 52 54 56 41 35 53 64 57 69 77 61 61 65 67 70 58 57 96 123 134 151 136 151 152 126 32 37 55 63 96 40 51 68 36 32 44 71 69 60 49 58 84 103 106 66 54 40 38 51 61 65 66 58 25 11 25 23 27 58 74 84 85 84 82 81 81 76 69 71 75 73 70 70 66 70 83 90 66 41 37 43 42 44 54 40 45 38 43 54 59 55 35 44 49 42 40 38 38 44 37 40 39 40 44 44 41 39 41 50 46 61 99 97 92 68 81 91 83 70 60 58 59 62 64 75 69 65 65 62 61 63 65 67 66 66 70 70 60 40 23 24 14 0 84 72 27 21 31 50 57 44 26 31 44 38 23 55 39 19 35 24 29 37 60 39 41 126 139 128 116 123 125 116 108 101 52 40 46 85 60 59 55 47 40 42 47 36 16 25 37 38 38 40 32 36 23 29 31 33 34 35 34 32 31 28 27 31 30 17 9 11 14 7 33 174 249
50 66 62 55 60 56 51 57 54 53 54 53 47 44 50 61 64 54 40 30 51 68 62 38 56 64 55 67 77 58 54 64 57 69 53 70 69 100 133 138 136 148 156 124 39 33 57 42 75 135 57 43 57 27 37 58 73 67 53 50 74 97 88 64 50 44 39 53 69 59 47 55 55 32 18 27 35 57 84 82 80 80 82 83 80 74 72 75 78 69 71 71 63 71 85 85 38 36 52 76 84 81 80 82 81 79 69 66 66 66 65 58 59 61 54 51 48 45 46 42 32 30 30 32 32 28 26 28 17 15 18 32 28 29 17 23 30 29 30 31 30 27 22 17 46 69 71 62 66 63 58 67 67 68 65 63 69 73 62 45 7 28 11 6 23 47 24 21 34 56 55 33 27 36 36 28 60 35 14 38 51 60 35 33 55 34 42 127 139 129 121 120 117 110 96 50 52 68 71 53 49 62 67 54 40 37 35 29 25 37 40 37 39 35 37 25 27 28 30 33 34 34 34 34 33 26 29 37 31 11 6 17 9 0 51 190
60 61 47 45 56 58 56 52 51 52 53 51 46 46 54 63 48 50 39 36 45 69 66 53 63 63 69 67 51 48 59 58 52 59 60 49 72 124 141 139 154 151 113 27 44 72 40 48 104 112 35 40 48 38 49 69 60 55 59 75 80 63 44 39 40 46 56 63 61 56 53 53 50 36 13 32 72 80 74 73 78 73 73 79 81 76 74 76 64 79 81 69 75 91 68 18 27 84 101 88 95 93 85 96 100 99 97 97 98 99 102 103 105 104 101 98 95 92 91 89 101 98 98 99 98 95 94 95 97 98 97 96 93 93 88 87 90 89 93 96 92 87 80 71 24 45 67 71 63 64 67 62 66 66 65 64 65 68 69 68 41 17 13 15 0 18 38 23 26 38 47 45 37 25 24 33 36 34 29 23 48 59 51 63 58 74 36 40 131 137 125 119 118 114 99 60 48 62 48 49 60 54 48 56 60 40 29 46 27 40 38 37 27 41 36 34 28 29 29 30 32 33 35 35 31 32 29 30 33 26 12 5 9 13 6 61
58 50 45 54 54 53 57 45 52 51 49 48 51 55 56 54 39 53 45 48 40 67 65 64 66 67 73 49 39 61 64 57 61 53 64 50 94 143 140 143 154 104 29 41 52 59 49 64 125 57 20 41 56 56 60 66 52 76 87 75 56 40 30 29 31 48 66 64 55 65 72 59 59 31 10 46 85 75 67 79 78 72 68 70 75 77 75 73 74 75 69 85 96 52 19 41 102 98 98 110 121 115 111 119 112 111 112 111 108 106 105 107 107 106 106 106 105 104 102 103 101 98 98 100 99 96 96 99 98 98 98 94 94 91 91 88 94 90 93 96 94 94 93 87 58 31 42 69 67 60 65 65 64 64 66 67 65 63 66 72 68 53 12 7 19 9 21 28 26 26 29 38 41 29 22 29 14 30 33 18 34 38 48 108 72 57 60 33 43 130 138 136 123 117 112 85 39 42 47 59 68 45 23 36 62 57 41 42 33 35 48 24 28 35 41 41 33 32 30 29 29 31 33 35 29 32 29 23 27 35 27 10 8 12 21 2
52 55 46 53 58 49 52 57 54 50 45 47 57 64 56 43 43 59 47 55 40 69 61 62 80 77 47 44 67 67 64 72 75 55 54 79 127 148 135 150 85 35 66 50 30 51 68 57 116 50 59 37 61 64 60 57 75 96 92 63 43 38 34 31 42 47 59 65 68 77 73 55 53 29 32 66 76 72 79 74 70 76 76 67 62 66 72 75 72 83 98 71 21 22 72 106 102 110 108 101 98 92 89 94 95 96 99 99 97 97 96 99 99 97 100 103 104 105 104 107 110 107 107 109 110 108 108 111 113 110 110 109 111 105 109 110 111 107 110 113 110 109 108 100 89 65 32 32 64 75 63 59 63 64 67 68 67 65 62 61 63 66 62 8 13 25 6 25 28 25 17 19 35 42 31 19 26 26 15 34 54 42 14 82 106 56 50 62 28 47 132 140 128 115 121 110 47 39 59 62 48 50 34 15 30 65 64 34 34 38 45 26 17 39 38 48 37 35 31 28 27 28 31 33 35 30 29 25 21 31 37 28 9 5 9 22
49 51 53 55 56 55 53 51 52 43 41 61 61 52 38 56 52 57 57 44 58 66 52 72 86 47 51 79 84 66 55 69 80 79 61 112 139 148 141 81 26 71 98 45 24 54 45 103 103 52 70 62 55 58 63 77 107 85 58 42 36 33 34 35 40 48 45 56 68 65 67 66 51 23 36 71 76 71 75 74 76 73 67 63 68 78 80 75 90 84 47 17 52 101 107 99 114 110 100 89 85 89 90 87 93 93 92 91 91 90 90 89 90 90 90 89 89 89 88 88 90 90 89 89 88 87 87 87 86 86 85 84 84 83 83 82 80 83 84 83 80 79 81 84 96 92 75 47 37 50 65 74 65 62 61 64 67 63 61 63 66 64 57 43 27 6 3 29 26 28 29 27 24 27 34 41 10 27 34 30 28 28 32 40 97 79 32 87 43 23 45 138 142 125 117 111 74 44 39 48 43 46 42 34 18 30 62 60 31 44 43 38 25 31 49 30 41 43 37 25 22 28 32 33 31 31 30 29 29 28 27 27 23 13 8 13
49 50 52 53 53 52 51 50 37 57 58 65 55 42 45 45 63 51 27 68 73 42 66 70 52 36 47 74 87 85 78 78 72 87 100 131 138 150 77 28 42 95 61 35 46 42 28 54 81 54 59 59 54 57 74 107 85 66 44 33 30 30 33 36 47 50 52 66 76 70 69 75 51 19 42 82 75 70 87 90 71 82 73 58 60 64 75 95 77 32 21 78 104 91 108 124 100 91 87 93 100 100 98 97 94 94 94 93 92 92 91 91 93 93 93 93 92 92 92 92 95 94 94 93 93 92 91 91 92 92 92 91 90 90 89 89 84 85 86 87 87 85 82 79 84 93 91 83 58 37 48 63 71 72 68 60 61 68 68 62 63 59 55 51 48 29 12 23 30 32 32 30 27 27 32 37 35 22 28 37 31 31 40 44 92 62 41 40 28 39 57 43 127 147 129 117 106 55 38 53 51 65 63 47 36 28 37 67 66 29 42 38 24 31 30 45 34 42 40 27 22 28 32 30 31 31 30 29 29 28 27 27 27 22 14 8
50 50 50 50 50 49 48 47 44 60 74 50 43 48 42 43 74 35 62 62 47 68 64 51 52 49 49 61 76 85 84 70 64 88 108 146 146 57 25 84 47 79 68 32 86 59 35 76 68 54 59 46 53 77 107 85 59 45 30 26 28 32 37 42 54 49 55 65 69 59 55 68 48 19 51 90 79 89 117 113 98 88 79 61 57 86 91 54 20 41 97 106 106 129 111 86 87 91 103 118 125 122 118 117 120 120 119 119 118 117 117 116 112 112 112 111 111 111 111 110 111 111 110 109 109 108 108 107 107 107 106 105 105 104 104 103 102 101 101 102 101 95 86 78 84 80 96 99 86 63 39 42 77 67 66 66 60 63 69 68 67 61 56 54 59 48 22 22 34 36 37 34 30 28 30 32 44 36 28 30 38 42 43 47 89 55 48 29 38 51 71 26 63 136 143 121 105 93 49 53 61 64 70 55 38 25 18 40 71 46 36 40 28 22 36 42 35 32 33 35 31 26 26 29 31 30 30 29 29 28 28 27 30 30 22 9
52 52 50 48 47 46 45 45 57 65 55 40 51 46 47 43 58 80 66 46 60 64 48 47 60 58 51 62 78 83 80 62 62 107 135 152 55 31 50 75 63 128 91 54 80 35 56 62 62 60 46 54 75 106 89 51 42 34 27 28 34 39 46 51 55 45 50 51 49 44 41 56 42 28 57 83 79 104 131 116 93 93 87 83 82 68 45 31 69 92 97 123 118 87 92 84 95 111 125 125 119 116 116 115 119 118 118 117 116 116 115 115 120 120 120 120 119 119 119 119 118 118 118 117 116 116 115 115 121 121 120 120 119 118 118 118 117 116 116 116 114 107 96 88 80 81 75 92 103 90 69 36 41 68 73 63 64 63 61 68 67 63 61 53 60 54 25 20 35 37 39 38 34 31 30 31 33 45 39 27 35 46 44 41 75 47 26 47 55 36 51 58 43 55 141 124 123 97 74 48 53 56 67 59 40 30 25 28 38 73 49 32 36 29 37 39 35 26 29 39 37 29 25 23 30 30 30 29 29 28 28 28 28 30 27 20
55 53 50 47 46 46 47 48 58 55 45 46 63 42 41 56 65 68 54 70 67 41 51 60 68 55 43 61 77 73 75 72 85 113 135 59 23 71 78 38 102 122 60 73 52 36 55 68 59 44 60 86 104 76 50 40 35 31 31 36 41 46 52 58 53 45 47 41 37 42 45 57 35 37 61 75 74 93 112 102 105 94 98 96 56 19 41 91 104 113 127 102 97 100 80 98 127 129 124 114 108 111 116 117 115 115 115 114 113 113 112 112 115 115 115 114 114 114 113 113 114 114 113 113 112 111 111 111 116 116 116 115 114 114 113 113 113 114 116 117 115 110 103 98 82 76 82 78 88 101 83 70 34 41 60 71 65 59 60 62 62 62 63 53 61 59 24 13 34 37 39 39 37 34 33 32 24 31 43 41 30 34 41 36 67 52 19 63 64 40 60 63 77 27 61 146 137 115 80 57 53 66 69 66 50 29 30 38 27 44 69 44 27 39 35 45 24 31 39 37 31 34 32 19 30 29 29 29 29 29 29 28 25 26 29 31
54 52 49 47 48 50 54 56 51 40 50 54 54 39 40 75 66 39 73 70 42 61 69 60 63 44 35 53 64 56 65 85 109 128 50 28 49 78 43 52 128 73 32 40 34 69 60 61 48 64 91 111 71 41 25 35 32 32 36 43 47 48 52 57 55 49 48 44 40 44 48 52 28 42 66 78 75 78 91 99 98 116 95 41 31 80 111 97 107 118 99 98 94 91 122 131 134 120 111 118 132 141 143 144 142 141 141 140 140 139 138 138 130 130 129 129 129 128 128 128 125 125 124 124 123 122 122 122 120 120 119 119 118 117 117 117 112 114 116 116 113 106 99 93 88 90 79 80 80 81 94 92 76 34 26 54 65 61 63 67 72 69 68 50 59 65 28 14 34 35 37 38 37 36 34 33 23 21 32 47 40 25 27 41 45 52 35 48 48 52 108 64 71 66 18 74 140 134 113 66 67 54 47 59 46 23 30 34 33 22 47 59 33 25 41 53 22 30 43 42 29 28 33 27 29 29 29 29 29 29 29 29 25 24 28 34
49 48 47 47 51 58 64 69 40 41 46 61 44 41 64 67 49 84 65 42 56 69 68 52 39 36 45 61 65 58 68 101 149 129 35 26 33 22 61 56 126 52 18 36 56 52 67 50 55 102 97 69 44 27 28 29 32 35 41 49 51 50 52 56 57 52 53 60 57 50 50 46 23 43 71 83 76 75 85 92 99 75 31 42 98 100 90 125 107 91 94 92 105 131 131 130 116 114 122 138 152 157 158 159 154 154 153 153 152 151 151 150 151 151 151 150 150 150 149 149 146 146 145 145 144 144 143 143 142 142 142 141 140 140 139 139 131 131 131 131 127 117 102 92 101 91 88 82 79 82 82 92 91 78 39 23 50 65 66 78 88 89 87 57 58 64 30 19 35 35 36 36 36 35 34 33 27 26 22 32 45 36 29 39 22 34 36 28 38 29 106 77 39 91 40 28 66 132 127 90 77 39 25 38 35 26 29 29 27 41 18 36 53 29 36 51 33 25 36 46 35 26 31 35 29 29 29 29 29 29 29 29 26 26 27 28
46 45 45 47 54 63 72 78 35 28 51 63 41 68 73 44 83 72 58 53 62 61 49 47 44 51 68 71 67 65 81 120 137 107 38 39 26 34 64 78 117 55 72 56 61 75 56 65 90 103 57 43 29 34 46 27 34 38 46 53 55 52 53 57 55 51 56 79 78 62 59 52 23 44 72 79 71 75 80 72 35 39 81 109 98 105 115 95 97 92 94 114 130 129 122 111 118 139 158 159 151 148 151 154 153 153 153 152 151 151 150 150 151 151 151 151 150 150 150 150 154 154 154 153 152 152 151 151 149 148 148 147 146 146 145 145 149 147 148 150 149 137 118 102 100 98 93 89 84 80 80 80 86 92 85 51 23 42 76 86 95 106 113 76 62 61 24 16 37 36 35 35 35 34 33 32 35 29 23 20 33 54 51 26 40 39 41 47 73 14 73 100 56 49 104 40 10 69 122 115 92 67 41 27 34 26 12 29 32 35 27 13 40 60 37 32 39 26 31 40 36 35 36 31 28 29 29 29 29 29 29 30 27 29 27 22
54 47 32 60 62 76 109 56 32 43 43 50 75 67 50 87 64 60 55 53 54 55 55 54 58 74 70 84 81 77 94 134 145 64 30 31 48 28 35 56 75 72 70 71 68 56 61 100 83 62 40 31 30 30 31 33 43 47 53 56 58 58 59 59 52 63 88 86 73 63 45 61 21 50 74 79 80 76 52 23 70 85 101 111 113 103 93 90 100 104 118 133 129 111 109 123 154 148 157 159 153 151 155 154 152 150 151 155 151 149 142 151 144 144 145 145 146 147 147 147 141 141 142 143 144 145 146 147 146 148 146 144 144 148 150 143 147 145 150 148 143 148 146 135 100 97 96 96 89 81 82 86 78 84 92 90 59 30 44 77 89 102 96 91 69 53 30 20 39 41 36 31 33 33 31 33 27 31 31 24 22 34 51 62 23 29 33 41 39 22 38 91 91 45 75 36 23 6 87 129 104 81 51 45 35 37 25 19 30 32 35 29 27 39 45 34 18 36 36 25 38 46 29 21 36 35 27 26 32 31 27 31 29 29 28 28
49 47 50 65 72 88 89 43 43 27 49 83 57 47 89 63 61 58 54 52 53 55 56 56 70 70 87 101 76 83 122 137 117 50 89 56 70 58 17 59 66 73 78 66 51 68 102 82 51 39 29 28 31 33 35 39 40 47 55 59 59 57 56 57 76 88 82 56 59 78 66 49 28 59 79 82 68 38 42 86 97 101 113 112 95 91 99 99 115 125 133 124 111 121 141 148 147 149 159 161 157 157 160 157 160 152 147 160 162 157 156 156 160 160 159 158 157 156 156 155 156 156 155 153 152 150 149 149 145 142 145 151 151 148 150 149 149 148 146 150 152 154 155 148 137 106 90 93 91 91 87 73 81 75 84 88 84 70 48 43 91 79 77 76 61 58 32 11 33 39 37 33 35 33 29 28 33 28 27 28 25 25 37 52 57 25 25 32 38 40 46 78 98 47 38 29 37 7 98 128 107 86 58 54 46 48 34 28 19 31 35 33 29 25 32 50 37 38 28 36 38 28 29 23 48 36 30 27 23 26 32 30 30 29 29 29
47 51 69 73 86 94 61 32 31 52 77 57 50 90 71 51 58 55 52 51 53 55 57 58 68 81 90 86 81 95 136 155 94 78 110 48 56 49 21 47 68 71 67 59 71 99 76 59 33 31 30 32 33 33 35 39 46 51 56 58 58 60 66 71 100 74 58 67 73 73 64 34 37 60 80 61 40 65 97 95 111 118 109 94 90 92 106 129 129 131 115 106 128 150 153 151 154 157 161 165 162 161 161 159 161 114 81 88 97 91 99 94 105 106 109 112 116 119 121 123 128 129 131 134 137 140 142 144 152 146 147 148 145 146 153 160 136 155 154 154 156 157 162 153 144 139 115 95 95 93 86 86 75 81 76 86 96 90 74 43 37 73 69 61 60 58 37 6 35 42 40 34 35 33 28 27 31 32 30 25 23 25 29 32 59 50 21 19 39 48 56 65 52 21 17 25 35 21 86 125 112 91 64 56 56 53 40 35 29 28 27 32 32 21 22 39 60 29 34 41 33 26 19 27 57 45 36 28 19 23 31 30 30 30 30 30
58 53 78 91 85 77 53 30 40 74 58 49 91 77 55 52 55 54 52 52 53 56 59 61 61 77 85 76 88 112 148 148 92 99 61 33 47 25 46 59 68 60 57 79 111 76 42 32 27 31 35 37 37 38 43 49 51 54 57 58 59 65 76 85 82 50 56 84 73 62 74 31 39 59 49 49 87 102 99 116 107 96 89 92 102 117 128 128 118 104 114 137 150 160 160 146 162 167 163 170 165 159 156 159 158 105 85 85 91 83 87 84 76 75 75 75 74 74 74 73 72 72 72 72 72 72 72 72 78 74 75 72 75 83 83 82 100 149 159 155 156 163 175 163 148 148 142 121 98 91 93 91 85 83 87 77 81 96 86 80 34 32 52 62 64 61 30 14 47 52 46 35 33 33 30 29 28 31 30 25 24 27 26 21 31 61 35 19 32 43 59 56 78 22 25 43 26 40 52 148 120 97 72 50 60 47 41 36 39 25 23 30 29 26 25 21 49 44 32 37 42 27 20 27 55 55 43 30 28 26 24 28 31 31 31 31
64 71 77 93 86 54 45 48 70 51 52 91 77 57 55 57 56 55 54 54 55 59 63 65 60 71 91 93 107 135 152 110 68 83 30 37 63 59 71 64 55 58 83 113 77 44 31 26 31 34 37 36 36 40 46 51 46 50 55 57 57 61 69 75 53 63 80 74 58 76 99 35 45 40 67 96 99 106 114 103 88 83 90 109 127 134 124 106 107 128 143 153 159 152 152 169 136 167 170 172 161 157 157 160 161 130 138 98 83 81 86 92 97 97 98 99 99 100 101 101 108 108 108 108 108 107 107 107 103 99 100 99 105 102 89 95 96 147 160 156 156 164 178 168 166 152 149 145 124 105 94 83 94 96 81 79 79 80 93 89 78 45 20 43 66 56 40 9 54 62 55 41 36 35 31 29 28 23 24 30 31 26 24 26 16 33 42 33 29 39 46 49 36 22 29 52 27 92 61 117 134 112 89 54 70 45 43 40 28 29 32 29 23 29 32 22 25 51 36 27 48 43 25 25 47 56 52 42 37 31 23 22 30 30 30 30
66 79 82 91 75 46 51 61 66 55 91 74 55 60 59 57 60 60 59 59 59 62 66 70 72 77 105 118 120 150 149 71 57 68 25 31 56 81 74 56 57 86 117 78 41 29 30 31 32 35 35 35 37 42 45 45 47 47 47 46 46 50 56 61 62 71 85 82 89 89 83 38 44 89 98 93 115 117 95 87 82 105 120 126 127 116 108 115 142 147 156 156 151 155 145 119 100 163 176 172 155 158 161 162 157 138 148 67 43 49 48 45 47 47 47 48 48 48 48 48 51 52 53 55 57 58 60 60 66 66 70 70 73 67 81 139 128 152 158 159 159 161 171 168 170 164 164 161 146 126 109 96 91 83 90 86 82 80 75 87 95 84 60 25 41 57 33 7 48 60 57 44 39 38 32 28 23 23 24 27 29 29 28 29 20 18 21 38 48 35 30 43 32 47 20 39 7 68 69 77 140 129 108 76 85 56 46 47 28 42 39 27 29 34 30 24 21 28 43 33 34 53 42 22 42 49 59 54 41 36 31 20 29 29 29 29
67 63 102 95 49 58 73 54 60 93 67 62 62 55 60 57 64 65 64 63 63 65 70 74 72 80 115 135 123 150 134 41 61 52 36 61 69 66 54 54 82 110 76 43 32 30 29 31 27 31 36 41 50 57 54 46 52 48 43 41 44 51 57 61 65 63 87 95 104 73 58 62 92 92 104 111 104 100 97 88 110 119 135 130 109 108 128 141 153 156 151 148 152 140 105 77 105 168 175 174 158 160 159 161 145 134 155 98 107 115 108 95 102 102 102 102 102 102 102 102 95 93 91 88 84 81 78 77 64 62 58 50 53 44 67 153 141 148 156 161 161 164 174 176 168 131 142 166 150 142 142 121 93 91 86 93 88 75 78 81 85 94 93 66 40 28 35 14 35 49 50 38 36 38 36 32 20 26 27 22 22 28 30 27 28 30 13 26 51 38 27 35 39 29 20 71 49 28 68 81 127 134 115 103 95 71 40 46 42 43 36 33 40 39 29 25 25 22 26 40 35 39 52 29 38 48 60 56 43 40 37 26 27 27 28 28
53 68 116 79 49 79 66 55 94 64 58 58 64 66 56 55 67 68 68 66 65 67 72 76 43 94 114 128 142 150 97 30 78 57 57 70 66 61 69 91 122 66 38 36 35 32 32 32 37 42 48 55 65 67 56 40 50 48 47 50 57 64 66 66 32 65 110 78 60 51 69 99 97 118 117 97 88 88 98 113 135 129 116 111 120 133 147 159 146 150 157 148 112 82 89 113 139 180 170 177 167 159 152 158 156 133 145 104 125 123 127 128 128 129 130 131 133 134 135 136 129 129 128 127 126 125 124 124 124 118 104 96 113 98 89 152 141 150 164 164 157 163 171 171 170 83 74 142 170 157 148 140 120 100 86 85 87 83 77 77 75 85 98 83 66 33 22 25 25 40 40 28 28 36 39 38 26 23 23 24 22 20 24 30 36 35 34 15 27 50 37 27 43 37 48 39 29 14 70 46 107 131 112 119 97 79 31 39 47 32 33 45 45 39 36 34 28 27 18 26 49 39 25 52 34 53 58 49 46 43 37 36 26 26 27 27
50 119 103 64 66 54 60 103 66 55 56 55 58 64 61 68 78 70 67 55 67 77 72 42 47 120 119 130 151 140 51 48 91 76 63 65 59 62 91 111 62 49 35 28 31 34 32 29 27 42 57 60 58 54 49 43 54 61 62 61 64 69 57 29 58 104 85 42 55 89 103 102 121 104 90 89 95 106 124 142 132 110 110 135 151 151 149 149 153 164 136 80 82 117 99 57 151 172 181 170 161 163 162 156 149 138 141 106 135 136 133 139 134 135 136 137 138 137 136 135 135 135 133 131 129 126 125 124 125 121 115 111 105 105 93 143 143 148 160 155 157 162 176 175 176 126 61 60 123 175 152 144 143 126 97 83 90 90 83 82 78 78 83 92 94 77 46 21 44 42 43 36 28 35 39 29 31 34 43 41 26 20 27 32 32 34 37 30 18 24 37 40 28 38 47 35 25 49 68 55 65 135 123 109 117 100 30 27 56 46 40 40 41 41 42 45 30 25 22 26 35 41 39 33 48 50 34 66 38 52 41 40 27 27 27 28
98 119 98 58 52 74 80 64 63 58 63 60 57 58 57 67 74 55 61 72 77 66 50 34 82 117 130 132 154 117 29 58 80 69 64 50 67 107 97 64 46 41 34 31 30 31 30 29 42 53 62 60 57 57 55 52 61 56 60 67 72 57 43 59 73 66 52 69 99 108 109 107 89 95 94 96 113 135 133 117 98 125 145 152 154 147 148 162 149 112 86 98 114 79 41 58 157 172 179 170 160 160 161 157 148 139 140 107 135 137 133 139 137 138 139 140 140 140 138 138 136 135 134 132 130 128 126 125 125 121 116 112 107 106 93 142 143 148 160 156 157 161 175 175 183 126 86 83 60 96 160 171 152 146 138 113 85 84 90 81 81 76 74 81 93 93 73 51 30 46 49 38 37 45 41 29 39 31 37 47 40 27 26 29 34 34 31 33 34 26 25 37 39 27 35 42 33 44 61 56 50 129 124 105 114 104 53 18 35 50 51 39 36 44 46 40 26 31 27 17 21 36 43 39 39 50 49 68 72 24 45 50 36 32 27 25
128 108 69 48 70 83 61 44 57 55 60 61 60 61 61 69 62 54 68 80 67 48 32 40 113 121 129 141 154 81 33 71 73 60 49 67 96 96 66 36 31 33 33 31 29 29 32 36 53 58 62 61 59 58 58 58 66 62 63 70 51 38 65 82 54 44 78 96 110 123 102 98 81 90 108 128 137 133 121 113 131 140 150 148 144 155 153 131 91 88 97 92 66 48 69 116 165 173 176 169 160 157 158 158 146 141 137 110 135 137 135 139 140 141 142 143 143 142 141 140 137 136 135 133 131 129 128 127 125 122 117 115 110 109 93 141 144 148 159 156 157 160 174 175 191 133 40 58 87 63 87 141 176 157 148 143 121 95 87 90 84 81 76 77 86 94 92 84 57 36 38 51 46 41 44 40 45 32 32 44 45 35 27 25 31 36 33 33 39 36 27 25 34 33 30 34 43 45 49 56 32 108 131 107 109 109 84 15 17 43 52 43 40 42 42 42 30 31 28 21 18 23 34 42 37 36 53 56 100 34 29 47 45 38 30 27
111 72 54 64 73 54 43 71 58 53 53 57 63 66 66 69 56 71 78 65 39 34 32 66 119 129 122 156 144 58 69 74 63 52 61 98 91 46 32 37 29 31 33 32 31 34 41 47 51 50 54 61 61 56 55 59 70 71 67 40 40 65 72 82 29 55 104 122 107 93 88 93 106 114 130 140 129 113 117 135 156 157 151 148 155 148 113 80 97 97 75 51 67 95 106 122 173 174 174 168 159 154 155 159 143 143 133 114 135 138 137 139 142 142 143 144 144 143 141 140 138 137 136 134 132 131 129 129 126 123 119 119 114 112 94 139 145 147 158 157 157 159 172 175 170 168 76 22 57 85 78 67 121 166 168 144 142 132 103 88 85 87 87 83 77 77 86 96 88 62 35 37 49 41 37 53 49 42 38 41 43 41 36 30 32 32 36 37 36 40 36 21 19 40 39 29 36 45 46 51 25 73 140 120 104 113 105 33 14 26 37 48 52 39 35 49 36 32 29 28 23 19 23 30 42 31 38 44 100 85 16 27 46 43 38 35
117 61 64 72 45 51 75 80 61 56 53 57 62 63 65 67 68 79 64 45 30 31 43 95 116 130 136 162 121 64 88 61 55 69 107 94 44 29 31 30 32 35 38 41 43 46 50 53 50 41 44 59 62 55 55 64 71 67 40 43 69 83 73 38 24 69 120 101 88 98 88 109 128 137 132 114 108 125 143 150 148 150 158 159 131 90 84 108 94 63 50 81 123 124 108 124 177 175 171 166 159 154 155 159 140 146 129 118 135 140 138 139 141 142 143 143 143 141 140 139 138 137 136 134 133 131 130 130 126 124 122 122 119 115 94 137 146 146 157 157 157 157 171 174 171 180 178 98 31 48 74 75 68 110 159 166 147 143 133 103 91 86 85 86 80 72 75 85 94 88 72 42 25 41 53 39 49 48 47 47 46 41 38 39 35 27 32 41 38 35 35 33 17 28 45 42 27 33 48 46 30 39 139 136 106 114 111 66 16 17 23 40 51 44 39 47 37 36 31 25 25 28 26 19 34 40 33 41 75 110 25 16 39 42 44 44
149 122 96 58 43 81 94 59 52 55 55 61 62 60 67 72 81 62 35 37 40 34 58 112 121 128 157 143 94 81 74 54 72 106 112 66 28 27 30 24 36 39 46 52 56 56 54 52 54 45 46 57 63 59 60 66 67 37 48 74 86 75 37 12 32 87 94 85 95 101 118 141 132 120 110 113 131 151 157 155 146 163 151 101 76 100 106 73 51 62 100 128 129 116 120 147 178 175 170 165 159 155 156 158 137 148 125 122 135 141 140 140 141 141 142 142 142 140 138 137 137 136 135 134 132 131 130 130 127 125 124 126 123 118 94 135 147 146 157 158 158 156 169 174 181 171 209 195 135 57 23 69 80 62 89 143 166 162 150 136 110 92 81 85 90 85 76 72 77 102 96 65 47 37 34 44 42 40 43 51 48 33 28 38 32 36 33 33 38 36 35 41 23 19 32 46 39 27 34 48 37 27 117 144 116 114 110 95 21 21 19 22 34 48 48 40 41 33 27 26 30 31 31 30 22 32 47 38 38 88 40 20 28 34 40 42
155 167 138 92 78 85 77 53 43 50 54 65 68 63 70 71 66 43 28 39 38 33 77 116 127 134 147 102 78 79 59 73 101 104 71 48 38 24 29 34 39 44 52 57 59 57 53 50 55 56 56 59 64 67 63 57 46 60 68 80 69 30 12 18 32 101 100 76 103 131 136 136 120 109 116 142 159 156 152 154 164 124 87 92 108 90 60 53 88 118 128 117 124 127 120 136 177 175 169 163 160 158 157 156 135 150 122 125 135 141 141 140 142 142 143 143 142 140 139 138 135 135 134 133 132 130 129 129 127 126 125 129 126 120 95 134 147 145 156 158 158 155 168 174 166 179 208 207 206 162 84 32 63 78 60 68 134 169 157 154 138 120 99 89 90 90 81 71 79 78 88 96 76 45 35 42 40 37 37 45 46 31 24 32 33 41 36 29 34 40 38 39 27 23 15 32 55 39 23 39 40 39 79 137 131 116 110 109 35 23 17 15 19 37 48 42 44 33 29 33 32 27 32 45 32 24 46 42 26 53 68 29 19 23 27 28
153 140 149 157 116 78 69 50 46 51 52 68 74 67 67 60 37 35 42 41 22 26 96 116 127 145 119 67 73 63 62 100 114 63 45 42 31 34 42 46 43 47 53 56 55 53 52 51 52 64 67 62 65 73 62 42 47 77 94 63 19 7 16 23 42 107 93 95 131 137 132 110 105 131 154 156 150 149 152 152 90 94 101 93 67 54 73 100 131 118 120 128 126 113 121 158 176 174 169 163 160 160 159 155 134 151 121 126 135 142 142 140 143 143 144 144 143 141 140 138 134 134 133 132 131 130 129 129 127 126 126 130 128 121 95 133 148 145 156 158 158 154 168 174 178 173 199 211 203 204 187 98 32 55 80 72 63 105 157 171 160 152 128 98 82 83 83 77 76 75 74 86 95 75 45 34 47 46 39 40 46 42 34 33 43 33 33 37 35 35 39 37 31 24 10 21 54 57 32 19 38 56 49 127 142 117 112 111 50 20 12 19 14 19 40 51 39 41 41 36 29 27 35 44 57 34 25 56 42 35 107 31 15 15 15 15
135 149 157 150 135 83 52 58 40 42 71 82 80 67 53 18 27 23 46 27 8 56 112 133 135 135 101 60 59 80 98 111 73 55 35 47 46 40 59 53 57 52 55 59 58 58 55 45 55 60 65 73 74 48 35 57 85 78 47 16 14 14 13 27 53 107 93 98 140 130 110 120 142 160 145 151 150 167 117 80 95 108 86 50 60 102 126 126 133 129 131 123 127 123 121 161 173 177 173 161 154 156 157 154 135 153 114 134 140 144 144 141 146 145 144 143 141 140 139 138 135 134 133 132 131 131 131 131 125 128 127 123 123 120 103 128 151 143 154 154 154 158 158 175 172 174 190 217 215 210 202 203 129 47 30 79 82 56 89 151 169 155 148 138 111 89 83 83 86 85 70 74 83 81 35 29 25 45 44 34 39 41 40 48 31 33 35 37 36 34 32 31 28 27 30 27 26 40 47 37 19 30 44 57 117 117 108 110 87 11 5 23 19 21 23 36 43 41 36 35 38 31 27 36 54 41 28 32 79 130 117 71 4 20 19 18
142 147 148 142 120 66 49 58 44 63 75 73 62 52 40 32 28 26 22 8 24 87 115 126 135 153 146 91 61 99 110 61 54 45 39 59 59 50 62 53 51 56 58 57 59 64 63 59 61 65 68 69 49 38 63 85 71 42 19 14 15 13 16 23 58 106 90 102 144 121 105 132 155 152 162 173 148 103 86 109 101 56 48 93 131 138 133 128 136 133 133 126 129 125 125 165 173 176 172 160 154 156 157 153 135 152 114 134 140 144 144 142 146 145 144 143 142 140 140 139 134 134 133 132 131 131 130 130 124 127 126 122 122 120 103 127 151 143 154 153 153 158 157 174 172 174 189 215 214 210 202 203 197 151 68 33 62 70 63 80 140 162 151 140 148 124 88 85 82 81 77 77 80 83 39 44 20 31 49 49 35 41 48 36 28 30 34 36 36 35 35 35 35 33 24 14 15 28 47 64 41 26 29 38 68 112 115 119 98 22 5 22 21 8 4 30 39 43 46 39 32 28 26 33 66 43 37 70 126 127 70 39 26 22 18 19
147 145 143 140 116 57 41 53 62 73 74 63 33 41 42 32 22 20 26 10 47 108 135 130 150 155 153 140 118 89 65 56 43 44 54 72 61 45 52 49 47 57 61 59 58 59 61 64 68 68 70 44 37 71 84 77 34 19 12 15 13 13 21 27 67 106 85 111 150 108 100 150 160 157 163 120 86 88 110 77 48 69 116 153 152 140 145 158 141 137 137 130 131 127 131 169 173 175 171 159 154 156 156 152 135 151 112 133 139 143 143 143 145 144 143 143 142 141 140 140 134 134 133 132 131 130 129 128 124 125 124 121 121 119 102 124 151 143 153 153 153 157 156 173 172 173 187 213 213 209 202 203 205 198 169 97 36 48 76 64 59 122 170 161 141 143 131 99 87 81 89 80 77 87 43 58 51 22 25 49 50 42 41 38 35 37 38 38 37 35 35 36 38 40 33 25 20 14 24 49 64 38 25 23 34 106 109 115 120 57 11 2 15 16 14 38 36 35 47 45 33 27 25 36 45 64 107 139 134 75 40 93 46 17 12 18
148 144 146 146 132 70 38 54 71 77 58 40 34 43 35 27 23 12 17 24 39 101 127 133 151 156 143 141 153 129 80 55 36 46 69 81 57 34 40 47 50 49 63 77 69 53 55 69 71 66 42 47 72 87 75 31 10 17 17 20 18 12 23 38 78 105 82 121 152 95 103 169 174 159 99 76 108 94 65 47 89 146 175 156 139 142 149 151 144 140 138 132 130 126 135 172 172 174 169 158 153 156 155 151 135 150 110 132 138 141 141 143 142 142 142 141 141 140 140 140 133 133 133 133 131 129 128 127 123 122 122 119 118 117 101 121 151 143 153 152 152 156 155 172 172 171 184 210 210 208 202 203 207 202 206 190 124 52 42 73 71 58 93 151 167 153 145 142 110 93 100 82 75 93 43 55 79 48 14 21 51 51 38 44 42 43 42 42 40 38 37 37 40 43 45 42 32 15 11 24 55 51 43 36 64 126 122 121 122 58 13 3 5 11 16 21 38 21 34 46 41 33 29 41 47 71 117 131 131 110 79 100 50 9 7 20
149 143 146 143 147 97 50 72 74 56 39 33 47 40 29 23 23 23 45 38 36 35 81 155 142 138 145 145 146 158 140 88 49 52 75 80 56 37 39 48 50 50 74 92 78 61 64 69 67 38 49 78 89 63 21 14 16 13 11 21 17 7 25 43 90 102 83 133 146 88 118 183 169 145 103 119 85 50 66 127 169 175 163 148 148 150 145 141 145 140 137 132 128 123 137 174 172 173 167 157 153 155 154 149 136 148 107 130 135 136 137 141 139 139 139 139 139 139 139 139 132 133 133 133 131 129 126 125 122 119 119 118 116 116 100 118 151 143 153 152 151 155 154 171 173 170 181 206 208 207 202 203 204 214 206 199 193 146 75 35 61 77 66 73 130 170 165 157 144 115 110 83 75 97 41 37 59 80 56 14 20 49 52 42 41 40 39 41 43 43 40 37 42 36 39 41 30 22 21 22 16 51 69 68 126 147 127 112 54 19 11 21 8 2 18 21 41 19 23 37 43 42 36 37 31 42 106 134 126 117 96 97 89 39 14 8
150 144 142 135 147 110 68 86 66 30 32 44 47 25 26 24 19 25 29 76 119 79 23 75 137 132 141 153 147 135 137 146 104 78 76 67 49 41 36 41 43 70 89 77 63 72 70 44 40 55 76 89 54 13 12 11 17 13 13 16 0 9 44 44 100 99 89 143 135 88 143 189 191 130 126 132 50 99 159 163 171 157 154 156 150 147 151 153 146 141 136 132 126 121 140 175 172 172 166 155 152 155 153 147 137 147 105 127 131 130 131 136 135 135 136 136 136 137 137 137 131 132 133 133 131 128 125 123 121 116 117 116 114 114 99 115 150 143 152 151 151 154 153 170 173 169 178 203 206 206 202 204 198 198 207 207 202 199 158 91 32 59 84 67 58 115 167 160 172 140 119 85 74 98 44 20 21 63 89 57 13 22 48 46 43 39 37 40 45 44 36 28 34 27 33 40 28 18 16 11 17 35 104 123 130 120 102 31 36 76 57 19 8 5 13 22 36 32 26 26 34 46 45 32 20 37 106 132 121 123 103 75 84 56 27 12
147 147 141 136 138 102 73 67 42 34 35 42 38 18 16 28 31 37 32 50 112 92 49 84 135 150 141 134 145 138 131 146 142 95 75 57 45 45 34 35 54 81 82 61 57 63 53 36 50 73 84 48 13 12 16 16 11 17 17 14 6 34 69 46 107 96 95 150 123 92 169 191 180 131 151 127 93 151 160 163 163 154 148 146 146 155 157 147 148 143 137 133 125 120 143 177 171 171 164 154 152 155 153 146 139 146 103 125 128 125 125 131 132 132 133 133 134 134 135 135 131 132 133 133 131 128 124 121 121 114 115 115 112 113 99 113 150 142 152 151 150 153 152 169 173 168 176 200 204 206 202 204 198 207 206 206 213 208 192 184 120 31 34 95 78 51 106 179 183 159 127 88 71 94 51 14 5 20 62 83 51 20 27 42 51 43 39 44 51 49 36 22 28 26 37 49 38 18 13 22 53 90 128 128 128 101 45 14 73 120 72 13 11 11 14 23 23 42 32 21 24 37 51 42 29 58 117 138 125 118 104 89 93 88 47 13
141 149 144 146 133 89 67 35 31 35 44 44 14 18 24 19 28 51 58 48 73 104 108 130 145 141 148 148 137 139 146 140 132 85 71 59 53 56 39 37 80 71 58 68 76 44 31 63 90 81 41 11 15 21 20 22 16 17 7 19 38 66 82 50 110 94 100 154 114 96 186 190 174 113 152 104 113 178 155 150 146 151 149 148 158 160 151 147 149 145 138 135 126 121 145 179 171 171 164 154 151 155 152 145 139 146 102 123 126 122 122 128 130 130 131 131 132 133 134 134 130 131 133 133 131 127 123 120 120 112 114 114 111 113 98 112 150 142 152 151 150 153 152 168 173 167 174 199 203 205 202 204 211 206 203 206 209 211 209 204 179 148 49 20 82 82 84 166 184 169 132 91 69 91 58 15 0 1 19 63 87 52 17 21 53 44 40 48 59 59 43 27 32 33 39 52 48 28 35 69 109 134 142 130 115 113 61 68 96 64 23 27 22 3 15 21 11 44 35 23 19 26 54 60 32 86 128 125 126 134 117 93 106 117 64 15
144 149 141 139 115 45 31 53 30 40 44 36 15 16 33 20 33 32 60 78 106 103 125 135 144 141 137 136 138 139 140 139 121 88 52 45 32 50 46 67 69 58 62 60 38 37 68 96 65 33 9 17 13 22 20 19 47 16 7 11 31 84 79 60 109 90 111 158 103 108 190 186 168 119 153 93 138 152 148 152 147 151 154 155 157 158 153 147 142 131 129 123 121 113 160 177 172 170 158 155 156 154 152 141 148 139 106 114 118 114 120 123 123 125 127 130 132 133 133 133 134 134 134 134 132 130 127 126 116 114 112 112 111 108 104 101 149 143 150 153 154 153 151 162 170 172 173 188 198 199 202 199 203 203 204 206 207 209 210 210 200 199 166 93 57 127 104 161 185 182 141 90 73 90 77 22 11 7 0 9 62 87 61 17 17 52 54 38 50 64 50 31 23 22 35 38 42 61 93 133 124 120 118 121 125 119 103 89 97 107 64 65 20 6 12 15 0 29 38 16 23 32 21 53 49 94 133 127 118 135 123 104 95 106 90 29
147 138 151 147 66 18 62 48 31 36 48 34 17 18 30 51 37 42 62 79 92 92 113 138 141 137 135 138 142 142 135 129 123 94 48 41 34 51 54 62 58 71 60 35 44 75 80 61 31 14 10 17 22 18 20 22 61 22 26 7 5 48 63 62 106 90 119 154 97 124 190 188 158 122 149 90 142 156 151 154 157 157 155 150 149 148 143 137 140 130 127 121 119 113 160 176 172 169 157 155 155 154 152 141 149 135 101 108 112 110 115 119 122 124 126 129 131 132 132 132 133 133 133 133 131 129 127 125 116 114 112 111 111 108 104 100 148 143 150 153 153 152 151 161 171 172 173 187 197 197 201 198 202 202 203 205 206 208 209 210 206 198 190 146 78 134 116 150 184 183 145 93 73 88 77 23 24 9 1 3 24 52 66 56 18 30 49 51 42 53 60 44 32 34 42 44 47 63 94 128 132 121 113 117 125 123 107 91 85 87 66 56 23 12 6 12 4 13 45 24 36 32 32 31 47 83 118 132 135 114 124 119 95 103 97 58
143 161 143 76 41 39 51 52 26 32 43 31 23 33 36 41 42 68 76 78 82 100 116 136 137 137 138 141 143 139 130 123 123 105 57 44 38 54 66 65 71 58 41 44 74 91 65 25 14 17 20 17 26 6 8 24 49 44 48 35 32 1 19 89 101 90 131 147 92 149 191 189 143 129 141 88 149 160 156 157 165 164 159 152 147 144 137 130 136 127 123 119 115 115 162 174 171 169 157 154 155 153 152 141 150 131 95 101 104 103 108 113 120 122 124 127 128 129 129 129 130 131 131 131 129 127 125 124 116 114 112 111 110 107 103 99 148 142 149 153 153 152 151 161 170 171 171 185 195 195 199 196 200 200 201 203 205 206 208 208 209 197 198 179 86 126 119 139 183 184 152 100 73 86 78 24 27 15 7 4 0 15 50 77 53 21 23 48 48 41 48 57 41 43 40 38 40 57 92 119 132 123 115 116 122 121 111 100 82 70 76 58 39 26 7 15 4 4 44 31 31 28 45 38 20 73 110 141 124 124 121 121 105 101 97 80
153 149 71 24 59 48 34 56 37 52 32 15 19 27 38 40 54 88 92 84 94 119 128 135 136 140 144 143 137 132 129 129 122 112 78 53 45 60 77 78 83 40 41 83 89 57 27 12 9 20 22 16 21 6 16 48 32 46 67 59 67 32 15 100 96 92 143 137 93 173 191 187 130 136 130 93 156 165 162 160 165 167 165 160 155 150 140 131 132 123 119 116 112 119 164 172 170 168 156 154 154 153 151 140 153 126 90 95 97 98 103 110 117 119 121 123 125 125 125 125 127 128 128 128 127 125 123 122 116 114 112 110 109 106 102 98 147 142 148 152 152 151 150 160 170 171 170 183 192 192 196 194 197 198 199 201 203 204 206 207 203 200 191 182 90 113 114 130 180 185 161 109 73 84 80 27 18 18 12 11 2 0 16 51 79 52 19 19 43 45 39 48 42 44 29 22 27 50 91 112 122 123 123 120 116 112 110 110 94 72 90 75 68 43 16 23 3 10 30 38 22 34 46 49 19 27 113 128 130 129 127 112 112 88 69 57
134 69 32 36 48 44 47 41 45 52 22 26 64 60 38 35 63 87 98 97 115 124 131 139 143 144 144 140 134 131 132 135 122 110 92 60 55 69 81 86 71 57 70 82 53 16 7 12 15 15 19 26 12 15 35 61 27 44 83 37 67 105 35 95 92 97 152 125 103 189 190 179 122 142 118 106 162 169 167 163 167 168 166 162 158 153 143 134 128 121 116 114 109 123 168 171 170 168 156 153 154 152 150 139 156 122 86 91 94 97 101 108 115 116 118 120 121 122 121 121 124 124 125 125 124 122 121 119 116 114 111 110 108 105 100 97 146 141 148 151 151 151 149 159 170 170 168 180 189 189 194 192 194 195 196 198 200 202 204 205 198 204 190 186 110 110 120 123 175 184 169 118 73 82 83 32 19 13 7 11 12 2 0 13 47 78 59 14 16 47 51 38 43 45 28 18 27 57 96 110 111 119 125 123 115 108 108 111 106 82 92 91 88 51 25 24 9 11 18 45 29 42 42 36 43 26 40 124 133 135 131 115 112 82 52 45
65 30 49 40 32 47 46 32 36 25 34 61 104 120 80 41 68 86 100 104 120 125 131 138 150 144 137 135 135 136 135 133 120 101 93 66 69 76 82 86 61 77 71 37 11 9 12 11 26 10 21 41 17 26 42 46 34 49 93 46 52 91 35 102 90 105 156 113 123 194 190 167 122 147 105 126 165 170 170 164 168 167 163 156 152 148 142 135 125 119 113 113 107 128 172 170 169 167 155 152 153 152 150 139 156 116 83 89 92 96 99 106 112 113 115 117 118 118 118 117 121 121 122 122 122 120 118 117 116 113 111 109 108 104 99 96 146 140 147 151 151 150 149 159 170 169 166 178 186 187 191 189 191 192 194 196 198 200 202 203 199 202 191 189 127 102 134 119 170 183 177 127 74 81 87 37 36 7 0 5 17 10 7 0 4 47 80 55 15 24 55 61 49 54 41 29 41 76 106 111 110 115 120 121 119 114 109 107 107 91 85 96 89 55 30 19 8 6 19 41 37 33 46 35 57 46 16 46 135 138 133 125 111 90 59 58
44 45 43 37 49 39 31 40 43 35 57 68 77 114 124 101 88 94 97 110 119 132 134 138 145 139 135 135 139 139 133 127 114 98 94 78 84 75 86 90 59 57 36 8 3 17 21 14 18 7 18 42 46 46 45 40 56 44 88 81 49 38 40 108 89 112 156 104 143 192 189 154 127 149 95 147 167 170 172 165 163 163 159 153 150 148 142 135 124 119 112 113 106 132 175 171 169 166 154 152 153 151 149 138 154 110 78 86 90 95 96 103 110 111 113 115 116 116 115 114 119 119 120 120 120 118 117 116 115 113 111 109 107 104 99 95 145 140 147 150 150 149 148 158 170 169 165 176 184 184 189 188 189 190 192 194 197 199 201 202 200 197 189 188 142 86 139 119 165 181 182 133 75 81 91 42 49 9 4 9 31 15 14 2 1 5 46 74 45 19 44 83 59 62 54 37 50 89 110 111 114 114 115 120 123 121 113 106 103 99 79 93 81 67 39 18 5 10 18 27 43 23 45 46 40 46 36 15 68 141 118 136 118 105 65 54
87 42 40 37 48 48 30 36 56 66 64 64 66 82 118 134 119 99 88 122 128 140 134 146 135 135 138 140 140 136 130 124 108 100 99 91 94 70 91 98 50 23 11 11 9 16 26 22 12 16 18 35 76 62 40 41 72 50 71 67 66 47 49 108 89 116 155 98 157 188 189 146 131 150 90 159 167 170 173 165 155 157 158 156 155 152 145 137 123 119 112 113 105 135 178 171 168 166 154 151 152 151 149 138 151 105 75 84 88 94 94 101 109 110 112 113 114 114 113 113 117 118 119 119 119 118 116 115 115 113 111 109 107 103 98 94 145 140 146 150 150 149 148 158 170 168 165 175 183 183 188 187 188 189 191 193 196 198 200 201 196 196 191 190 159 77 135 120 162 180 184 136 75 81 93 45 49 17 15 19 51 17 9 6 15 0 5 45 69 45 40 75 66 67 58 35 48 91 108 109 116 115 116 120 124 123 116 110 101 106 81 92 76 81 48 23 9 22 9 16 53 27 31 42 20 24 44 47 26 72 148 126 134 123 72 49
42 66 42 47 31 53 30 56 62 66 70 69 63 68 91 116 127 114 122 129 136 133 144 143 135 142 145 144 145 144 125 103 109 105 89 82 82 91 97 80 42 30 14 6 11 21 22 17 30 7 18 54 81 18 71 38 91 31 52 120 123 63 67 105 91 134 153 93 177 186 190 134 136 128 102 178 173 175 173 168 160 158 155 153 152 149 144 140 132 122 111 105 99 144 165 172 171 160 154 157 154 150 148 139 156 100 72 78 81 77 95 95 102 103 105 107 110 112 114 115 112 112 111 111 111 110 110 110 109 109 106 103 103 103 97 88 143 141 143 154 151 152 147 151 166 168 170 172 178 184 184 181 183 184 185 187 189 191 193 193 195 197 193 189 171 83 137 121 144 179 179 162 88 71 95 54 43 31 23 36 42 23 8 8 15 0 4 3 36 44 45 74 61 61 80 49 40 71 106 120 119 121 116 112 116 115 114 119 106 93 86 85 82 67 41 26 21 8 17 19 34 42 35 69 42 44 41 19 44 33 66 142 133 130 99 58
54 60 46 38 54 47 58 59 64 66 69 70 67 68 82 97 126 123 117 120 128 137 138 139 140 142 144 145 139 129 117 109 113 93 77 81 89 102 104 76 56 43 23 17 30 36 26 16 23 28 25 48 35 41 88 56 96 31 34 74 83 47 73 101 93 140 143 104 179 187 182 129 142 119 111 180 175 175 172 167 159 158 157 153 149 143 140 137 133 123 111 106 108 155 169 167 171 159 154 157 154 151 147 139 150 126 116 114 116 112 121 118 118 117 117 115 114 113 112 111 109 109 109 109 109 109 109 109 101 100 97 94 95 96 90 82 143 143 143 152 150 151 147 151 166 168 170 171 176 182 183 180 182 183 184 186 188 190 192 193 194 195 193 188 173 89 129 125 140 178 180 167 90 69 93 59 39 48 25 40 26 21 16 20 11 8 6 0 11 20 34 71 70 69 72 49 60 84 99 114 123 116 120 119 109 111 119 116 111 109 86 59 59 70 54 21 24 12 15 11 26 38 31 55 42 25 48 44 42 44 25 81 142 125 114 94
66 37 51 30 64 59 70 63 67 67 69 71 70 68 70 74 109 125 118 115 114 129 132 145 144 145 145 139 128 117 113 113 117 101 94 98 97 104 97 61 63 54 31 16 22 31 34 38 27 54 20 24 21 76 65 62 112 47 32 37 42 31 86 102 96 149 127 124 183 189 169 124 150 107 126 183 177 175 170 166 157 158 157 152 143 136 132 132 122 125 117 107 106 159 175 170 170 158 154 155 154 151 145 140 152 153 162 157 160 158 160 155 162 162 160 158 156 155 153 153 158 157 156 154 152 151 150 149 142 141 137 133 133 133 127 119 143 145 143 151 148 149 146 151 166 168 169 170 174 180 182 179 181 182 183 185 187 189 190 191 194 192 191 186 176 102 116 131 133 175 180 174 95 67 90 66 28 60 30 44 17 25 22 16 8 21 13 1 1 10 27 61 76 68 70 59 73 89 95 105 115 120 123 121 117 112 111 114 109 112 69 57 56 52 62 29 25 15 15 7 23 40 34 51 34 25 41 62 55 27 30 35 80 143 121 114
51 32 36 45 59 59 73 58 68 68 70 71 70 66 63 62 82 107 117 116 111 121 132 148 145 147 141 129 120 119 116 112 120 124 119 104 95 102 93 62 56 38 18 8 16 33 41 39 25 44 47 38 39 91 40 76 106 62 60 57 44 34 98 99 100 154 113 145 186 190 156 124 153 97 143 184 178 174 166 163 156 156 153 147 138 130 125 123 113 123 118 106 108 162 174 166 169 157 154 153 154 152 143 141 160 145 158 157 160 163 164 162 159 160 161 162 164 165 166 166 164 163 163 161 160 159 158 158 163 162 159 156 158 160 156 149 141 148 142 149 147 147 147 150 165 168 169 168 171 177 179 178 179 180 181 183 185 187 188 189 192 189 189 185 179 117 103 136 127 169 180 181 104 66 87 74 24 56 40 33 19 29 23 5 9 33 20 16 15 23 33 52 89 66 71 65 56 75 102 113 106 118 122 124 127 118 108 109 109 113 77 60 48 39 51 30 26 17 18 13 26 42 39 54 43 25 26 42 76 36 62 34 7 84 141 113
29 31 41 65 49 55 62 59 66 69 71 69 66 63 62 61 52 89 127 118 94 88 111 125 145 140 129 122 121 123 119 112 120 131 115 90 98 111 89 59 34 21 20 22 22 34 41 29 46 20 72 44 42 73 27 56 61 53 85 108 72 49 102 89 108 154 106 165 187 188 145 131 147 95 158 182 176 170 161 158 154 151 146 140 135 128 120 115 119 115 104 107 120 166 171 167 167 156 154 151 154 153 141 142 138 79 80 84 85 88 90 92 104 105 107 109 111 113 115 116 127 128 129 131 134 136 137 138 145 145 144 145 151 157 157 152 136 149 142 148 147 147 147 150 165 168 168 166 168 173 177 177 177 178 179 181 183 185 186 187 189 187 187 185 181 133 93 139 123 162 178 186 118 65 85 79 31 47 57 18 23 30 25 8 12 39 23 18 21 32 41 53 85 68 78 78 59 76 105 114 109 108 118 127 124 122 118 106 99 103 99 44 30 62 48 36 30 22 26 24 29 32 27 41 45 19 45 29 61 69 46 56 23 22 98 139
24 34 63 70 48 51 51 64 62 67 68 64 61 61 62 62 58 59 99 119 99 64 91 129 141 126 117 122 126 121 115 114 120 121 104 94 114 109 57 20 35 29 32 27 17 29 47 47 27 35 82 26 30 27 28 96 33 39 80 132 77 58 105 88 120 150 109 180 187 184 136 141 133 100 168 177 173 165 155 151 148 144 139 135 131 125 117 111 104 107 116 139 149 173 168 171 166 155 154 149 153 154 139 142 127 41 33 39 37 37 35 41 41 41 41 41 40 40 40 39 45 46 47 48 50 52 53 54 60 59 56 56 61 67 66 62 129 148 141 148 149 147 148 150 165 167 167 164 165 170 174 175 175 176 177 179 181 183 184 185 186 186 185 185 180 147 88 139 122 154 175 186 133 66 85 82 31 36 70 19 33 34 25 17 18 40 22 8 12 24 40 54 68 76 83 89 87 97 101 105 114 111 112 117 121 123 120 115 108 99 101 55 41 60 36 30 36 31 37 37 33 24 13 19 39 30 35 38 42 98 32 37 63 44 33 96
37 54 57 62 58 49 58 55 58 63 63 59 58 60 61 59 58 61 63 61 69 89 114 126 126 117 115 122 123 115 110 113 125 112 105 105 103 67 22 18 51 43 27 14 16 33 54 67 57 67 41 36 72 42 56 105 61 53 65 126 57 61 109 91 133 147 119 190 184 177 129 150 117 110 173 172 168 160 150 145 140 138 135 131 127 121 116 112 105 132 156 169 163 177 166 166 165 154 154 148 153 154 137 143 141 66 68 73 74 76 67 77 82 82 81 80 79 78 77 77 68 67 67 65 64 63 62 61 55 52 45 40 40 41 38 32 122 147 140 149 151 148 150 150 164 167 167 163 163 168 173 174 173 174 176 178 180 182 183 184 183 185 183 186 179 157 87 138 123 147 172 185 148 68 86 82 31 27 59 24 38 45 24 24 28 42 27 5 12 18 30 42 63 88 78 78 96 110 101 109 116 119 111 109 119 120 116 123 107 97 86 74 59 45 39 40 38 40 50 52 49 40 23 15 22 41 32 48 30 85 61 30 48 53 43 22
59 57 49 46 60 67 53 47 55 59 59 56 56 60 59 54 56 62 37 15 11 47 84 118 110 115 120 120 116 111 109 108 133 107 104 100 65 17 18 72 37 47 33 15 20 30 50 78 50 57 33 111 93 35 92 112 104 80 61 121 43 64 110 88 143 145 126 194 182 172 124 155 106 117 176 168 165 156 147 141 134 135 135 130 124 118 115 115 159 185 179 151 135 171 173 169 165 153 154 147 153 155 137 143 126 76 93 99 107 112 100 113 108 108 109 110 111 112 113 114 117 116 115 113 111 109 108 107 109 105 97 89 87 86 81 74 118 146 139 150 153 149 150 149 164 167 167 162 161 166 172 174 173 173 175 177 179 181 182 183 181 185 182 187 178 162 87 136 124 142 170 183 156 69 87 81 37 23 35 19 31 52 26 31 36 44 34 12 24 22 23 25 57 90 75 71 94 113 103 109 119 114 115 116 112 116 121 119 105 112 97 67 45 41 47 44 36 45 60 65 68 65 45 27 24 26 39 31 31 83 100 41 19 28 60 60
38 40 46 65 83 77 63 61 53 48 54 59 53 51 57 61 57 33 21 17 3 14 66 115 106 100 118 116 111 108 99 122 124 116 80 52 7 15 51 37 23 47 39 16 20 43 47 88 48 41 59 51 39 20 54 69 106 106 58 99 32 89 98 95 170 134 159 190 179 157 126 157 101 134 160 172 162 142 132 123 127 128 132 130 119 118 142 171 187 168 125 54 105 175 175 166 161 153 153 148 154 151 135 149 125 70 89 99 98 104 106 107 108 108 110 111 112 114 115 115 115 116 117 118 118 117 116 115 112 109 110 110 109 108 99 83 116 152 137 148 147 147 148 148 157 168 168 155 160 172 166 162 174 172 174 178 178 176 177 181 181 183 186 179 177 169 98 119 136 138 174 176 178 77 81 87 39 41 40 53 49 42 33 44 35 43 29 9 11 35 60 4 19 76 89 74 87 106 92 104 121 118 120 116 105 106 117 122 117 112 103 82 56 48 49 44 46 53 66 76 60 54 65 56 15 7 32 51 36 40 56 50 48 51 51 50
38 52 82 89 60 42 55 70 61 55 51 48 48 54 53 42 21 16 11 7 32 91 115 89 86 95 119 119 110 113 116 127 121 92 25 28 35 46 30 8 37 37 24 13 31 62 54 65 33 43 105 80 55 48 35 77 152 66 47 90 37 100 92 89 170 129 167 189 181 151 131 152 90 140 166 163 149 131 124 122 125 121 118 122 138 160 177 184 149 85 41 40 130 177 170 173 160 153 153 148 154 151 135 149 124 74 92 103 102 109 111 112 113 113 114 115 117 118 119 119 117 118 119 120 120 119 118 117 115 112 112 113 111 110 101 86 115 152 138 148 147 148 148 148 159 165 167 162 115 114 174 174 168 170 172 172 175 178 180 179 179 181 183 180 178 172 108 112 139 132 171 178 180 85 75 91 36 28 28 56 70 24 35 43 40 39 20 18 27 34 47 25 8 38 68 84 83 104 105 88 107 127 128 114 111 108 107 114 112 114 111 91 62 47 50 57 66 63 56 44 28 28 52 70 54 16 9 29 42 54 56 37 53 57 65 50
53 85 94 62 31 33 55 74 67 60 52 47 47 49 40 23 6 21 8 31 101 116 83 77 86 112 110 117 117 109 129 138 68 17 19 38 35 73 46 38 26 16 17 17 32 64 58 51 13 66 63 61 55 39 51 91 57 17 56 75 51 112 98 96 168 123 179 187 183 141 139 144 90 147 159 142 134 127 123 126 115 114 122 149 182 189 154 112 57 38 45 80 153 165 161 174 159 153 153 149 154 150 135 150 120 79 97 107 108 114 117 118 119 119 120 121 122 123 123 124 121 122 123 124 124 123 122 121 119 116 117 117 116 114 105 90 113 152 139 148 147 148 148 148 160 168 166 171 96 30 96 159 167 166 169 174 175 173 176 182 179 180 179 180 179 175 124 101 142 124 165 180 182 101 67 95 51 11 29 42 51 53 24 49 46 39 21 26 30 34 39 34 20 10 25 72 83 102 116 92 102 118 130 124 113 110 109 105 108 115 116 103 75 49 48 64 63 61 53 36 23 18 28 51 73 39 12 11 29 54 55 33 48 49 61 54
80 77 56 36 39 48 55 66 69 61 56 56 52 41 31 25 33 18 44 103 118 79 59 78 104 115 113 115 111 124 128 75 20 45 62 46 49 47 29 56 15 7 23 21 19 48 54 47 30 19 57 83 19 81 121 17 0 38 60 41 52 83 94 123 160 123 190 185 181 133 146 132 99 149 148 127 128 123 113 114 119 141 171 187 173 131 79 43 49 71 92 114 163 165 169 169 158 152 154 149 154 150 136 151 113 83 102 111 113 118 121 123 123 123 124 124 125 125 126 126 124 125 126 127 127 126 125 124 123 120 121 121 119 118 109 94 111 152 141 149 147 149 149 147 159 168 161 171 141 50 22 65 146 159 167 164 165 174 178 175 179 180 177 180 180 176 140 89 142 119 158 181 185 121 61 97 36 35 31 57 59 53 30 21 47 42 28 27 17 33 37 24 31 26 9 38 66 100 124 106 107 108 121 129 120 115 116 110 110 114 113 108 90 58 44 53 50 51 54 41 33 27 15 19 51 60 49 19 11 31 45 41 41 36 38 55
67 44 34 41 51 63 64 51 72 62 55 52 44 31 27 32 33 24 57 91 74 55 70 89 105 118 115 115 131 112 55 18 19 73 85 36 55 31 18 30 33 16 25 23 29 54 51 31 7 60 100 68 18 43 16 0 5 46 41 51 82 70 87 124 145 133 196 183 174 129 151 118 105 145 139 120 120 115 114 123 158 180 187 151 91 51 53 72 108 113 109 124 168 168 174 167 157 152 154 149 153 150 136 152 105 86 105 112 116 120 123 124 125 125 125 125 125 125 126 126 126 127 128 129 129 128 127 126 126 122 123 124 122 121 112 96 108 152 142 149 147 149 150 147 155 167 166 162 165 133 67 22 53 114 166 171 160 163 172 174 180 180 178 180 179 175 152 83 138 120 151 179 185 143 63 95 61 76 49 32 53 28 25 26 43 40 26 24 15 25 28 23 26 47 36 29 29 70 116 120 112 117 115 119 128 125 115 117 115 111 106 107 102 73 44 36 47 47 50 35 24 28 22 16 24 53 66 47 22 13 25 43 49 55 42 71
38 39 40 40 44 57 68 72 79 67 48 32 20 13 20 36 48 40 31 28 34 54 81 102 106 128 126 127 100 39 21 34 21 49 66 29 46 41 36 30 44 20 20 26 63 85 52 13 18 37 40 40 19 5 1 7 3 21 26 65 79 68 83 99 124 151 197 182 162 130 151 105 112 134 125 110 113 128 156 179 187 160 111 64 47 64 92 109 119 120 117 136 172 161 167 164 156 152 155 150 153 149 136 153 99 91 109 114 119 120 124 124 126 126 126 125 125 125 124 124 126 127 128 129 129 128 127 126 126 123 123 124 122 121 112 97 105 152 144 149 146 150 151 147 152 167 166 162 158 159 144 94 33 42 84 145 175 168 164 175 177 179 179 179 179 173 161 85 129 127 144 176 183 163 70 88 47 78 57 21 56 56 13 22 40 39 17 23 27 15 17 35 37 33 49 57 16 17 74 130 115 122 122 118 122 127 122 113 119 112 104 105 106 88 55 32 40 45 50 38 24 26 26 21 19 26 43 60 52 21 13 31 47 41 34 85
41 45 42 42 45 44 62 97 81 70 51 33 17 10 34 72 105 58 31 26 31 70 109 111 125 125 131 98 22 22 68 44 46 73 30 35 59 46 30 43 28 23 23 24 68 81 48 26 50 31 49 46 12 0 14 0 33 44 17 39 37 45 54 82 104 170 193 181 150 134 150 94 115 121 118 122 139 164 182 178 135 93 50 45 79 114 121 111 116 121 123 138 172 163 169 164 155 152 155 150 153 149 137 154 96 96 114 117 122 122 125 125 127 127 127 126 125 125 124 124 124 125 127 127 127 127 125 124 125 122 123 123 122 121 112 96 103 152 145 150 146 150 151 146 154 165 156 167 169 160 167 153 128 55 17 65 134 164 166 167 172 175 180 177 179 172 168 94 120 136 139 173 181 179 79 80 48 89 40 29 41 42 23 7 39 46 23 22 31 12 22 35 43 21 38 65 47 22 28 89 106 115 130 129 116 120 124 115 116 115 111 106 103 98 76 50 34 46 53 56 49 33 23 18 22 13 17 41 55 43 25 20 26 43 54 48
46 46 50 49 48 60 72 74 77 68 60 55 37 25 66 130 117 100 48 25 61 93 106 125 133 135 96 10 28 84 55 45 108 65 14 62 57 72 37 41 12 32 36 13 36 43 38 58 66 15 45 29 4 0 7 0 48 65 3 41 67 51 15 67 91 183 191 180 143 137 148 88 109 111 124 155 184 193 161 100 47 50 68 97 115 117 117 120 123 126 130 143 173 164 172 170 155 151 155 150 153 149 137 155 96 100 117 119 124 123 126 125 128 128 128 127 126 125 125 124 123 124 126 126 126 126 124 123 125 121 122 123 121 120 111 95 102 152 145 150 146 151 151 146 154 172 164 163 167 167 172 165 160 147 94 33 34 100 159 178 168 171 180 175 178 171 172 102 114 142 136 171 179 188 86 74 28 31 62 50 43 35 18 17 39 58 39 20 22 17 36 22 24 36 35 39 83 83 11 15 90 113 131 134 125 113 114 127 112 118 120 108 99 102 93 69 41 53 51 65 71 42 21 20 20 18 11 13 36 57 46 19 16 27 62 41
53 51 50 48 55 77 90 84 77 70 55 67 101 108 125 117 107 74 61 26 77 124 130 133 148 76 15 18 56 23 26 85 56 17 38 66 59 68 39 16 12 33 21 19 62 66 25 60 22 27 44 33 6 6 14 11 31 21 21 78 73 85 55 20 109 193 182 175 131 141 136 81 117 140 174 193 174 123 68 36 66 81 102 114 117 117 118 121 125 127 128 156 170 172 167 163 152 150 154 153 158 143 140 149 89 106 118 122 126 127 126 130 129 129 128 128 127 126 126 125 125 125 124 124 123 122 122 122 118 120 121 120 119 116 109 101 96 153 146 143 150 149 149 148 154 161 164 162 163 171 174 171 167 162 153 118 55 27 74 139 177 166 166 179 176 174 163 120 99 146 130 174 181 187 112 40 0 2 17 22 35 48 39 35 34 64 39 31 18 24 25 45 24 24 33 42 50 64 20 44 13 78 127 134 126 131 115 111 65 92 122 118 109 104 87 80 42 38 47 54 50 53 42 14 20 22 23 22 24 32 45 56 18 20 38 64
49 53 55 51 54 71 77 67 73 75 63 83 106 115 122 116 84 82 42 53 116 124 129 135 58 32 34 59 85 13 45 92 35 38 62 62 56 56 26 21 37 22 9 28 84 60 43 69 21 50 48 41 34 22 23 19 80 44 9 44 27 39 60 29 125 197 191 167 135 146 127 110 174 190 185 139 82 52 59 76 104 108 111 112 112 115 121 126 126 128 130 157 170 172 167 163 152 150 154 153 157 143 140 147 91 108 119 123 127 127 127 130 128 128 128 127 126 126 125 125 125 124 124 123 123 122 121 121 119 121 121 119 118 115 108 100 95 152 146 143 150 149 150 149 153 161 164 162 163 170 174 171 176 165 161 166 141 76 33 38 114 158 178 173 168 174 169 142 96 140 123 159 180 193 126 12 0 0 4 12 27 50 48 37 29 55 39 20 21 24 14 35 31 49 45 34 44 63 35 67 62 10 77 131 152 118 135 119 91 70 99 124 113 108 101 86 58 47 57 65 57 65 62 31 22 23 24 22 22 28 38 46 46 29 20 26
53 50 50 52 58 65 60 47 62 76 72 98 110 117 114 109 99 96 71 92 119 144 120 45 20 38 39 104 77 33 25 30 45 43 68 62 53 40 17 20 31 38 41 28 47 66 20 11 54 55 51 39 42 38 29 54 95 43 37 52 21 32 50 39 149 189 190 162 128 147 157 174 191 160 108 61 45 64 96 116 119 117 115 114 116 119 124 127 129 130 132 160 170 171 167 162 153 151 154 153 157 142 141 145 93 109 121 124 128 128 127 130 128 128 128 127 126 126 125 125 124 123 123 122 122 121 120 120 119 121 121 118 116 113 106 98 93 151 146 144 150 149 150 149 152 161 165 162 162 169 173 172 172 168 171 171 162 143 98 45 30 90 149 171 168 172 170 143 92 139 130 151 173 189 150 3 3 6 7 18 50 62 40 25 28 50 49 9 16 30 22 17 27 46 50 54 30 47 73 62 94 32 24 80 135 141 129 133 124 76 87 121 120 114 110 99 76 56 62 66 54 67 73 43 25 26 26 24 22 24 29 33 55 46 29 14
53 47 47 54 58 55 51 47 56 78 88 110 118 117 111 104 105 124 103 124 136 104 35 29 90 83 43 80 33 40 18 11 77 27 53 66 50 29 17 13 26 16 47 45 80 48 50 58 57 59 51 43 40 45 53 49 62 32 49 73 32 26 30 38 173 181 183 156 123 158 190 178 125 79 39 48 89 122 127 119 115 116 118 121 123 126 129 131 132 132 136 163 169 171 167 161 153 153 153 153 155 142 143 141 95 111 122 126 129 128 127 130 129 129 128 128 127 126 126 126 122 122 122 121 120 120 119 119 120 121 120 116 114 111 104 97 90 150 146 144 151 149 150 150 152 161 165 162 162 168 173 172 170 175 170 164 169 169 151 130 63 30 52 127 172 172 165 159 80 130 137 152 172 180 177 30 5 13 34 42 40 52 60 52 57 35 43 26 26 17 28 25 31 32 43 62 32 32 74 70 46 50 22 17 74 143 140 127 126 98 87 108 130 125 113 115 89 66 58 50 37 50 59 37 28 28 28 26 25 24 24 25 30 48 47 22
46 50 53 53 53 54 56 59 63 87 109 119 129 120 116 109 104 119 125 139 90 33 12 71 119 67 59 40 35 35 38 36 71 26 55 63 41 21 15 15 32 19 36 39 22 43 57 51 58 43 40 49 40 36 48 48 56 28 49 62 26 31 8 64 189 185 180 139 135 164 146 90 49 53 70 99 123 129 124 118 122 124 125 124 124 127 134 140 136 134 139 166 169 170 168 161 154 154 152 153 154 141 145 137 96 112 123 126 128 128 126 129 129 129 128 128 127 126 126 126 121 121 120 120 119 118 118 118 118 119 117 114 112 110 104 97 87 148 146 145 151 149 150 150 151 160 165 162 161 167 172 172 176 173 170 173 177 169 159 158 146 95 35 34 101 160 175 176 102 130 129 146 176 180 192 60 12 35 39 33 38 44 54 69 66 44 45 31 25 15 39 26 28 28 47 51 60 41 29 76 37 36 84 33 38 72 150 130 124 110 93 104 129 131 122 122 103 83 61 38 25 32 38 29 30 30 29 29 29 28 25 23 11 36 53 49
48 55 53 49 60 73 70 60 72 96 119 119 128 119 120 116 131 125 123 76 27 44 48 53 75 28 52 41 39 56 40 22 26 41 74 55 29 17 9 26 24 22 47 16 50 61 56 54 35 39 53 44 40 47 37 33 49 50 33 66 48 33 28 94 194 187 177 126 153 135 58 38 61 87 113 122 120 119 121 123 122 124 127 126 126 130 136 142 139 137 142 168 169 169 168 160 155 155 152 153 153 140 146 134 96 112 123 125 127 126 124 127 127 126 126 125 124 124 123 123 120 120 119 118 118 117 117 116 116 117 115 111 110 109 104 98 84 147 146 146 151 149 150 151 150 160 166 162 160 166 172 172 174 173 176 173 167 173 176 164 163 166 125 51 30 73 128 171 164 163 129 133 171 183 190 81 26 27 31 34 32 40 49 36 57 56 46 32 22 16 33 24 16 25 51 45 53 44 32 39 38 41 88 84 42 16 74 137 149 130 113 114 118 123 129 121 117 103 77 46 29 30 33 31 32 31 30 31 32 32 28 24 18 22 37 59
54 56 54 60 78 85 74 62 82 105 120 119 120 121 121 123 137 123 64 15 68 78 43 62 48 30 61 70 25 58 55 35 6 36 72 52 20 20 14 31 14 12 35 61 48 54 48 30 37 51 44 44 41 32 41 43 39 43 40 64 59 42 35 130 192 182 171 126 159 105 38 77 117 121 121 118 119 123 123 120 121 123 127 132 135 138 140 141 141 139 145 171 169 168 168 159 156 156 151 153 152 140 147 131 96 112 122 124 126 124 123 125 122 121 121 120 120 119 118 118 119 119 118 117 117 116 116 115 114 114 113 109 109 109 105 100 82 146 146 146 151 149 150 151 149 160 166 162 160 165 171 173 170 177 175 173 177 174 170 177 165 160 171 150 80 24 48 122 161 176 141 130 162 183 185 112 14 33 31 27 27 28 37 40 39 59 57 37 13 26 27 11 18 19 38 41 28 32 71 22 27 54 47 84 46 38 3 58 127 141 134 125 122 120 125 123 124 113 95 67 41 39 43 38 34 31 29 30 33 33 28 24 28 18 16 28
51 55 66 83 89 76 67 76 93 115 123 123 117 128 126 133 117 41 9 67 105 55 81 106 31 37 122 119 55 30 90 82 21 14 50 54 16 26 26 27 6 32 64 50 45 47 28 26 36 50 60 47 39 42 42 43 48 48 48 53 51 34 48 167 188 181 168 130 159 107 81 124 124 120 122 129 132 128 125 125 134 132 133 137 143 147 147 146 143 140 146 172 168 168 168 159 156 157 151 153 152 139 148 129 95 111 121 123 125 123 121 124 118 117 117 116 116 115 114 114 118 118 118 117 116 116 115 115 112 113 111 108 108 109 106 101 81 145 146 146 151 149 150 152 149 160 166 162 159 165 171 173 169 168 171 174 176 179 177 170 177 171 165 160 156 108 43 30 87 149 148 138 157 184 188 146 20 37 40 35 23 20 33 32 47 37 51 66 23 18 8 18 21 14 24 43 44 30 72 42 41 44 42 55 51 113 73 0 54 128 139 127 140 129 117 129 124 112 105 82 49 46 53 41 35 31 28 29 32 32 27 23 29 26 21 14
52 64 87 85 65 67 59 78 101 128 118 114 128 139 135 105 35 15 62 78 38 72 116 40 42 62 120 85 34 34 40 35 19 37 59 39 26 17 21 30 68 63 52 39 30 28 35 41 57 72 81 69 50 39 38 40 42 43 47 46 49 47 58 180 187 183 146 137 156 85 101 132 128 131 133 133 131 130 131 132 129 132 137 143 147 148 145 142 139 130 159 172 171 168 166 155 150 152 156 156 149 136 153 118 100 110 118 119 117 117 117 116 116 115 112 110 109 109 110 111 113 113 113 113 113 113 113 113 113 111 109 108 109 108 106 104 84 141 148 143 150 147 152 151 150 155 164 161 164 161 170 175 170 171 171 172 173 174 175 175 174 177 176 169 167 162 126 75 36 43 132 130 140 189 186 159 35 21 32 30 44 32 20 15 43 39 28 44 63 38 14 24 22 19 24 63 60 71 33 29 48 57 46 50 39 74 129 62 23 49 125 137 137 138 127 117 134 108 109 95 59 39 65 66 45 37 29 29 39 31 17 29 24 20 24 25
49 76 88 63 71 79 78 79 110 117 120 135 138 134 99 20 38 35 111 26 18 114 71 8 80 73 123 54 32 40 21 0 34 66 60 26 37 29 30 68 58 50 39 32 32 37 43 47 73 77 77 69 58 48 41 38 35 37 40 40 45 42 82 189 185 179 141 140 154 85 107 133 135 137 139 138 134 131 129 128 138 138 141 146 149 149 144 139 139 131 160 172 171 167 166 155 151 152 157 156 149 137 153 116 99 109 116 117 116 116 116 115 113 112 110 108 107 107 108 109 113 113 112 111 111 110 109 109 112 110 108 107 108 107 105 103 84 140 148 144 150 148 152 151 150 155 164 161 164 161 170 175 171 171 172 173 173 174 175 175 175 176 177 174 172 175 167 149 88 48 123 137 143 181 177 175 51 23 36 36 49 43 32 27 28 33 33 27 42 56 41 29 16 41 24 47 62 46 18 33 26 70 40 52 55 43 51 52 42 14 30 129 136 117 136 118 117 124 119 103 74 44 61 61 70 49 35 29 28 28 24 21 25 20 23 27
51 65 74 66 81 67 84 94 121 114 126 139 137 78 17 37 37 79 93 38 14 57 31 26 113 88 102 21 49 107 70 33 48 46 47 40 23 30 66 57 41 37 30 26 30 41 58 69 75 68 60 56 53 50 48 47 35 39 36 35 39 32 114 194 182 173 135 146 148 85 113 133 135 139 143 143 141 137 135 134 145 144 145 149 153 152 146 140 138 134 161 172 171 167 165 155 152 152 157 156 148 138 153 112 98 107 114 114 113 114 114 113 113 112 110 109 108 108 109 109 113 113 112 110 109 107 106 106 109 107 104 104 104 104 101 99 83 138 149 144 150 149 152 151 150 155 164 161 164 161 170 175 172 172 173 173 174 174 175 175 180 179 183 184 177 175 178 179 147 63 115 141 139 173 174 189 75 24 39 39 50 54 47 45 18 26 27 34 33 40 58 52 17 23 34 55 47 13 25 55 69 43 44 127 77 31 45 71 60 44 21 43 124 139 137 140 127 116 128 99 67 57 53 53 65 69 50 31 29 23 20 26 32 25 27 33
52 59 66 85 79 66 95 109 116 125 147 139 56 11 68 118 45 102 32 44 28 0 51 49 99 68 75 13 47 44 25 44 35 49 47 35 60 64 43 54 33 29 25 28 39 56 71 80 62 50 38 36 37 41 49 58 48 52 41 36 34 26 140 189 181 167 131 153 139 86 118 130 134 139 144 147 146 143 141 140 148 146 146 150 156 156 151 144 138 137 163 171 171 167 164 155 153 152 157 156 148 139 153 107 96 104 111 111 109 111 112 111 113 113 112 112 112 112 112 112 113 112 111 110 109 108 107 107 107 105 102 102 102 102 99 97 83 136 151 145 149 150 152 150 150 155 164 161 164 161 170 175 173 173 173 174 174 175 175 175 175 175 179 183 181 175 174 176 175 88 108 140 129 166 180 189 100 24 37 34 39 50 51 57 38 18 30 37 31 32 41 65 55 15 26 37 53 36 35 38 83 45 16 107 84 52 45 98 84 40 45 17 37 114 144 131 132 118 119 105 75 61 65 65 44 68 56 37 35 28 22 29 30 23 21 28
57 75 65 88 76 99 116 114 123 152 108 49 14 43 104 89 37 57 27 34 72 48 72 18 45 59 38 13 49 56 22 19 25 50 36 62 69 54 62 27 32 26 27 44 67 79 73 61 50 38 29 30 36 42 51 59 60 62 48 43 33 36 162 183 182 158 133 158 125 91 121 126 135 140 146 148 147 144 142 141 152 149 148 151 154 154 149 143 138 140 166 171 171 167 163 154 155 153 158 156 147 140 153 102 93 101 107 107 105 107 109 109 110 111 111 111 112 112 111 111 112 112 112 111 111 111 111 111 109 107 105 104 105 104 102 100 83 133 152 146 149 152 152 150 150 155 164 161 164 161 170 175 174 174 175 175 175 175 175 175 175 178 179 179 180 180 179 178 175 111 99 141 124 157 186 182 124 25 29 23 22 35 44 56 57 50 26 25 31 30 41 41 63 60 49 22 59 47 26 27 40 69 22 68 97 103 30 36 119 35 24 54 6 29 118 146 142 138 127 113 93 61 45 66 47 49 48 38 32 37 37 26 36 30 24 25
69 68 49 84 93 118 116 125 138 112 40 11 46 66 48 26 43 26 37 70 84 59 47 58 116 53 6 32 94 53 19 18 30 26 55 48 39 55 30 29 27 34 49 69 82 78 58 40 41 35 33 41 54 61 61 58 61 61 50 50 36 62 180 183 182 147 137 159 111 101 122 124 131 135 141 145 145 144 144 145 155 153 151 150 149 146 141 137 137 143 168 170 170 167 162 154 157 153 158 156 147 141 153 97 91 99 104 103 102 104 106 107 104 105 106 108 108 108 108 107 111 111 111 112 112 112 112 112 112 110 108 107 108 107 105 103 82 130 153 147 149 153 152 150 150 155 164 161 164 161 170 175 175 175 175 175 175 175 176 176 173 182 184 180 179 180 179 180 170 129 89 144 126 146 184 180 148 32 22 15 11 20 30 43 61 63 49 20 24 38 30 33 42 69 71 50 47 25 35 43 53 69 25 38 64 116 61 30 75 56 13 98 53 34 27 115 142 136 133 122 110 90 56 71 59 49 47 35 28 37 39 39 43 43 36 29
63 43 56 90 112 111 112 136 106 27 38 79 58 46 53 42 73 80 32 88 41 13 30 134 114 41 14 21 37 17 20 38 32 61 41 43 38 29 34 31 34 51 70 76 66 52 42 38 34 39 46 56 66 71 66 59 55 53 48 56 39 91 190 184 180 136 142 159 99 112 123 124 127 131 136 140 141 142 144 146 152 152 151 148 143 138 135 134 137 145 170 170 170 167 162 154 158 153 158 156 146 142 153 93 90 97 102 101 99 101 104 105 101 102 104 106 107 107 106 106 111 111 111 110 110 109 109 109 109 107 105 104 104 104 102 99 82 128 154 148 149 154 152 150 150 155 164 161 164 161 170 175 176 176 176 176 176 176 176 176 168 177 179 179 182 181 179 182 174 146 84 144 129 142 178 181 172 43 19 15 13 14 18 25 39 60 56 46 39 30 31 34 44 40 47 63 51 36 42 37 34 65 27 19 55 95 47 50 20 17 48 88 86 68 23 20 104 137 136 141 126 109 93 74 70 52 54 42 36 42 36 48 35 44 42 33
38 35 93 96 112 108 128 136 52 20 53 49 76 103 50 65 66 145 52 74 28 25 41 110 109 21 38 28 30 18 48 75 51 47 54 41 22 37 26 30 55 66 73 64 45 33 34 42 34 48 60 64 64 63 60 55 50 47 46 59 40 109 193 183 178 128 145 158 92 120 125 126 131 133 136 137 137 137 138 140 146 148 149 146 140 136 135 136 137 146 170 170 170 167 161 153 158 153 158 156 146 142 153 91 89 96 100 99 98 100 103 104 101 103 105 108 109 109 108 107 112 111 110 109 108 106 105 105 103 101 98 98 98 98 95 93 82 127 154 148 148 155 152 149 150 155 164 161 164 161 170 175 177 177 177 176 176 176 176 176 182 181 175 175 182 180 176 180 179 159 86 142 129 144 174 182 188 52 18 17 19 14 12 13 22 41 60 64 57 42 30 32 34 45 45 53 57 43 14 37 45 101 66 16 37 68 27 41 60 11 51 36 72 70 109 29 17 106 142 137 126 117 92 87 84 40 56 59 47 56 45 37 29 47 51 42
51 94 96 108 115 113 138 142 52 41 18 9 100 55 20 108 82 96 53 43 112 52 4 50 70 41 45 47 29 35 57 52 42 46 42 35 28 23 32 52 78 68 52 37 30 30 34 39 44 55 61 57 50 49 50 50 56 51 49 42 31 155 191 186 159 132 154 139 95 128 126 126 131 132 133 135 136 138 139 139 139 141 143 144 142 139 135 132 124 144 175 169 171 166 159 156 155 154 159 153 143 148 152 83 90 93 95 96 96 98 100 103 105 104 103 102 103 104 105 106 110 109 109 108 107 106 105 105 104 102 99 99 99 99 96 94 72 122 156 146 152 155 153 151 151 152 159 167 167 164 168 177 176 176 176 176 176 176 176 176 178 179 179 180 181 182 182 183 183 165 92 135 132 136 173 176 184 83 22 31 27 17 16 19 18 18 34 63 76 62 41 29 34 36 41 48 51 48 40 34 19 60 71 54 27 93 117 47 74 40 57 45 39 44 111 112 16 23 96 151 145 113 108 101 92 64 31 49 61 42 66 63 55 48 43 41
83 99 99 120 113 126 133 119 38 68 23 19 29 18 67 117 80 71 35 57 59 10 67 133 72 31 23 52 56 57 51 42 40 29 27 28 33 53 68 62 59 49 37 31 33 40 45 47 54 59 59 51 42 41 47 52 54 50 46 40 47 165 189 185 155 134 157 129 100 129 127 126 132 132 133 134 135 136 137 138 141 142 143 142 140 136 132 129 123 146 175 169 171 167 159 156 157 156 160 154 142 148 148 80 88 90 93 94 94 95 98 100 98 98 97 96 97 98 99 100 99 99 98 97 96 95 94 94 97 95 92 91 91 90 88 86 73 121 156 146 152 155 153 152 152 152 159 167 167 164 168 177 177 177 177 177 177 177 177 177 178 179 179 180 181 182 182 183 182 167 100 125 138 134 169 177 189 105 20 34 38 31 23 15 19 20 27 42 60 68 58 45 33 27 30 41 45 42 50 65 33 45 49 39 28 85 140 83 26 32 73 35 30 45 63 90 17 37 30 98 141 120 122 102 94 97 53 28 56 57 50 59 51 51 47 39
89 103 109 122 114 137 143 81 49 74 19 18 12 16 40 83 85 22 57 88 26 22 73 114 39 54 70 60 56 48 48 38 31 27 25 37 64 80 73 59 36 32 30 31 38 48 57 62 65 60 53 46 40 38 44 50 51 48 43 40 76 179 185 183 147 137 159 112 109 130 129 125 130 131 132 133 134 135 136 137 142 142 142 140 136 132 127 124 121 150 174 169 172 167 159 157 159 158 161 154 142 149 144 77 87 89 92 93 93 93 96 98 97 96 96 95 96 98 99 101 100 100 99 98 97 96 95 95 88 86 83 82 82 80 78 75 74 118 157 148 151 156 153 152 152 152 159 167 167 163 167 176 177 177 177 177 177 177 177 177 179 179 180 180 181 181 182 182 181 171 114 110 146 132 162 177 188 133 17 34 47 47 35 18 19 23 22 21 36 61 70 63 43 38 32 32 36 44 51 56 51 20 29 56 68 61 103 50 21 22 47 45 108 67 36 101 75 65 24 18 98 128 115 119 98 108 87 60 24 54 59 43 43 44 40 33
79 99 117 116 123 131 137 45 50 36 25 26 42 36 14 33 36 14 67 76 41 63 40 79 32 81 88 65 43 47 35 31 26 36 49 72 90 77 50 39 27 32 37 39 41 47 58 68 66 56 49 49 49 46 44 45 48 47 44 45 109 191 182 178 140 142 158 98 118 130 128 124 127 127 129 131 133 135 136 137 142 141 139 136 131 125 120 117 119 154 174 169 172 168 158 158 158 158 161 154 142 152 141 77 89 91 93 94 94 94 97 99 97 97 97 97 98 100 102 103 104 104 103 102 101 100 100 99 101 99 96 95 95 93 91 88 76 114 157 149 150 156 154 153 152 153 159 167 167 163 167 176 178 178 178 178 178 178 178 178 179 180 180 180 181 181 181 182 180 174 130 96 150 131 154 176 180 158 22 29 43 50 45 31 21 24 21 14 19 38 58 67 60 54 38 24 30 46 46 34 50 54 62 42 56 41 77 3 32 84 73 30 133 89 51 46 115 67 58 15 27 120 122 111 101 98 101 93 53 30 52 47 51 45 43 44
91 99 118 114 130 122 97 27 30 20 22 29 79 24 41 62 19 16 21 37 15 46 71 79 59 71 67 48 53 34 26 30 41 52 80 93 74 51 36 26 34 39 44 44 42 43 50 56 52 52 56 61 60 51 45 44 44 47 49 57 140 196 181 172 136 148 150 90 125 128 126 123 123 124 126 129 132 134 136 138 139 138 134 130 124 118 113 110 116 159 173 169 172 168 158 159 156 156 159 154 142 155 139 77 91 93 95 95 95 95 98 100 95 94 94 95 96 99 101 103 102 101 101 100 99 98 97 97 100 98 95 94 94 94 91 89 77 110 157 151 149 156 154 153 153 153 159 167 167 163 166 175 178 178 178 178 178 178 178 178 180 180 180 180 181 181 181 181 180 177 146 87 149 133 147 174 175 178 44 24 29 38 42 39 29 23 20 20 18 19 33 49 62 58 45 30 27 35 39 37 26 46 56 29 50 40 100 84 1 69 86 21 80 94 91 33 37 43 30 38 29 112 139 121 103 112 74 76 100 60 24 58 51 46 45 47
106 108 116 111 125 128 61 30 42 36 46 15 31 33 136 56 19 9 21 47 12 14 46 27 61 70 53 38 28 29 26 41 67 80 86 68 40 27 28 31 46 44 42 42 43 43 41 40 41 52 66 69 60 49 44 47 41 48 58 73 164 193 181 165 135 154 138 91 130 125 122 122 121 123 125 127 130 133 135 136 135 133 129 123 117 111 107 104 113 164 173 169 172 169 157 160 156 156 158 154 142 158 135 76 89 91 93 93 93 93 95 97 93 93 93 94 96 99 102 103 104 104 103 102 101 100 99 99 100 98 96 96 97 97 96 94 79 106 158 153 148 156 155 154 154 154 160 167 167 162 166 175 179 179 179 179 179 179 179 179 180 180 180 180 181 181 181 181 182 178 158 85 141 136 142 171 176 190 78 26 21 24 31 34 37 24 20 27 28 20 19 26 43 59 65 50 32 26 28 28 44 31 41 63 94 50 58 75 28 7 62 52 40 86 91 51 11 9 14 42 49 80 139 117 115 111 86 29 76 104 68 31 48 52 52 48
105 117 115 115 128 120 49 41 72 49 50 21 14 37 126 36 12 27 24 9 28 26 33 70 59 58 45 23 26 35 50 57 81 82 60 34 27 27 32 45 49 45 42 43 46 46 43 39 46 58 66 63 53 45 44 45 39 49 68 90 179 186 183 159 136 159 125 97 132 121 118 121 123 124 125 127 128 129 131 131 130 128 123 117 111 106 102 100 111 167 172 169 172 169 157 161 158 158 159 154 142 159 131 73 83 85 87 87 86 86 88 90 90 90 90 91 94 97 100 101 103 102 102 101 100 99 98 98 96 94 93 94 96 97 96 95 80 103 158 154 147 157 155 155 154 154 160 167 167 162 166 174 179 179 179 179 179 179 179 179 181 181 181 181 180 180 180 180 183 178 165 87 131 140 138 168 177 190 112 35 26 21 22 24 35 29 27 32 37 33 24 16 23 44 64 66 54 39 26 17 42 37 34 37 67 76 53 48 77 32 64 60 17 62 52 8 32 18 15 27 58 50 111 127 121 106 109 44 9 86 101 47 42 46 47 45
103 118 111 129 143 90 44 50 73 34 49 64 19 20 76 19 26 36 27 21 63 67 75 57 65 35 19 33 41 45 63 89 80 52 30 25 28 39 50 52 45 45 46 47 48 49 50 50 59 62 60 52 46 46 44 40 38 50 74 101 186 180 184 155 137 162 117 102 132 119 115 121 126 126 126 127 127 127 127 127 127 125 120 114 108 103 99 97 110 169 172 169 172 169 156 161 160 160 160 155 142 158 128 71 77 79 81 81 80 80 82 84 81 81 82 83 86 89 92 94 91 90 89 88 87 86 86 85 86 85 84 86 88 90 89 88 81 101 158 155 146 157 155 155 154 154 160 167 167 162 165 174 180 180 180 180 180 180 180 180 181 181 181 181 180 180 180 180 185 177 169 90 125 143 137 166 175 185 131 43 36 27 20 18 27 35 38 36 39 44 35 19 17 12 31 67 80 59 36 30 13 28 40 34 37 68 49 60 30 30 35 41 20 34 44 22 46 42 8 55 37 25 104 113 118 110 114 77 4 10 67 120 52 49 51 56
121 112 119 145 133 55 77 44 29 28 129 75 17 47 36 43 75 34 17 43 72 65 56 65 28 29 28 34 56 80 85 75 29 28 29 37 47 52 51 47 42 46 49 48 46 47 53 60 59 73 69 62 58 55 53 35 37 61 68 133 189 179 179 144 144 161 104 114 119 115 122 121 121 121 121 121 121 121 121 120 122 120 117 112 104 98 95 94 122 175 178 165 177 173 157 151 154 160 156 148 156 158 120 70 75 76 78 80 82 85 87 87 79 80 81 82 83 85 86 86 95 94 92 90 88 85 84 83 82 82 83 84 84 85 85 86 83 93 159 156 150 162 155 155 159 148 156 171 169 164 166 167 182 181 179 177 179 183 181 177 182 183 184 185 184 183 182 181 182 177 174 114 109 143 134 157 177 175 164 32 37 31 26 37 32 34 36 39 41 42 42 42 37 20 11 27 55 70 61 44 19 22 27 36 42 46 45 45 21 27 36 29 1 30 67 19 41 94 26 19 42 30 63 140 110 127 101 112 20 6 10 66 117 62 35 50
116 117 140 151 96 80 85 58 15 26 63 29 72 128 47 33 37 56 62 63 53 62 54 21 33 26 31 58 84 84 56 29 22 31 42 49 50 49 48 48 45 47 48 47 45 48 54 59 63 65 73 66 63 65 53 48 49 70 79 148 189 182 172 140 149 155 100 114 118 117 120 120 119 119 119 119 119 118 118 118 117 111 105 105 104 100 94 90 128 169 171 167 177 166 157 167 161 165 161 152 153 148 112 69 87 86 85 84 83 81 80 80 82 83 85 86 88 90 92 92 92 92 92 91 90 89 89 89 83 84 85 87 89 90 92 92 80 93 156 155 149 161 159 162 164 159 158 166 170 165 163 169 179 182 182 179 178 181 181 179 182 183 184 185 184 183 182 181 181 178 173 123 102 147 133 155 176 175 170 45 37 38 34 41 32 34 36 39 41 41 42 41 44 32 20 21 33 49 58 62 41 27 24 30 44 42 41 39 30 15 19 29 15 19 45 42 23 52 23 49 32 24 47 118 128 120 114 111 53 3 0 17 78 94 78 39
125 116 128 141 69 103 75 39 26 105 46 12 78 91 24 79 43 58 73 55 57 48 28 23 30 42 69 89 80 48 26 23 27 38 50 55 52 48 47 49 48 47 46 46 47 50 53 55 60 57 62 56 55 57 50 52 62 79 92 168 189 186 162 136 156 145 94 114 117 120 116 118 116 116 116 115 115 115 115 114 105 112 111 102 94 94 94 91 133 175 182 179 184 171 163 169 164 168 167 161 162 160 140 115 102 102 100 98 97 95 93 93 84 84 84 84 84 84 84 84 82 81 80 79 78 77 76 76 81 81 80 80 79 78 78 78 74 92 153 159 153 162 159 161 153 155 156 167 176 166 158 169 176 182 184 181 177 179 181 181 181 182 184 184 184 184 182 182 180 178 172 138 92 152 133 152 174 175 180 66 36 46 43 42 32 33 36 38 40 41 40 40 44 42 35 24 19 28 49 66 65 50 30 31 31 41 38 39 41 35 33 28 29 32 37 56 23 14 18 57 49 52 33 78 138 115 123 104 88 12 7 5 19 70 96 83
106 122 147 130 20 57 54 28 7 52 34 33 17 30 32 92 73 64 49 65 44 22 24 33 44 70 94 84 44 14 23 49 45 45 47 49 52 52 51 49 49 47 46 48 51 52 51 49 58 60 48 45 44 46 58 55 66 81 104 182 186 188 153 137 161 131 92 114 115 121 112 116 113 113 112 112 111 111 110 110 110 107 102 98 95 95 92 90 162 189 171 142 140 141 139 137 145 147 148 148 152 158 158 154 167 167 168 170 171 172 173 174 173 172 170 168 165 163 161 160 161 158 154 149 143 138 134 132 124 123 119 115 111 107 104 102 104 116 159 165 157 164 160 160 162 157 156 168 178 173 166 170 175 181 184 181 178 179 181 180 181 182 183 184 185 184 183 182 179 179 171 154 85 152 134 148 171 176 187 93 34 48 47 39 31 33 35 37 39 39 39 39 36 42 44 37 27 25 35 46 68 69 63 36 30 29 41 39 31 49 48 23 39 53 40 61 48 26 75 64 20 51 60 64 127 124 126 104 106 29 5 13 0 14 61 106
113 134 147 85 15 47 44 10 67 66 16 29 47 63 50 77 61 54 64 41 31 31 42 56 77 78 65 40 23 27 42 52 56 50 46 46 50 53 52 49 48 47 48 51 54 53 48 43 43 50 38 30 32 44 59 54 65 80 116 185 182 187 146 142 162 117 95 113 113 120 109 113 111 110 110 109 108 107 107 106 108 98 95 102 102 94 93 100 166 140 74 26 15 11 9 8 16 16 16 17 19 23 30 35 40 40 42 44 46 49 50 51 68 69 73 77 82 86 89 91 104 106 110 116 122 127 132 134 144 146 148 152 155 159 161 163 157 154 167 164 153 160 160 160 156 161 170 173 172 176 174 163 175 180 182 181 181 182 181 179 180 181 183 184 185 184 183 183 179 178 173 165 87 145 137 143 169 177 189 120 32 42 43 33 31 32 34 36 38 38 38 37 34 38 43 43 38 31 26 24 40 70 81 69 35 29 27 35 55 40 39 55 72 40 19 78 98 26 83 118 39 29 72 78 91 131 121 112 112 59 0 13 15 4 17 48
120 148 128 43 69 65 21 20 112 45 12 32 34 47 64 36 62 74 47 33 27 40 57 69 77 63 35 15 22 45 52 43 53 51 50 49 48 48 49 49 48 48 50 52 54 52 46 41 29 33 37 24 30 51 55 55 68 86 136 184 180 182 142 148 159 103 104 113 111 116 107 110 109 109 108 107 106 105 104 104 96 104 109 106 101 98 96 94 77 36 0 0 12 1 0 1 0 0 1 0 0 0 0 0 0 0 0 0 0 0 0 0 0 0 0 0 2 3 5 5 0 0 0 1 1 2 2 2 5 6 8 11 13 16 18 19 34 29 31 35 33 45 50 52 59 64 72 75 92 135 170 174 174 179 182 181 182 183 182 178 180 181 183 184 185 185 184 183 179 176 175 171 97 132 141 140 167 178 187 146 34 32 36 29 30 32 34 35 37 37 36 36 39 36 34 36 37 34 26 18 14 41 78 80 63 31 24 25 37 44 43 39 47 37 24 45 128 59 32 96 59 16 57 125 68 131 120 120 115 94 9 8 13 14 6 1
141 143 72 13 112 86 20 17 30 11 61 40 52 49 50 69 72 45 40 37 47 63 72 68 47 41 32 28 34 43 48 47 49 50 51 49 46 45 47 49 51 51 50 51 50 49 46 44 38 40 45 37 42 60 62 64 81 100 161 183 182 175 137 152 155 93 115 113 110 112 106 108 108 108 107 106 105 104 103 103 100 109 109 100 94 86 65 41 7 0 0 33 51 34 22 22 18 18 18 18 17 15 13 12 15 15 14 13 12 11 10 10 6 6 6 6 6 6 6 6 4 4 3 1 0 0 0 0 0 0 0 0 0 1 1 1 2 0 0 3 0 3 4 3 1 5 7 0 0 32 103 162 171 179 184 183 181 181 181 180 179 181 182 184 185 185 184 184 179 174 178 173 110 118 146 137 165 179 182 167 39 24 32 29 30 31 33 35 36 36 35 35 39 35 32 31 31 31 27 23 13 22 40 67 70 58 37 29 18 38 38 30 32 47 61 50 55 38 14 75 80 16 28 142 60 119 131 123 113 112 39 0 1 10 9 4
130 136 68 21 73 46 43 34 27 32 128 77 54 50 74 57 48 51 46 56 77 85 66 40 31 26 31 44 49 43 43 50 51 49 47 45 44 45 47 48 54 53 51 48 46 46 47 48 50 52 43 44 47 51 65 65 93 114 179 184 184 171 135 152 151 88 122 113 110 108 106 107 108 108 107 106 105 103 102 102 102 101 104 101 78 39 9 0 3 25 38 43 37 24 21 17 17 16 15 15 17 20 19 17 21 22 22 24 25 26 27 27 28 28 28 29 29 30 30 31 28 28 28 27 27 26 26 26 22 22 21 19 18 17 15 15 17 16 8 15 5 8 11 12 18 5 3 18 15 0 4 47 168 179 187 185 180 179 181 182 179 180 182 184 185 185 184 184 180 173 180 172 119 109 149 136 163 179 179 180 43 20 30 31 30 31 33 34 35 35 35 34 32 33 34 33 30 27 26 27 29 15 12 34 68 80 63 38 24 23 22 37 32 41 74 70 54 22 27 28 36 31 33 74 34 86 134 120 112 121 71 0 10 4 6 7
120 118 19 61 118 35 65 37 25 49 64 61 57 58 52 41 49 53 67 83 79 57 37 31 35 41 47 48 44 43 46 50 53 46 46 47 45 49 53 49 52 46 45 44 43 49 55 54 71 57 49 44 41 55 74 79 105 120 187 181 176 165 138 163 129 95 114 109 104 108 110 107 118 112 105 104 106 107 103 98 104 105 90 52 12 0 2 13 35 33 23 24 27 29 33 27 36 37 38 39 39 38 36 35 28 28 27 25 24 22 21 21 18 17 17 16 15 14 13 13 14 14 14 13 13 12 12 12 14 14 15 16 16 17 18 18 22 22 23 26 28 27 22 18 33 22 25 41 42 21 2 0 12 96 177 195 185 180 178 184 180 177 181 186 185 187 186 176 180 179 174 174 146 92 155 135 153 174 175 187 96 20 32 45 31 32 34 37 39 38 33 29 32 33 36 37 38 38 37 36 37 35 22 12 27 56 69 62 38 26 20 25 27 25 32 44 43 44 22 35 69 39 15 70 41 53 136 128 114 117 106 18 5 5 7 8
143 88 7 47 57 39 37 17 54 49 51 60 59 48 43 47 62 75 80 67 50 40 38 37 43 46 49 49 46 44 46 48 42 41 46 50 48 50 52 49 47 51 47 46 54 59 61 64 65 56 50 43 39 52 72 83 106 133 187 183 177 159 140 162 120 97 111 106 105 108 107 109 110 111 109 102 99 101 107 111 102 62 20 2 2 9 23 36 18 21 26 46 58 58 65 66 77 78 80 81 82 82 81 81 82 82 81 79 78 77 76 75 75 75 74 73 72 72 71 71 58 58 58 57 57 57 56 56 48 47 45 44 42 40 38 37 25 24 24 24 23 19 13 8 10 18 17 15 31 50 36 6 6 0 46 147 195 187 183 168 187 177 180 187 180 173 179 185 180 178 177 174 153 90 152 138 149 172 179 188 115 25 39 44 34 32 30 32 36 37 35 32 31 31 31 32 33 33 34 34 37 36 32 25 21 27 47 65 54 43 27 16 17 24 30 30 30 40 20 24 58 68 17 55 88 32 104 126 120 119 111 57 15 10 5 4
128 42 28 27 30 96 91 49 63 56 51 50 48 46 49 54 79 83 71 45 30 34 43 45 51 50 48 46 45 44 43 43 50 45 43 45 47 52 54 51 41 43 48 53 57 61 66 69 67 63 51 44 50 61 77 92 106 153 185 184 178 151 143 161 106 104 114 109 112 110 107 114 107 106 104 104 107 106 93 77 29 17 0 0 17 40 33 9 28 52 62 65 68 76 84 75 73 75 77 79 81 81 81 81 83 83 82 81 80 79 79 78 80 80 79 79 78 77 77 77 83 83 82 82 82 81 81 81 81 82 83 84 85 86 87 88 87 86 84 83 80 75 70 65 48 34 29 34 30 20 26 43 16 8 0 8 97 184 186 189 181 179 176 179 185 185 182 182 181 176 180 174 162 88 146 142 144 169 183 187 142 36 49 44 40 35 30 29 33 35 35 34 33 31 29 28 28 30 32 34 37 37 39 35 22 14 27 47 62 63 50 25 14 21 28 26 36 28 61 48 28 26 21 24 114 57 48 113 124 108 109 102 38 23 7 0
123 28 51 56 38 111 89 64 59 47 41 43 44 47 62 80 80 61 41 33 38 46 50 51 52 48 44 41 42 42 40 39 46 47 49 49 48 46 45 43 44 52 55 59 67 68 69 76 71 71 48 40 64 75 79 99 109 171 183 185 176 145 150 158 96 113 119 112 113 106 101 114 109 109 109 110 109 88 45 6 0 3 22 36 27 14 28 56 85 85 78 85 96 100 94 76 71 73 75 77 78 79 79 78 78 78 78 77 76 76 76 75 77 77 77 76 76 76 75 75 79 79 79 79 79 78 78 78 82 82 82 83 83 83 83 84 86 86 85 84 82 79 76 73 63 61 55 49 47 41 23 5 43 33 8 2 0 51 156 186 188 182 183 186 183 183 185 181 182 175 183 174 170 92 136 147 142 166 186 184 167 52 58 48 47 44 39 35 33 32 33 33 36 34 30 27 27 30 33 36 37 37 36 34 32 29 23 17 41 58 64 46 24 16 21 27 42 23 50 75 33 32 39 33 77 59 23 106 111 121 102 115 68 46 19 5
76 11 53 61 54 71 54 44 43 38 32 35 52 72 81 81 56 37 26 37 52 56 54 53 51 47 42 40 42 43 41 39 40 47 51 48 42 37 40 45 61 57 61 62 65 82 85 65 68 75 47 38 69 78 78 104 117 182 180 184 171 143 156 150 91 117 117 108 106 101 102 115 105 119 120 95 54 20 2 0 20 31 29 16 21 51 77 84 82 82 79 92 110 116 106 83 73 74 76 77 78 78 77 76 78 78 78 78 78 78 78 78 78 78 78 78 77 77 77 77 79 79 79 79 79 79 79 80 87 86 86 84 83 82 81 81 80 81 81 80 79 77 75 75 68 85 85 63 53 60 57 43 13 29 46 19 2 0 20 106 184 184 187 181 173 182 190 181 183 176 184 176 175 103 122 151 142 162 184 181 182 73 59 55 53 53 51 44 37 31 30 30 36 34 30 28 27 29 31 33 34 34 32 32 39 42 29 11 16 29 48 56 44 24 16 21 29 33 30 48 55 50 31 51 54 90 34 96 122 134 107 115 95 70 40 23
21 13 56 43 63 52 54 34 25 35 40 47 73 95 79 46 30 33 40 49 55 55 53 51 51 48 45 44 45 45 43 41 55 51 43 41 47 51 50 51 58 52 42 38 55 80 74 45 70 78 59 49 69 78 86 113 130 187 179 184 163 143 160 138 89 115 110 108 107 110 118 123 111 97 68 30 0 0 11 32 38 17 14 44 76 86 83 82 81 83 79 94 122 133 112 71 75 76 77 79 79 79 78 78 78 79 79 79 79 80 80 80 79 79 79 79 79 79 79 79 81 81 82 82 82 82 83 83 83 84 84 85 86 87 88 88 86 86 86 84 81 79 79 79 87 87 84 75 65 60 64 70 48 21 13 46 31 0 8 0 52 155 196 178 183 187 179 188 184 177 183 179 175 120 107 154 141 159 181 180 188 98 50 59 56 56 55 49 42 34 30 29 32 31 30 29 28 27 27 27 31 30 31 35 37 36 34 33 17 13 25 50 60 47 30 23 29 27 34 21 41 47 28 45 42 86 26 55 127 124 117 115 110 90 64 48
52 58 54 60 53 46 33 32 33 41 60 81 85 69 46 31 29 42 54 56 54 52 50 48 49 48 47 46 45 44 42 40 62 54 42 44 58 62 53 46 47 47 21 21 56 61 47 55 79 74 69 64 65 79 100 114 147 188 180 183 154 145 161 122 92 112 106 114 112 118 119 102 84 40 0 0 9 27 33 34 17 44 70 79 82 86 84 78 82 80 80 97 106 94 83 70 72 73 75 77 79 79 79 79 76 76 76 77 78 78 79 79 78 78 78 78 78 78 78 78 79 79 79 80 80 81 81 81 81 81 80 80 80 80 80 80 83 84 85 82 79 77 77 79 100 116 109 78 62 72 74 61 68 72 47 4 24 57 25 0 2 13 99 184 189 177 182 178 185 179 182 181 172 138 95 156 139 155 177 183 189 121 38 61 55 52 49 47 45 41 36 31 29 31 33 33 32 29 25 23 28 25 29 36 37 33 37 46 33 23 20 33 51 58 51 42 22 20 41 45 16 38 46 85 70 45 43 43 107 121 119 103 115 101 82 68
78 69 46 54 46 42 33 41 45 66 89 91 64 33 26 36 45 49 53 56 56 53 49 46 45 46 46 45 43 40 37 36 59 57 46 40 43 45 45 50 66 26 26 54 53 46 61 76 86 64 66 68 58 79 107 105 158 189 182 183 147 146 160 112 97 113 106 119 111 110 97 57 8 0 3 24 39 36 26 23 71 74 81 87 86 83 84 87 81 85 81 83 82 80 83 78 66 68 71 74 76 77 78 78 75 75 76 76 77 78 78 79 78 78 79 79 79 79 79 80 79 79 79 80 80 81 81 82 81 81 81 81 80 80 80 80 78 80 81 79 77 76 78 80 99 114 112 87 67 66 67 62 66 69 70 62 34 15 31 49 8 0 0 55 152 193 183 182 186 180 180 183 169 149 88 156 136 152 175 187 188 136 29 61 53 46 40 41 46 47 41 34 30 33 37 39 38 33 27 23 28 23 25 34 40 40 39 42 40 37 26 16 26 49 62 60 43 29 24 37 43 27 40 94 83 33 35 32 87 111 123 110 116 106 91 76
72 63 52 39 30 37 46 45 90 85 72 51 34 29 38 48 52 51 51 50 49 49 48 48 45 48 49 45 40 40 46 53 63 44 32 34 34 31 41 59 67 53 58 51 55 64 56 71 90 67 62 60 63 81 110 113 173 182 183 171 143 154 162 98 109 109 114 117 97 56 18 0 3 20 40 39 20 21 54 86 83 83 83 83 83 83 83 83 88 78 82 77 88 88 95 85 78 75 72 72 75 77 78 78 81 79 83 79 78 80 79 84 77 77 78 78 79 79 79 79 80 80 80 81 81 81 82 82 80 80 80 80 80 80 80 80 80 75 82 80 77 78 77 89 87 78 81 83 71 61 63 72 65 65 69 74 66 46 26 15 52 26 3 0 18 104 181 199 188 185 175 181 180 167 88 150 150 152 176 185 186 173 46 31 54 39 22 23 32 31 30 32 38 42 37 32 35 37 34 32 28 28 28 29 31 34 36 38 32 38 39 28 18 24 47 69 74 49 25 22 33 38 31 20 62 58 45 37 57 123 125 128 108 91 45 12
63 50 43 37 30 37 61 81 84 69 50 38 36 42 48 52 53 53 52 51 49 48 47 47 44 45 46 44 42 42 45 47 64 56 51 51 49 46 56 74 63 50 52 65 63 52 65 94 72 67 64 60 69 94 120 125 181 182 186 169 142 160 157 87 112 120 111 73 26 0 3 15 30 34 22 21 50 80 87 86 83 83 83 83 83 83 83 83 83 80 80 92 101 116 109 94 75 74 72 73 76 78 79 78 80 77 77 78 81 83 79 77 82 81 81 81 81 81 80 80 77 77 78 78 78 79 79 79 81 81 81 81 81 81 81 81 82 77 82 80 77 79 81 93 89 83 78 70 65 69 70 65 63 69 72 71 69 64 52 39 6 51 44 9 1 5 56 145 203 183 192 185 165 165 92 144 149 144 170 184 186 179 65 37 32 49 46 29 35 45 38 37 42 33 22 30 47 42 29 30 30 29 29 30 31 34 36 38 36 39 39 32 24 23 31 39 72 60 48 40 31 23 25 31 30 44 35 12 20 98 114 86 35 8 22 58
50 40 33 33 43 63 81 87 60 48 37 36 44 52 52 49 54 54 53 51 50 49 48 47 49 47 46 47 49 50 49 47 59 59 62 60 59 69 75 69 48 60 69 59 57 75 86 86 53 51 51 69 94 112 123 140 186 174 185 171 147 159 142 86 130 86 32 2 0 8 23 34 32 19 34 67 82 83 82 79 83 83 83 83 83 83 83 83 80 83 90 131 137 151 124 108 74 73 74 76 79 80 79 77 77 78 78 79 79 79 81 81 79 79 79 79 80 80 80 81 81 81 81 82 82 82 83 83 82 82 82 82 82 82 82 82 81 78 80 77 75 79 84 95 97 95 83 63 54 66 76 68 66 70 72 70 71 74 71 64 51 7 25 57 21 0 0 13 102 181 193 183 180 174 108 119 156 142 165 185 184 183 88 38 42 31 39 57 54 42 41 45 32 25 10 10 28 31 25 31 31 30 30 30 31 33 35 36 39 40 40 39 35 28 21 16 46 65 73 55 30 18 19 23 25 33 44 31 39 45 54 17 21 77 98 74
43 35 33 47 73 89 76 52 32 34 38 43 47 49 49 48 52 52 52 51 51 51 50 50 55 53 52 56 62 63 58 52 40 57 57 50 65 84 74 51 55 70 61 75 67 59 90 83 45 56 63 95 112 116 118 149 189 180 186 159 148 168 135 84 51 24 0 0 22 44 38 19 35 65 85 83 79 80 81 81 83 83 83 83 83 83 83 83 82 83 99 156 157 154 123 116 75 76 78 82 84 83 79 75 84 86 84 84 83 82 88 90 81 81 82 84 85 87 88 88 82 82 83 83 83 84 84 84 83 83 83 83 83 83 83 83 80 78 78 75 74 78 86 95 110 116 111 91 64 55 66 68 72 68 67 70 71 69 70 74 60 68 31 12 43 43 5 0 5 51 159 195 181 188 118 113 163 142 161 185 183 186 115 42 40 49 36 39 58 59 47 35 25 39 39 28 28 39 43 41 32 31 30 29 29 30 32 32 38 37 39 43 44 39 29 19 18 46 67 61 42 28 17 8 18 26 29 46 58 38 46 38 48 84 114 113
41 41 54 77 89 74 45 25 18 28 38 43 43 44 49 54 49 49 50 51 52 53 54 55 43 45 50 59 66 62 51 41 42 38 43 67 80 60 48 65 69 74 76 62 41 52 82 87 53 86 100 118 104 103 112 158 185 180 177 156 158 153 78 13 0 0 21 46 39 18 29 63 85 84 82 83 84 80 81 90 82 82 82 82 82 82 82 82 81 81 100 139 137 124 107 108 77 80 85 90 92 88 80 74 76 76 75 76 76 77 77 77 78 79 79 80 80 81 82 82 84 84 85 85 85 86 86 86 87 87 87 87 87 87 87 87 82 85 84 82 80 83 91 96 136 143 151 150 110 65 63 71 70 67 66 69 69 66 67 71 73 69 79 49 4 28 56 25 0 10 16 101 187 191 137 108 162 143 156 182 184 189 144 55 59 39 48 41 41 60 51 38 22 34 52 54 44 42 42 33 34 33 31 29 29 29 29 30 35 35 37 41 44 43 39 34 20 22 36 56 59 43 26 20 12 20 26 18 51 49 86 77 111 64 65 102
41 63 83 84 66 40 24 23 17 25 37 44 48 49 50 52 47 48 49 51 54 55 57 58 40 47 58 68 70 61 47 35 41 43 73 78 50 57 75 57 70 82 60 30 17 57 101 75 74 91 98 121 94 95 113 170 189 190 187 156 100 32 0 2 17 37 39 22 25 55 79 80 87 76 77 83 82 86 86 76 82 82 82 82 82 82 82 82 76 82 100 113 110 101 95 89 79 84 92 99 101 95 86 78 78 80 90 85 80 79 76 82 78 77 77 76 74 73 73 72 73 73 73 73 74 74 74 74 78 78 78 78 78 78 78 78 89 96 96 95 92 92 99 99 129 125 132 151 121 66 57 64 64 69 70 67 67 70 72 69 67 76 66 64 67 33 11 38 48 0 0 5 59 154 150 100 161 151 156 180 185 188 164 67 51 56 39 54 53 30 47 58 55 39 43 57 52 40 39 43 38 37 34 32 30 30 30 30 33 34 35 37 38 40 40 41 37 23 20 36 53 55 50 46 24 20 19 27 31 50 74 68 128 97 59 45
60 78 80 58 35 23 25 33 30 33 38 44 49 50 48 45 48 49 50 52 54 56 57 58 57 64 72 75 71 61 52 46 47 85 72 49 67 68 58 75 72 38 31 19 29 76 91 78 92 79 74 116 95 106 129 185 188 186 135 56 1 0 19 22 46 23 19 47 76 84 81 82 77 86 84 81 87 86 82 86 82 82 82 82 82 82 82 82 79 85 94 97 95 97 92 80 79 86 96 106 109 104 93 85 98 89 97 87 85 92 82 90 94 94 93 93 92 92 91 91 90 90 90 90 91 91 91 91 87 87 87 87 87 87 87 87 93 104 106 106 103 100 104 99 114 100 96 122 109 69 65 67 63 69 70 67 66 70 72 71 73 67 66 71 73 67 45 20 25 48 31 3 0 25 85 96 157 158 157 177 186 186 177 80 33 39 66 49 34 52 50 45 67 55 41 37 36 29 33 50 45 43 40 37 35 33 33 33 32 34 35 36 37 38 39 40 39 34 25 21 31 49 59 60 46 15 14 26 29 39 50 61 106 110 100 81
90 76 50 32 27 24 29 43 50 45 41 39 41 44 46 46 50 50 51 53 54 55 56 57 60 64 65 60 50 43 42 45 90 62 55 61 59 67 75 65 33 22 29 14 32 97 103 62 98 83 78 118 96 123 151 196 166 81 0 0 13 25 44 33 14 39 72 90 90 83 84 90 89 83 82 83 81 83 84 83 82 82 82 82 82 82 82 82 90 84 79 85 84 94 92 85 78 86 98 110 115 110 99 91 90 55 45 36 54 75 52 48 60 61 62 64 66 67 69 69 74 74 74 75 75 75 76 76 87 87 87 87 87 87 87 87 93 107 109 111 108 102 104 96 106 92 83 105 100 71 69 64 68 66 67 69 67 63 66 72 74 71 73 76 73 71 71 69 36 12 30 41 11 0 15 27 147 158 155 173 189 188 189 94 26 30 38 56 56 45 44 38 39 67 56 27 23 22 23 36 49 47 44 41 38 37 36 36 31 33 37 39 40 41 40 40 33 33 29 22 19 29 48 63 66 45 23 21 15 43 29 45 90 112 101 59
75 43 24 30 34 28 34 51 54 48 44 44 45 43 43 44 51 50 48 54 52 36 36 59 62 58 46 31 22 25 50 81 55 56 58 63 71 68 51 32 19 19 26 16 59 108 88 82 94 80 110 101 109 136 147 95 14 7 5 16 34 42 34 21 84 85 87 88 87 86 84 83 83 83 83 82 82 82 81 81 79 80 76 77 82 83 84 86 88 77 77 109 120 123 131 97 91 89 102 109 116 117 89 102 97 33 18 24 33 72 26 25 24 27 21 38 73 20 24 23 22 21 53 60 16 24 27 27 25 70 41 23 32 17 78 105 100 111 115 116 118 112 98 91 99 79 85 97 70 67 74 71 70 69 69 69 69 69 69 68 71 71 72 72 73 73 74 74 81 48 19 28 48 33 3 0 15 93 161 176 172 199 194 121 45 16 14 31 50 58 49 48 31 50 64 52 37 34 38 33 49 66 58 30 24 43 52 46 35 35 35 39 42 43 41 39 38 34 31 30 26 24 30 39 50 57 50 32 24 32 42 45 46 106 84 55
36 34 32 30 27 31 44 59 55 48 43 44 46 45 44 45 47 48 47 50 46 25 27 57 38 38 43 42 44 65 72 50 60 61 68 73 63 43 29 26 19 20 21 18 68 106 83 87 98 94 117 112 132 97 46 0 2 8 28 43 32 22 51 95 84 85 87 87 87 86 84 83 83 83 83 82 82 82 82 81 85 84 78 80 84 84 83 76 80 83 89 120 121 106 102 85 91 90 103 110 116 118 90 104 111 42 33 33 42 86 35 39 41 42 36 55 90 35 40 40 38 36 68 76 32 40 41 39 29 79 53 30 36 26 88 114 103 113 118 118 118 112 101 95 120 106 100 90 64 67 67 65 69 69 69 69 69 69 69 69 71 71 72 72 73 73 74 74 74 76 70 35 13 40 49 13 0 5 52 153 195 186 181 139 57 21 12 20 32 52 56 51 51 43 43 62 57 37 23 34 58 54 60 55 43 51 53 33 39 37 35 35 38 40 41 41 36 33 27 20 22 29 31 28 45 51 61 52 31 33 44 41 29 78 82 65
63 41 21 20 31 41 46 48 50 43 38 41 46 47 48 50 52 43 51 54 39 39 57 64 37 42 39 53 74 62 52 73 69 73 71 58 40 25 18 16 20 21 14 24 83 102 77 96 97 93 117 97 56 0 0 9 27 32 28 24 46 81 94 86 85 86 86 87 86 85 84 83 83 83 83 83 82 82 82 82 76 87 87 88 82 79 85 78 100 83 75 101 92 84 90 92 92 93 107 113 118 119 92 107 102 23 18 12 23 74 14 22 22 21 16 38 74 15 18 21 25 23 57 65 21 28 27 24 24 81 58 26 31 28 94 119 106 118 123 121 119 113 104 102 122 104 125 122 66 57 68 69 69 69 69 69 69 69 69 69 71 71 72 72 73 73 74 74 74 77 79 80 60 21 17 52 30 0 1 22 100 200 203 156 63 24 19 25 19 27 46 57 54 57 51 39 55 52 38 19 27 32 46 58 55 48 42 37 40 38 36 35 36 38 38 38 35 34 28 23 25 31 31 26 33 39 57 63 48 41 38 28 36 61 87 79
126 86 41 23 31 41 41 36 42 35 31 36 43 47 50 53 48 46 58 57 46 62 72 49 54 54 73 72 48 55 73 63 77 69 51 30 20 20 20 17 19 21 9 35 96 97 74 103 86 103 63 14 0 0 22 45 39 25 35 72 95 92 87 93 87 87 86 86 86 85 84 84 84 84 83 83 83 82 82 82 80 87 79 83 81 84 95 75 61 40 65 114 96 89 97 97 94 96 111 117 120 120 95 111 104 14 10 2 18 75 3 9 8 7 4 31 66 4 4 7 5 6 42 50 3 8 8 6 7 69 48 8 11 18 87 116 110 122 127 124 121 115 108 108 99 81 100 109 77 67 59 60 68 69 69 69 69 69 69 70 71 71 72 72 73 73 74 74 77 76 72 77 86 75 43 19 45 43 11 0 5 63 158 185 82 31 11 22 19 13 27 47 66 48 46 56 38 46 45 29 11 17 29 40 44 41 35 31 37 37 38 38 38 37 34 33 33 30 31 34 32 27 26 30 24 32 42 58 70 64 50 46 77 69 98 93
140 134 108 66 35 31 41 47 38 32 29 32 36 40 45 49 49 60 51 38 47 61 57 47 67 83 67 52 66 67 61 74 65 45 25 19 20 21 22 24 16 17 9 52 105 91 77 106 93 78 4 7 24 44 39 23 33 65 90 91 88 92 93 87 88 87 86 85 85 84 84 84 84 84 84 83 83 83 82 82 86 85 70 85 92 92 89 38 22 20 81 140 112 95 98 101 96 99 116 121 122 122 97 115 106 14 8 2 23 79 2 2 5 5 4 33 68 4 2 4 4 9 46 53 2 5 7 8 4 64 45 2 5 15 88 122 113 125 131 127 124 118 111 111 87 75 81 80 59 65 63 59 68 68 68 69 69 70 70 70 71 71 72 72 73 73 74 74 80 76 80 79 76 85 80 55 32 24 55 35 0 0 35 108 91 45 3 3 18 20 19 22 38 54 56 45 58 39 33 46 40 25 27 30 27 42 44 16 36 37 38 38 37 34 33 32 30 29 32 38 38 32 28 30 27 30 31 45 65 75 84 100 109 81 101 102
128 140 142 117 76 47 47 60 40 35 32 31 30 30 36 43 56 57 44 35 48 62 70 78 83 51 53 71 67 66 72 65 32 26 20 21 25 25 21 18 12 10 14 70 107 87 87 104 93 65 10 49 49 29 18 49 89 85 84 88 91 90 88 87 89 88 86 85 84 84 84 84 84 84 84 84 83 83 83 83 78 92 82 87 72 64 72 24 39 36 96 136 116 98 101 111 98 103 120 124 124 123 100 119 94 13 10 10 25 74 3 1 3 4 3 28 64 2 2 2 6 9 45 51 0 4 6 7 7 62 44 5 7 14 84 124 115 127 132 130 128 122 113 111 87 87 95 87 39 30 54 68 67 68 68 69 69 70 70 71 71 71 72 72 73 73 74 74 82 81 77 77 82 78 79 90 72 45 17 47 51 16 9 0 48 50 28 11 12 14 15 13 13 36 57 63 45 50 47 38 49 38 36 31 26 42 50 31 37 37 36 34 32 32 34 36 35 36 35 37 44 48 42 31 33 26 24 27 35 60 97 126 112 84 91 103
131 125 130 136 115 77 57 60 39 37 35 32 26 25 33 44 48 43 48 58 67 77 82 77 48 69 68 61 72 71 49 33 14 22 25 23 22 23 17 8 8 4 21 87 105 84 98 99 99 44 34 55 23 29 51 73 84 87 86 84 87 94 94 88 90 89 86 84 83 83 84 84 85 84 84 84 84 83 83 83 83 93 68 58 32 35 73 40 34 31 105 139 129 113 115 113 99 105 123 127 126 124 102 123 95 37 41 46 50 86 31 34 32 33 28 47 83 27 31 31 24 22 54 59 13 18 19 17 13 62 48 15 17 15 78 120 116 127 131 131 132 125 114 109 86 101 92 86 51 16 20 47 67 67 68 69 69 70 71 71 71 71 72 72 73 73 74 74 80 78 78 81 83 80 79 82 84 93 72 29 30 59 40 0 9 28 36 37 22 6 13 21 21 12 30 55 62 46 47 54 41 40 45 45 37 35 43 49 35 35 35 33 31 31 34 37 38 36 32 32 41 49 47 39 36 25 20 26 44 71 98 115 109 92 79 95
136 126 124 129 118 89 66 59 34 35 35 32 26 26 37 50 43 47 49 57 76 80 63 47 67 62 68 73 62 43 27 16 22 20 21 23 20 13 8 9 5 0 26 97 102 82 106 95 99 30 20 25 42 72 68 72 78 83 85 82 82 87 88 86 91 89 86 84 83 83 84 84 85 85 84 84 84 83 83 83 92 77 30 27 28 49 84 33 23 21 117 147 126 111 126 116 100 106 125 129 127 125 103 124 95 55 65 73 67 94 52 62 61 62 53 68 103 52 60 60 61 54 82 88 46 53 52 46 36 82 70 42 43 34 91 134 116 126 131 132 134 127 114 107 91 107 95 92 59 27 23 19 67 67 68 69 69 70 71 71 71 71 72 72 73 73 74 74 79 80 81 79 78 83 87 85 77 89 85 87 53 11 37 70 17 0 3 44 45 16 15 23 19 22 17 22 44 67 65 54 56 36 52 69 46 31 38 38 29 33 36 36 34 33 33 34 32 25 22 25 30 32 38 44 39 32 22 42 90 114 109 106 113 104 73 87
131 135 130 116 86 72 56 44 42 31 37 33 22 31 45 49 55 62 69 73 70 61 62 74 65 72 73 60 38 21 17 20 25 24 22 19 14 8 3 0 4 0 55 109 93 82 113 87 101 27 6 34 63 68 87 92 87 85 84 85 87 88 86 84 86 83 85 86 85 86 87 85 90 90 71 78 82 80 90 76 42 82 30 42 32 64 65 14 18 29 131 140 140 127 129 129 105 118 130 130 132 119 106 127 85 58 74 70 85 92 69 73 73 71 72 87 91 67 72 70 69 69 86 90 68 72 71 69 63 76 87 65 71 63 83 131 121 125 136 136 131 126 114 112 101 109 99 96 72 14 34 42 60 26 40 59 74 70 62 66 69 74 68 74 75 80 74 78 73 74 76 78 80 82 84 85 85 84 81 85 87 65 35 22 67 41 8 11 28 24 19 17 20 19 17 18 25 39 57 69 49 50 42 50 65 62 51 42 21 16 30 46 40 28 24 21 20 24 28 36 44 39 32 32 23 35 81 120 127 129 121 97 108 108 92 42
124 120 108 97 74 67 52 39 33 43 30 25 29 38 52 45 65 73 81 67 49 60 73 63 75 64 47 32 23 21 22 23 22 21 17 13 9 6 4 2 3 3 68 108 88 87 106 88 93 22 10 42 68 83 107 105 91 88 85 83 85 86 86 86 80 93 91 85 91 94 88 86 78 91 88 96 95 59 46 22 52 78 26 32 24 63 57 15 18 36 137 142 139 127 129 132 105 119 131 131 133 119 107 127 84 58 73 69 85 91 69 73 72 70 71 87 91 67 71 70 69 68 85 90 68 71 71 69 64 76 89 65 71 64 84 132 122 125 136 136 132 127 115 113 107 116 107 103 78 14 26 31 79 28 19 31 59 75 66 69 64 74 73 78 76 78 72 76 75 75 77 78 80 81 83 83 85 81 83 84 81 77 62 39 15 51 54 35 18 5 9 18 20 19 18 18 21 30 41 49 72 47 54 47 36 54 61 61 39 28 26 39 46 36 24 23 17 25 25 31 44 38 28 34 48 90 120 128 129 120 112 116 97 97 84 39
112 115 112 102 74 62 51 44 46 38 39 34 44 54 41 41 73 70 55 59 74 62 56 81 59 44 25 16 18 23 24 22 17 14 11 7 4 3 3 3 1 17 87 105 82 97 96 92 80 14 14 54 76 97 122 112 97 93 88 84 84 84 85 85 84 89 86 85 90 86 81 87 75 95 96 85 75 19 24 28 62 67 21 21 18 66 47 16 16 45 146 144 139 130 131 138 106 122 132 133 134 119 109 128 83 59 72 69 86 90 68 72 72 70 71 87 90 66 71 69 69 68 85 90 68 71 70 68 65 77 91 66 72 65 84 134 123 126 137 137 134 129 118 117 116 125 116 113 88 17 16 18 72 33 24 25 40 62 52 68 65 74 72 73 73 78 74 75 76 77 78 78 80 80 81 82 83 80 82 84 83 84 75 58 40 32 37 45 22 1 6 6 18 18 19 19 19 20 23 25 51 73 49 43 46 35 56 73 58 44 29 36 52 44 27 26 17 29 29 37 55 51 43 54 107 124 136 128 119 124 125 115 102 102 93 57
108 117 119 107 71 52 43 42 54 38 29 40 51 61 68 57 69 50 55 64 63 79 81 49 29 24 19 19 23 25 23 21 8 7 5 3 2 1 1 2 0 34 104 100 79 106 89 100 66 10 16 62 82 95 112 104 101 98 94 90 86 84 83 82 87 83 82 84 81 82 88 92 81 70 47 44 70 30 35 34 68 52 18 15 18 73 35 15 12 57 152 146 141 135 139 146 108 126 134 136 136 119 111 130 80 60 71 69 87 89 68 71 71 69 70 86 90 66 70 69 68 67 84 89 67 70 70 68 65 77 93 67 72 66 83 135 124 127 138 138 135 132 122 122 124 132 124 120 98 23 11 13 55 37 32 34 39 59 31 43 63 70 66 63 71 81 78 74 78 78 78 79 79 80 80 80 82 81 79 84 90 82 69 68 62 48 22 17 20 10 3 2 11 14 18 20 20 18 16 15 31 31 67 60 46 52 43 56 57 61 50 39 47 53 40 24 20 27 32 42 55 56 54 61 117 128 129 121 120 127 125 113 110 104 91 57
121 122 116 103 67 47 35 32 44 41 35 40 55 74 79 61 54 72 63 59 78 68 39 33 19 19 21 23 23 22 19 16 1 2 3 3 2 1 0 0 0 52 113 95 82 111 87 107 51 10 19 67 83 84 89 89 103 102 101 97 92 87 83 80 83 93 90 80 82 90 93 94 44 35 25 48 77 39 31 21 75 42 19 17 23 80 23 12 11 71 154 147 145 142 148 150 109 129 136 139 138 119 113 132 78 61 69 69 89 88 67 69 70 69 70 85 89 65 69 68 67 67 84 88 66 69 69 67 64 75 95 67 70 66 81 136 126 128 139 139 137 135 126 127 129 136 128 126 109 31 10 15 54 41 18 28 44 74 25 19 34 62 77 68 65 69 75 79 78 78 78 79 79 80 80 80 85 84 80 84 89 82 74 77 62 65 31 9 16 9 0 1 4 7 13 19 22 22 20 17 10 28 35 64 66 52 60 35 46 65 70 50 41 55 52 26 24 20 30 40 40 43 49 48 78 106 126 127 123 120 118 119 119 113 105 83
120 121 119 108 69 44 28 24 34 39 46 46 66 76 58 58 68 55 73 84 54 28 24 18 22 22 23 24 22 17 8 2 0 0 2 3 3 2 0 0 3 72 113 89 92 108 89 112 37 10 24 71 80 80 82 85 102 104 105 103 98 93 88 86 91 107 93 84 95 79 63 84 22 32 40 73 62 24 23 25 83 36 21 19 28 87 19 17 17 91 156 149 150 146 153 145 111 133 138 142 140 119 116 133 76 62 67 69 90 87 66 68 70 68 69 85 88 64 69 67 67 66 83 88 66 69 68 66 63 73 95 65 68 65 79 136 127 130 140 141 139 138 130 131 131 139 132 132 121 40 9 15 49 51 13 19 31 72 31 33 21 51 71 63 67 70 73 67 76 77 78 78 80 80 81 82 88 85 86 84 83 91 97 90 81 63 26 18 24 8 0 0 0 1 7 14 20 23 23 22 21 19 26 28 61 74 44 52 49 50 62 64 51 46 49 46 32 23 35 46 39 44 56 51 67 93 109 116 126 127 120 119 116 110 108 99
111 114 116 111 76 48 26 19 33 46 40 52 66 59 62 67 56 78 69 43 34 28 18 16 22 23 23 20 15 7 0 0 1 2 2 2 2 2 1 1 12 90 110 85 102 101 92 113 25 10 32 75 77 90 102 100 100 102 105 104 102 99 98 98 109 112 90 92 104 59 33 77 45 38 30 75 47 33 30 24 86 28 17 16 30 95 28 37 30 112 158 151 154 146 153 133 112 135 140 144 141 119 118 135 74 63 66 68 91 86 65 67 69 67 68 84 88 64 68 67 66 66 83 87 65 68 68 66 61 71 95 64 66 64 77 135 128 131 141 141 140 140 133 135 134 142 138 140 132 46 5 9 41 63 17 21 22 66 35 44 38 48 47 36 58 75 76 60 75 75 77 78 80 81 83 83 86 85 88 88 87 97 106 102 84 79 35 14 23 8 0 3 0 0 0 5 12 18 21 21 27 16 12 29 31 43 68 52 53 41 43 58 58 48 50 61 39 33 43 53 48 53 65 64 79 110 101 93 124 131 115 122 116 108 107 104
127 118 111 112 91 70 44 28 41 51 62 57 55 61 59 58 83 59 39 32 26 23 23 22 21 22 20 11 1 0 0 4 5 4 2 1 0 1 3 4 19 101 106 83 109 95 93 112 17 8 39 78 74 103 126 116 98 101 103 104 103 103 106 108 118 113 93 97 103 58 37 81 32 33 32 86 37 30 30 27 83 20 10 12 30 102 41 59 41 126 160 152 155 145 150 123 112 137 141 145 142 119 119 135 73 63 66 68 91 86 65 66 69 67 68 84 88 64 68 67 66 65 82 87 65 68 67 66 60 70 95 63 65 63 75 134 129 131 141 142 141 141 135 136 136 145 143 146 139 49 1 3 46 66 8 22 35 80 35 26 35 57 59 25 24 43 76 91 73 74 76 78 80 82 84 85 82 85 86 91 99 97 98 108 89 76 44 26 15 3 2 2 0 0 0 0 5 11 15 17 12 20 23 17 20 29 43 67 47 49 39 34 51 66 63 58 40 38 43 49 48 50 57 61 85 116 123 104 99 112 120 122 123 111 107 104
119 118 110 112 106 70 40 45 43 51 51 52 63 70 67 66 43 34 23 19 20 23 24 23 11 10 8 6 3 1 0 0 1 0 0 0 1 4 0 0 54 109 98 86 111 87 105 94 9 14 56 66 110 153 143 95 99 103 112 104 102 110 110 116 117 117 94 107 104 43 66 67 22 37 34 98 39 28 23 38 72 17 32 22 75 96 59 54 38 136 159 157 141 137 126 110 106 139 147 145 145 113 125 128 66 61 63 59 97 78 59 70 67 68 63 93 85 64 67 62 63 62 80 97 62 64 67 60 61 66 103 58 65 58 74 136 129 126 150 146 146 142 128 126 151 152 146 139 141 72 36 25 17 73 12 20 25 72 51 27 33 36 78 27 26 21 68 54 66 77 71 85 83 77 82 83 84 90 96 99 97 90 84 80 80 85 46 10 19 14 6 0 0 0 0 1 2 3 3 4 22 20 16 15 17 22 28 32 65 57 49 45 37 42 56 68 52 46 40 34 30 38 50 48 59 107 123 121 112 94 101 124 117 110 106 105
120 125 112 103 103 77 48 46 46 57 57 54 59 63 55 47 31 26 21 20 21 22 21 20 8 7 6 5 3 2 1 0 1 0 0 0 1 2 0 3 70 113 96 92 107 85 111 79 7 14 55 77 142 144 124 116 99 100 107 103 104 112 114 121 128 122 95 111 100 38 75 62 25 34 36 87 31 25 21 45 80 33 40 31 80 91 58 52 50 143 157 140 108 98 94 89 107 138 146 144 145 114 127 129 64 60 62 59 97 77 58 68 65 66 62 92 85 63 66 62 63 61 79 96 61 63 66 60 60 65 103 58 65 58 73 136 135 128 147 144 147 145 131 125 126 142 154 154 151 93 84 104 65 81 6 13 22 61 53 23 36 39 82 34 36 28 62 35 65 80 75 88 86 81 85 87 92 99 105 106 103 98 89 80 69 79 45 12 26 15 0 0 0 0 0 1 2 2 3 3 17 17 17 18 20 22 24 26 35 57 65 50 47 41 46 56 48 43 45 36 21 28 42 47 73 108 121 120 121 112 103 103 122 117 108 100
124 116 113 106 93 83 65 40 55 61 63 62 59 48 34 27 20 20 20 20 19 17 13 11 5 5 4 4 3 3 2 2 1 1 2 0 1 0 0 12 92 116 91 101 100 85 121 59 7 14 63 88 144 126 112 113 97 94 99 101 106 114 119 128 134 122 96 118 96 35 90 53 30 28 40 71 24 26 23 62 85 52 48 41 88 84 58 49 60 149 160 141 106 97 101 102 110 137 145 144 143 115 130 129 61 58 61 57 98 74 57 65 63 63 60 92 84 61 64 60 61 60 78 95 60 62 65 58 59 63 104 58 64 58 71 135 136 127 146 146 148 141 122 106 93 105 118 135 148 112 116 152 118 107 27 9 9 48 65 22 32 35 77 33 40 36 64 31 62 84 80 91 91 87 90 93 101 105 108 107 108 112 111 108 74 72 46 17 27 14 0 2 0 0 0 1 1 2 2 3 9 12 16 20 22 22 20 19 20 33 53 69 52 48 43 40 54 43 49 36 19 23 31 40 90 108 119 117 124 127 110 96 100 107 110 104
124 118 102 95 96 82 61 54 67 62 66 74 64 35 17 18 18 19 19 17 13 8 4 1 4 4 3 3 2 2 2 1 1 1 4 0 1 0 0 29 108 113 85 107 94 90 129 41 11 22 67 85 117 104 102 104 99 94 95 102 110 116 124 133 131 116 99 127 92 38 100 42 31 24 51 65 31 37 34 82 81 63 50 49 93 78 61 49 69 151 164 154 124 117 119 118 114 136 144 143 141 115 132 128 57 56 59 56 98 70 56 60 61 60 57 91 83 59 61 59 60 58 76 93 59 60 64 57 57 61 105 58 63 57 69 134 135 127 145 147 148 139 122 102 90 87 90 118 142 118 115 151 143 128 72 42 29 47 74 20 32 37 75 35 35 37 67 42 55 86 84 93 94 91 94 99 105 106 109 111 114 119 128 136 106 77 49 21 21 13 0 0 0 0 0 0 1 1 2 2 1 5 12 18 21 20 18 16 17 16 30 45 67 56 45 37 37 40 56 41 23 23 34 66 101 107 119 116 118 126 118 112 95 98 106 111
127 114 90 89 97 73 54 71 72 66 71 78 64 34 18 18 19 18 15 10 5 2 0 0 4 3 3 2 1 0 0 0 1 1 5 0 2 0 2 51 114 105 82 109 90 100 128 29 12 34 63 77 96 97 101 115 111 107 104 110 115 118 126 132 128 111 106 135 85 43 97 31 28 25 69 76 58 57 49 95 70 63 47 54 97 75 68 51 80 154 163 154 120 106 103 98 120 136 143 143 139 115 134 126 53 53 57 55 99 67 55 56 57 56 54 90 83 57 58 57 58 57 75 92 57 58 62 55 55 59 106 57 62 57 66 134 139 129 143 145 146 143 137 122 107 108 113 139 147 118 111 154 150 128 107 96 92 74 78 15 27 35 72 45 31 34 63 54 48 88 88 94 97 95 97 104 106 106 112 119 117 113 121 134 140 97 53 16 18 14 1 0 0 0 0 0 0 1 1 1 0 0 5 11 15 17 18 18 17 20 14 26 41 60 50 43 43 47 54 43 41 39 39 77 110 107 118 118 116 120 119 124 112 101 93 95
117 101 92 102 100 69 54 72 68 72 78 73 57 41 31 23 20 15 9 3 1 1 3 4 3 2 2 1 0 0 0 0 1 0 5 0 3 0 9 76 113 96 86 108 87 111 113 20 9 41 70 75 77 106 124 118 122 122 117 120 120 120 128 130 130 109 116 135 73 52 89 32 32 36 88 93 88 74 64 100 64 61 45 60 102 77 77 55 93 159 162 149 111 95 95 93 127 138 143 143 137 114 135 123 49 51 56 53 100 63 53 51 55 52 51 89 82 54 55 55 56 55 73 90 55 57 60 54 53 57 107 57 61 57 64 133 139 128 141 146 145 141 137 118 100 110 122 151 149 121 109 158 152 129 122 118 142 119 96 25 13 21 55 53 29 36 60 68 41 91 93 95 101 100 101 110 109 108 111 114 110 104 110 123 144 116 57 10 21 14 0 1 0 0 0 0 0 0 0 0 0 0 0 4 8 12 16 18 23 16 22 18 21 31 54 56 52 61 67 57 47 34 38 82 114 108 114 120 121 119 115 119 122 113 96 81
100 106 101 104 105 73 53 74 66 74 79 67 50 45 42 31 24 16 6 0 0 2 3 3 0 0 0 0 0 0 0 0 0 0 4 0 4 1 17 98 111 92 94 105 85 118 91 11 10 44 81 76 70 104 127 98 114 121 118 120 120 121 131 131 132 106 121 129 59 65 86 50 52 56 101 99 103 79 76 106 67 63 49 69 108 83 87 58 108 162 159 151 122 114 119 118 133 139 144 144 135 113 135 120 46 49 54 52 100 61 52 48 53 49 48 88 81 52 53 54 55 54 72 89 54 56 59 52 52 55 108 57 60 56 62 132 139 128 140 148 147 137 128 99 84 93 105 142 146 128 106 148 150 133 127 114 157 146 117 61 44 35 48 60 27 38 57 81 38 95 98 98 105 105 105 116 113 113 111 107 106 107 110 113 117 114 62 14 23 13 0 3 0 0 0 0 0 0 0 0 0 0 0 0 3 7 11 14 16 23 18 19 17 21 37 70 63 58 60 61 53 41 48 76 108 110 109 117 124 121 117 114 116 119 117 107
105 105 108 103 87 72 71 77 67 71 75 65 48 44 45 40 30 20 7 0 0 1 0 0 0 0 0 0 0 1 2 2 0 0 4 0 4 2 22 111 111 90 101 102 84 122 74 5 13 49 81 74 83 86 96 81 97 110 111 115 117 121 134 134 131 102 121 121 50 77 90 72 74 74 106 96 104 77 84 113 72 66 54 76 113 88 93 60 119 163 154 153 136 135 138 133 137 140 144 144 133 112 134 118 44 48 54 52 101 59 52 46 51 48 47 88 81 52 52 53 55 53 71 88 53 55 58 52 51 54 108 57 60 56 61 132 146 130 137 146 147 140 130 98 86 93 102 141 149 135 106 141 145 129 128 116 162 146 121 98 111 80 63 71 25 36 51 83 37 98 102 101 109 109 109 120 114 120 118 111 112 117 111 98 89 102 67 24 21 10 7 3 0 0 0 0 0 0 0 0 0 0 0 0 1 4 7 9 10 15 21 17 14 27 49 59 70 59 63 69 49 35 50 68 99 110 106 112 122 122 123 118 114 111 111 114
118 109 99 103 84 74 88 67 75 77 77 57 46 50 43 40 38 18 4 1 0 1 1 0 1 1 1 1 1 1 1 1 1 0 6 0 4 0 64 115 107 78 116 85 94 120 52 3 19 61 75 77 80 74 77 90 98 108 118 119 118 124 135 141 124 107 133 114 39 95 88 93 62 79 103 95 92 64 99 101 86 75 58 86 104 92 82 61 132 158 160 152 157 153 145 150 145 148 143 148 133 117 140 113 42 51 49 56 107 45 50 49 47 51 46 100 68 48 50 50 48 45 67 93 44 52 50 50 50 49 113 57 57 59 57 126 140 132 141 152 144 135 129 120 118 105 121 142 145 137 102 141 147 130 136 102 154 158 122 128 123 147 122 94 21 30 45 85 34 92 106 106 117 108 115 118 118 126 123 125 128 144 114 67 82 79 69 21 12 28 0 0 0 0 0 0 0 0 0 0 0 0 0 0 0 0 0 0 5 6 11 17 23 33 49 63 70 62 55 67 64 35 42 84 77 97 106 111 122 120 118 118 120 116 111 109
107 105 102 94 79 70 81 62 75 79 73 55 47 48 44 41 36 18 5 2 0 1 1 0 1 1 1 1 1 1 1 1 0 0 3 2 1 3 76 116 101 84 114 85 101 117 43 5 24 63 76 78 80 73 76 87 99 110 118 118 120 129 137 139 122 107 136 107 39 94 80 87 63 82 101 94 89 64 98 97 87 76 61 90 104 92 81 64 135 158 160 152 157 153 145 150 145 148 143 148 132 118 140 111 42 51 48 56 107 45 50 49 46 50 45 99 67 47 49 49 48 45 68 93 43 52 49 50 49 49 113 56 56 59 57 125 139 130 138 149 145 141 140 135 136 127 137 149 150 141 100 135 148 131 135 103 151 158 124 128 137 163 138 105 51 72 75 86 39 87 108 106 117 111 115 119 120 125 122 132 133 125 100 92 78 76 68 23 13 29 6 1 0 0 0 0 0 0 0 0 0 0 0 0 0 0 0 0 4 6 13 21 28 36 49 61 76 63 62 68 75 50 41 79 98 83 88 110 120 128 118 119 118 115 112 112
107 106 102 79 66 65 76 69 76 80 66 51 48 46 45 43 33 16 5 3 1 2 2 0 1 1 1 1 1 1 1 1 0 0 0 4 0 13 95 116 93 93 110 86 112 110 29 7 32 67 78 78 80 73 76 84 98 114 121 117 121 134 141 139 119 108 139 96 42 92 70 78 63 86 97 91 84 64 98 92 88 77 64 94 101 92 77 68 139 159 160 153 157 153 145 149 145 147 144 147 130 119 142 106 42 50 48 55 106 45 49 49 44 49 44 98 66 45 47 47 47 45 68 93 42 51 48 50 49 48 112 56 55 58 55 124 143 131 137 148 146 145 149 147 149 147 150 153 153 145 100 128 148 132 134 105 147 158 126 128 125 160 144 115 92 135 129 107 49 78 110 107 116 116 115 121 123 125 126 134 121 98 87 104 72 72 67 26 13 29 17 1 0 0 0 0 0 0 0 0 0 0 0 0 0 0 0 0 1 6 16 27 35 41 49 57 76 64 68 65 84 62 42 75 95 106 89 83 113 123 128 118 117 116 114 114
111 109 102 82 68 72 70 78 79 80 58 48 49 44 45 45 30 14 5 4 3 3 3 0 1 1 1 1 1 1 1 1 0 0 0 6 0 28 113 115 86 102 104 89 120 99 16 10 42 72 79 79 80 74 75 80 93 119 129 119 122 139 144 140 116 113 140 82 50 92 65 71 62 90 91 88 79 66 101 88 85 74 65 98 97 89 70 72 145 160 160 154 158 154 146 148 146 146 144 147 128 120 143 100 41 50 47 55 106 44 49 48 43 47 42 96 64 44 46 46 46 45 68 92 41 49 47 49 48 47 111 54 54 56 54 122 147 135 139 149 146 145 149 147 147 152 150 148 151 147 103 122 149 135 133 108 142 158 129 129 121 161 154 123 116 158 144 100 61 68 113 109 115 120 116 123 124 126 131 122 94 78 81 87 70 70 67 30 12 28 30 0 0 0 0 0 0 0 0 0 0 0 0 0 0 0 0 0 0 5 18 33 42 46 49 53 67 67 68 59 81 62 48 80 99 111 110 89 83 117 119 123 120 118 116 115
109 109 107 108 90 88 65 74 81 75 53 47 50 44 45 45 26 12 6 6 4 4 3 0 1 1 1 1 1 1 1 1 0 0 0 5 0 51 122 110 84 107 98 95 123 85 8 12 51 76 80 79 79 75 76 78 84 125 140 124 124 142 148 141 112 120 136 68 62 94 69 68 61 96 86 86 75 69 105 85 81 69 65 100 91 86 63 77 151 160 159 156 159 154 146 147 146 146 145 146 125 122 145 93 40 49 47 54 105 43 48 47 42 46 41 95 63 43 45 45 46 45 69 92 40 47 46 49 47 46 110 53 52 54 52 120 145 134 140 150 147 145 148 145 142 151 148 144 148 149 107 117 150 137 132 111 136 158 132 130 122 161 163 126 118 141 122 72 74 59 114 111 115 123 119 125 124 130 129 105 80 74 78 72 71 71 69 34 10 27 44 0 0 0 0 0 0 0 0 0 0 0 0 0 0 0 0 0 0 5 19 36 47 50 50 51 57 74 68 58 73 58 59 88 107 111 110 108 104 86 109 119 122 120 117 114
109 109 112 121 102 92 66 73 84 67 50 48 49 45 45 43 22 10 6 8 6 5 4 0 1 1 1 1 1 1 1 1 0 1 2 2 3 76 121 103 87 109 93 101 119 70 7 14 59 79 81 79 80 77 78 77 77 130 149 128 127 147 150 140 108 130 129 57 78 99 82 71 64 104 84 85 71 72 107 80 76 64 64 103 86 85 58 83 157 161 159 157 159 154 146 146 147 145 146 146 123 124 146 87 40 48 46 53 105 43 47 47 42 47 42 96 64 43 45 45 45 45 69 92 39 46 44 48 46 45 109 52 51 53 50 118 140 130 138 151 149 147 150 147 146 153 149 146 147 150 112 113 150 139 130 113 130 158 136 131 111 148 161 123 117 123 108 62 85 52 113 113 115 125 123 125 125 133 124 96 85 76 74 74 72 72 71 38 9 27 60 3 0 0 0 0 0 0 0 0 0 0 0 0 0 0 0 0 1 5 17 35 48 51 50 50 54 80 72 63 67 60 63 86 99 112 114 112 112 113 93 107 118 118 117 115
113 109 114 109 95 81 75 78 86 59 49 50 48 48 45 41 19 9 7 9 7 5 4 0 1 1 1 1 1 1 1 1 1 3 7 0 11 98 115 95 93 107 89 108 112 58 9 15 63 80 80 79 80 79 80 77 73 132 153 131 132 154 153 135 105 139 120 49 93 104 98 76 70 113 84 85 69 73 107 74 73 62 65 107 85 86 57 91 161 162 158 158 160 154 147 146 147 144 146 146 122 125 148 83 39 48 45 53 104 42 47 46 43 47 42 96 64 44 46 46 44 45 69 92 38 44 44 48 46 45 108 51 50 52 49 117 141 131 138 151 149 149 152 149 149 152 149 149 146 151 117 111 151 141 129 115 126 159 138 131 112 145 162 123 119 116 103 59 93 48 111 116 116 125 128 126 130 133 125 99 88 72 71 75 73 72 71 40 8 28 74 9 0 0 0 0 0 0 0 0 0 0 0 0 0 0 0 0 3 5 15 32 46 51 50 50 55 79 74 68 64 68 53 66 84 109 121 110 111 119 124 97 109 112 116 118
113 108 117 96 87 68 80 78 88 54 49 52 48 49 44 40 18 8 7 10 7 6 4 0 1 1 1 1 1 1 1 1 1 4 11 0 15 111 110 91 97 105 86 112 106 51 12 16 66 80 80 79 80 80 82 77 71 133 155 131 136 159 154 132 104 145 115 45 102 107 109 80 75 120 85 86 67 73 106 69 72 61 67 110 85 88 57 96 163 162 158 158 160 155 147 145 147 144 146 146 121 125 148 80 39 48 45 53 104 42 47 46 44 48 43 97 65 44 47 47 44 45 69 92 37 44 43 47 46 44 108 51 49 51 48 116 146 135 140 151 148 148 152 150 148 148 146 150 145 152 121 111 151 142 129 116 124 159 139 131 118 149 166 124 123 117 105 59 97 46 110 117 117 124 130 126 134 130 130 105 82 65 71 68 72 71 71 41 8 30 83 14 0 0 0 0 0 0 0 0 0 0 0 0 0 0 0 0 4 5 13 30 45 51 51 50 55 73 75 70 62 74 40 45 77 104 117 113 112 117 117 127 100 107 115 120
109 112 120 96 88 70 83 87 71 48 42 50 49 50 46 30 12 12 10 9 7 6 4 4 0 0 1 0 0 0 3 4 0 11 0 0 50 118 121 81 111 99 94 116 96 40 11 25 71 82 82 80 82 75 73 84 73 142 148 130 138 157 158 123 119 142 105 45 105 114 112 83 101 110 101 101 62 86 102 69 73 57 75 110 84 81 64 116 164 161 160 161 158 151 148 148 147 145 145 143 119 133 144 74 41 46 42 64 104 40 48 48 51 49 45 102 70 63 58 52 52 56 70 97 37 44 44 47 46 37 107 54 45 40 42 111 145 139 134 150 148 148 151 149 149 151 149 149 147 147 133 96 144 139 130 129 110 160 149 124 121 141 165 137 122 98 133 97 107 51 94 123 116 132 141 128 128 134 142 121 84 63 68 74 72 71 70 48 10 21 77 47 0 4 2 0 0 0 1 0 0 0 0 0 1 2 2 2 5 3 8 29 48 48 46 53 48 67 79 74 66 66 68 67 91 102 117 115 112 121 124 118 117 111 105 106
104 113 110 98 79 77 80 85 66 48 45 51 51 51 44 26 12 12 10 9 7 6 4 4 5 0 0 0 0 3 4 0 7 6 0 4 73 112 109 85 109 94 98 118 102 27 3 36 80 79 79 79 82 87 82 72 83 127 133 129 143 163 160 118 122 142 95 50 108 116 115 82 108 110 106 99 66 92 99 72 71 56 79 107 82 79 62 118 164 161 160 161 158 151 148 148 149 147 147 143 119 133 142 70 39 47 45 70 105 40 48 47 51 50 45 103 70 64 58 53 52 56 71 98 38 45 45 49 48 38 107 56 45 41 42 110 145 139 134 150 148 148 151 149 149 151 149 149 147 148 134 97 142 139 130 130 110 158 149 124 115 133 159 136 124 110 151 126 114 55 90 124 116 130 143 132 130 134 142 123 78 68 75 70 73 73 72 50 10 19 75 55 0 2 2 0 0 0 0 0 0 0 0 0 1 2 2 2 5 3 8 27 46 48 46 52 45 58 76 68 68 71 95 106 102 100 114 118 115 121 121 119 121 115 107 100
101 113 101 97 72 85 77 81 59 50 49 52 52 51 39 19 12 12 10 9 7 6 4 4 1 0 1 2 0 1 5 4 0 0 0 16 97 116 103 91 108 90 108 114 97 12 3 46 82 79 77 77 79 80 81 81 116 128 124 127 146 166 155 107 128 140 79 61 115 118 118 82 117 108 114 96 73 104 98 79 69 55 87 103 81 75 60 123 164 161 160 161 158 151 148 148 151 149 148 144 119 133 140 65 39 49 48 77 105 43 49 47 51 50 46 104 71 64 59 55 53 56 72 99 40 47 47 51 50 39 107 58 45 43 42 108 146 139 133 149 148 149 151 149 149 150 149 150 147 149 136 98 139 139 130 130 108 154 149 125 120 132 159 139 124 117 159 149 125 63 82 127 117 128 146 138 134 134 144 130 71 71 80 68 74 75 74 53 10 16 73 67 2 0 2 2 0 0 0 0 0 0 0 1 1 2 2 3 6 4 7 23 42 47 47 52 49 52 74 70 71 65 90 100 114 100 111 121 118 119 118 120 124 124 123 120
104 112 100 90 75 86 79 73 53 52 52 53 54 50 33 13 12 12 10 9 7 6 4 4 0 0 4 6 1 3 9 10 1 4 0 33 110 117 95 100 105 90 117 102 87 9 10 50 71 79 78 79 79 67 82 123 132 127 112 115 143 165 148 107 134 135 62 76 120 122 119 84 123 106 121 94 82 116 100 91 69 58 98 100 82 72 61 131 164 161 160 161 158 151 148 148 149 148 147 143 121 136 140 61 44 51 48 81 102 46 51 48 51 51 48 105 71 65 61 57 53 57 73 100 41 49 50 53 54 40 107 61 46 45 42 105 146 139 132 149 149 150 151 148 149 149 149 151 147 150 139 99 135 139 131 131 106 150 149 127 129 132 161 144 124 120 156 159 137 74 73 128 118 125 148 145 137 135 147 139 70 68 80 72 74 77 75 56 12 13 68 80 10 0 2 4 0 0 0 0 0 0 0 1 2 2 3 3 6 6 7 18 37 46 47 51 56 51 68 76 73 61 69 72 117 103 112 121 117 117 118 120 123 124 123 122
112 109 104 81 85 83 82 65 49 53 53 53 54 47 27 9 12 12 10 9 7 6 4 4 3 0 0 6 9 15 16 11 13 10 4 63 127 121 85 103 97 96 119 92 95 27 9 48 61 74 78 81 83 73 94 146 113 111 100 103 141 165 142 116 140 128 50 91 123 127 117 91 125 106 124 91 92 124 105 104 72 65 109 100 88 72 67 140 164 161 160 161 158 151 148 148 147 147 146 143 122 139 141 58 51 53 46 83 98 48 53 48 51 52 49 106 72 65 62 59 54 58 74 102 43 51 53 56 57 42 107 64 46 48 42 102 147 139 132 149 149 150 151 147 150 148 150 153 147 151 141 100 130 140 132 132 104 145 149 129 128 124 158 149 125 124 149 165 145 87 64 126 121 123 148 150 138 137 147 144 79 67 74 77 74 78 75 59 14 11 62 91 23 0 1 5 0 1 0 0 0 0 1 1 2 3 3 3 6 8 6 13 32 45 48 50 55 50 58 79 71 67 68 79 109 108 112 117 115 115 120 118 122 122 122 123
118 106 101 76 90 82 81 60 49 55 53 51 53 41 20 10 12 12 10 9 7 6 4 4 3 1 6 12 13 17 20 17 8 10 3 58 109 119 93 112 89 105 117 92 120 62 6 39 65 71 74 77 79 79 93 118 107 110 111 115 148 160 130 116 144 118 45 106 124 131 111 101 124 109 126 91 101 126 110 114 78 76 118 102 98 74 77 149 164 161 160 161 158 151 148 148 146 147 146 143 123 141 141 54 52 55 46 87 92 47 53 49 51 52 51 107 73 66 63 61 54 59 75 103 45 54 55 59 60 43 107 67 47 51 42 99 148 139 131 148 149 151 151 147 150 146 150 154 147 152 144 101 126 140 132 133 102 140 149 130 128 116 155 153 126 126 139 163 149 101 56 123 123 122 146 153 139 138 139 138 98 77 71 79 73 76 73 61 18 10 56 98 39 1 1 5 0 4 1 0 0 1 1 2 2 3 3 4 6 9 6 8 27 43 48 49 47 51 56 80 69 67 65 86 96 111 106 111 116 113 121 116 122 122 124 126
118 103 88 78 86 86 76 58 52 56 51 49 52 36 16 12 12 12 10 9 7 6 4 4 5 8 16 19 14 15 21 22 5 11 1 17 42 71 84 111 90 112 117 98 132 104 22 24 76 79 76 75 78 76 80 95 121 116 129 139 155 153 122 117 147 109 44 118 122 135 104 110 124 114 127 91 107 122 114 118 84 86 126 105 108 77 88 157 164 161 160 161 158 151 148 148 147 148 147 143 124 142 139 49 47 54 51 94 87 43 50 50 51 53 52 108 73 66 64 63 55 59 75 104 47 55 57 61 63 44 107 69 47 52 42 97 148 139 130 148 150 152 151 146 150 146 150 155 147 153 145 102 122 140 133 134 100 137 149 131 133 113 152 154 125 127 130 160 149 112 49 119 126 122 144 153 138 139 126 121 120 99 73 75 71 74 70 63 21 10 50 101 55 4 0 5 0 6 3 0 1 1 1 2 3 3 4 4 6 10 5 5 23 43 49 48 45 53 57 75 73 64 58 79 86 110 94 106 121 112 120 113 113 117 122 126
115 102 76 83 79 92 70 59 54 56 49 48 50 33 13 14 12 12 10 9 7 6 4 4 14 11 14 19 19 22 22 16 3 10 9 2 0 6 40 79 96 115 122 102 128 133 45 10 81 91 82 79 85 72 74 109 123 108 131 148 156 149 125 127 148 104 46 124 120 137 100 116 124 119 127 92 110 119 115 119 89 93 130 107 114 80 94 161 164 161 160 161 158 151 148 148 149 150 148 143 124 141 137 45 41 54 56 100 85 39 48 50 51 53 52 109 74 66 65 63 55 59 76 105 47 56 58 62 64 45 107 71 47 54 42 95 148 139 130 148 150 152 151 146 150 145 150 155 148 153 146 103 121 140 133 135 99 135 149 132 135 109 149 154 125 129 128 162 148 119 46 116 127 122 142 153 137 140 114 107 135 117 77 69 70 73 68 63 23 10 47 102 64 6 0 5 1 8 3 0 1 1 1 2 3 3 4 4 6 11 5 3 21 42 49 48 49 52 52 65 80 71 66 83 82 108 84 103 126 111 119 112 112 119 126 127
103 101 76 92 84 93 58 51 53 53 52 53 46 22 8 14 10 14 8 10 8 4 16 18 21 13 18 15 22 38 26 7 10 10 36 42 26 2 5 3 32 103 109 127 124 119 122 21 74 113 101 92 93 79 84 89 101 107 127 157 165 151 116 126 143 78 63 126 125 134 103 125 123 128 128 92 129 119 118 113 90 110 127 111 114 75 110 162 170 166 165 165 159 150 148 151 150 155 151 133 127 137 127 95 82 76 82 96 93 73 63 67 63 67 74 95 71 74 67 67 56 68 78 82 59 57 58 63 62 56 99 68 48 62 43 81 146 142 125 148 152 150 151 146 148 149 152 151 145 152 149 112 110 137 133 128 113 121 155 134 128 113 145 151 128 135 121 162 157 127 61 92 135 116 134 150 134 128 124 136 93 112 90 74 68 79 63 52 14 10 50 101 85 11 2 1 2 0 0 3 0 1 2 3 3 4 4 5 7 8 12 9 8 25 45 51 48 53 46 63 83 75 68 69 83 105 105 83 97 125 120 113 118 121 124 125
103 94 81 89 92 83 59 52 54 54 54 53 41 20 9 13 10 13 8 11 9 7 15 16 14 11 15 13 23 38 24 6 0 2 26 88 109 50 37 0 0 13 32 92 134 138 128 88 58 85 90 98 102 87 86 88 101 125 144 159 163 147 117 132 141 72 71 124 127 131 101 126 115 126 127 95 129 121 122 117 83 110 125 113 118 83 117 162 163 161 162 163 160 153 152 155 151 157 152 136 133 148 152 138 162 153 145 143 142 142 148 157 149 144 142 149 130 137 140 142 126 127 127 130 117 121 124 126 112 103 120 104 97 104 89 103 146 143 128 149 154 152 154 150 148 150 152 153 147 153 150 114 107 143 136 126 115 122 153 138 128 114 141 152 131 133 120 160 157 128 66 89 134 118 133 149 134 126 137 146 95 96 84 72 77 67 69 51 13 16 58 97 91 23 2 2 3 2 0 3 0 1 1 2 3 4 5 5 6 8 11 9 8 24 44 52 49 52 48 60 80 78 69 68 86 90 120 102 93 97 107 121 123 121 122 127
103 85 88 87 101 70 59 53 55 54 56 52 33 15 10 12 10 12 10 12 12 11 15 13 5 8 10 9 25 37 21 4 7 4 10 48 105 96 99 40 10 0 0 21 49 94 137 140 63 67 85 104 104 94 90 89 103 149 163 162 162 141 117 141 137 63 85 121 129 126 99 128 117 130 126 96 124 117 122 115 80 118 130 116 110 81 125 170 169 168 167 166 160 152 149 150 152 159 153 142 145 156 160 157 155 156 154 149 149 155 159 157 161 154 152 150 143 152 161 159 161 155 147 150 148 156 157 156 158 153 147 148 152 153 148 142 146 143 131 149 154 153 155 151 148 151 154 155 150 155 150 117 104 145 137 126 118 120 150 143 128 115 135 154 135 129 119 157 157 130 75 83 131 120 131 148 140 127 135 132 98 85 76 71 77 71 69 50 6 46 58 91 99 42 1 2 4 5 3 1 1 1 1 2 4 5 5 5 5 8 11 8 8 22 42 52 51 51 50 55 74 82 71 66 84 85 118 107 114 99 89 107 120 121 122 122
100 81 92 91 102 61 57 56 56 55 57 48 25 11 11 11 10 12 11 12 15 17 16 10 0 5 5 9 27 34 17 2 2 20 71 57 80 103 113 87 24 35 32 8 3 12 41 101 107 91 105 115 105 105 107 104 110 166 173 164 163 134 117 149 128 55 100 119 131 120 99 129 122 134 118 95 119 114 120 110 87 127 128 116 109 91 137 172 166 166 167 165 160 155 153 153 149 151 143 140 149 153 148 146 143 149 151 147 148 153 152 146 148 145 152 148 150 150 153 140 154 150 146 148 150 154 152 150 153 156 145 151 154 149 155 146 148 145 137 149 154 151 154 150 150 153 155 157 153 156 152 123 87 123 125 132 124 117 145 142 127 117 128 155 140 125 119 151 156 133 86 75 128 124 129 147 150 135 120 100 96 84 72 74 72 84 72 39 17 77 59 82 103 61 2 1 3 6 4 0 2 1 1 3 5 7 7 6 6 8 10 8 8 19 38 51 52 50 52 52 67 83 73 66 83 81 107 110 116 117 105 84 121 124 125 124
95 82 92 97 94 59 54 59 56 56 56 42 19 10 12 11 12 12 12 12 17 22 16 8 0 3 1 11 29 29 13 1 0 46 133 123 100 100 106 106 56 11 69 63 11 4 0 30 137 111 117 110 92 102 111 107 121 171 171 164 166 128 119 153 116 51 113 119 131 112 102 128 121 130 107 99 122 118 121 106 91 123 117 123 134 129 154 165 167 168 168 165 161 160 160 160 156 156 150 150 160 161 157 159 156 158 157 155 154 156 156 154 147 145 152 144 146 135 130 112 145 147 150 148 148 145 145 147 151 155 151 152 149 143 148 145 155 152 148 152 156 153 155 152 152 155 156 158 155 157 154 130 66 85 97 128 122 110 143 145 125 121 121 155 144 122 120 143 156 136 99 66 125 127 126 146 158 147 129 96 86 79 74 78 77 81 82 36 50 84 68 70 104 77 9 0 2 4 4 0 4 2 2 4 8 10 10 8 7 10 11 8 7 15 33 49 53 49 53 50 61 80 76 67 70 92 101 111 103 117 122 97 74 99 119 122
89 86 93 101 82 59 53 61 55 57 52 34 15 11 13 12 15 12 12 10 18 27 18 8 8 3 0 17 31 23 11 1 0 86 131 114 77 93 111 99 95 13 40 89 108 71 24 89 142 119 117 104 91 107 117 111 134 171 166 165 165 123 124 152 102 53 122 121 129 104 108 125 122 129 103 110 130 121 120 102 91 122 125 146 161 162 167 166 165 166 163 156 152 153 155 155 150 154 157 159 159 156 154 158 161 159 159 159 159 157 157 158 159 157 161 157 163 158 159 151 158 163 167 160 161 155 160 165 164 163 163 163 162 162 161 161 162 159 160 157 161 157 159 156 155 158 156 158 156 158 157 138 80 75 74 108 105 95 138 150 122 125 115 154 146 120 121 136 156 139 110 58 122 131 124 145 160 158 158 128 77 71 77 81 84 72 79 71 70 82 74 63 101 90 21 0 3 2 4 1 7 5 4 6 11 14 13 11 9 13 12 8 7 11 27 46 53 50 53 51 56 73 78 70 55 97 93 112 107 113 120 116 108 89 92 120
84 90 96 100 72 59 54 62 54 58 47 26 14 13 13 13 18 13 12 8 18 30 19 8 19 4 0 24 33 18 9 1 0 116 127 80 38 89 95 94 102 0 57 135 131 130 124 119 126 108 100 94 94 109 115 109 146 173 167 166 162 121 131 147 90 58 126 123 127 98 114 122 129 133 101 118 133 121 125 111 117 146 150 166 170 171 168 171 171 171 166 155 150 153 157 157 157 159 164 164 159 157 158 157 160 160 159 158 159 162 165 166 163 160 159 157 160 157 158 159 155 158 161 154 161 156 159 163 157 156 156 158 160 161 161 160 161 159 163 157 161 157 160 157 159 160 156 157 156 158 159 144 129 110 84 104 98 80 114 126 119 129 112 153 147 119 123 129 155 141 119 52 119 134 122 144 159 161 172 158 81 74 75 80 83 72 75 114 77 79 77 58 99 99 36 0 7 1 6 7 10 7 6 9 14 17 16 13 12 15 13 8 6 7 21 43 52 50 52 54 53 66 81 73 61 80 85 114 111 113 122 113 115 112 100 84
82 92 99 98 67 59 57 62 53 59 45 21 14 15 14 14 20 13 12 7 17 32 20 8 27 5 1 29 33 15 9 1 24 113 117 67 41 114 84 127 76 12 86 135 125 131 119 141 121 104 91 92 103 116 119 114 152 176 170 168 158 120 136 143 83 62 128 125 126 95 118 119 131 133 97 119 132 123 135 131 162 174 163 169 167 171 164 168 171 169 157 140 129 128 129 128 126 116 112 110 107 115 122 119 117 124 129 129 132 137 137 132 136 136 138 145 148 146 147 152 150 151 154 150 165 159 158 157 160 162 160 161 160 157 160 159 156 155 161 153 158 155 158 156 161 162 156 156 156 158 160 148 168 152 114 121 110 74 83 86 117 132 110 152 148 119 125 125 155 142 124 49 118 135 121 144 159 160 164 166 91 84 71 79 77 74 84 128 88 71 84 53 97 104 46 0 10 1 7 11 11 8 7 10 16 19 18 15 14 17 14 9 6 5 18 41 52 51 51 56 51 61 82 75 67 80 81 97 116 112 113 118 115 119 117 110
93 91 103 84 56 58 62 60 61 60 34 14 23 11 11 8 24 22 7 5 34 45 22 8 8 1 14 40 22 11 10 0 47 122 128 43 33 87 103 116 37 6 108 122 134 128 105 95 105 110 110 116 127 125 117 118 162 169 169 176 143 119 143 138 60 82 126 130 124 87 141 126 138 123 101 116 130 135 160 170 166 169 171 169 166 165 169 173 149 132 113 105 104 103 102 102 101 100 99 99 99 100 102 103 104 103 102 101 100 99 98 98 96 98 100 99 97 96 98 100 105 104 104 105 106 108 111 112 108 109 111 113 116 118 120 121 125 125 126 126 126 126 126 127 136 134 132 136 144 153 159 162 154 155 162 155 114 70 66 90 82 132 98 130 154 133 131 108 153 143 132 69 107 139 122 139 162 166 162 177 106 77 72 81 87 93 104 123 91 74 91 54 88 104 62 2 13 19 9 0 1 3 10 10 14 33 33 9 10 6 14 17 13 8 13 32 47 53 52 44 45 61 73 75 67 69 90 89 116 112 114 115 115 116 119 121
92 97 104 82 59 59 58 57 59 50 27 13 22 18 22 15 18 22 9 12 32 37 24 7 6 3 18 38 19 10 7 0 79 122 121 82 40 23 35 37 2 10 102 144 121 135 99 32 86 115 131 124 130 123 123 127 171 167 162 172 138 119 149 137 55 97 132 137 127 96 139 123 137 126 122 149 163 156 166 175 175 166 161 167 175 170 148 128 119 112 107 109 112 111 111 111 108 107 106 105 105 106 107 108 109 109 109 108 107 107 106 106 102 104 105 105 103 102 103 105 100 99 98 98 98 99 101 102 93 94 95 96 98 99 100 101 95 95 95 94 94 94 93 93 89 94 97 94 93 104 127 147 168 160 155 160 164 146 105 69 75 114 83 109 128 117 134 116 152 146 129 67 92 137 126 138 161 166 162 176 113 77 77 82 78 91 95 125 103 80 91 66 40 37 25 0 0 2 2 0 2 4 9 8 12 30 33 12 15 6 6 11 14 13 16 26 48 48 50 52 52 57 71 83 67 69 89 87 114 112 115 115 115 116 118 120
92 104 100 73 58 59 57 63 42 28 15 10 17 22 28 13 11 22 11 21 27 23 29 8 4 6 23 33 15 9 3 5 112 128 97 87 106 71 38 64 35 7 65 138 110 86 127 93 97 113 125 130 127 121 123 137 178 169 167 176 135 120 152 125 48 115 131 135 120 104 135 124 142 156 166 170 168 168 171 170 169 175 177 167 148 129 119 116 120 109 98 95 95 93 91 91 89 88 87 85 85 86 87 87 94 94 94 94 94 94 94 94 96 97 98 97 96 96 97 98 88 87 85 83 82 82 83 83 88 88 88 88 88 88 88 88 93 94 95 96 97 98 99 100 87 89 92 97 100 102 102 102 122 152 170 163 158 161 150 128 99 111 74 81 92 90 130 113 152 154 134 76 77 137 130 134 158 166 163 173 125 78 84 85 80 89 98 122 121 67 55 32 0 0 16 10 6 4 2 4 4 6 9 6 8 27 32 17 12 9 7 11 10 8 17 26 48 50 54 56 53 54 68 88 68 69 83 87 107 113 114 117 115 116 117 119
94 105 89 64 64 64 50 47 23 9 10 14 16 25 28 9 8 22 12 25 18 9 33 12 3 10 29 27 10 8 2 21 118 125 94 100 89 58 91 123 52 19 21 105 74 19 106 123 110 87 78 120 129 129 126 151 177 172 175 175 127 122 156 114 46 129 127 132 118 121 143 140 168 166 168 169 171 172 169 168 173 163 148 133 122 115 110 108 83 69 57 56 59 60 58 57 50 49 47 46 46 46 47 48 45 45 45 46 46 47 47 47 49 49 50 50 49 49 49 50 47 45 43 41 39 39 39 39 56 56 55 54 53 52 51 50 56 57 58 59 61 62 64 64 52 48 47 56 73 88 95 95 94 110 134 154 163 163 161 160 146 132 88 77 76 75 119 96 135 149 138 95 70 136 133 127 155 166 163 171 140 83 92 89 92 84 96 108 70 15 1 0 5 30 48 23 11 10 0 2 5 7 8 3 4 22 31 23 7 10 9 12 10 9 17 21 42 53 58 54 50 53 67 84 70 72 76 89 97 116 111 118 115 116 117 117
99 104 83 64 67 57 30 13 17 7 13 19 17 27 28 12 8 20 13 24 8 0 33 18 6 14 33 21 6 9 3 46 126 127 87 65 61 84 121 103 44 66 7 42 51 39 112 110 108 79 54 86 130 128 120 148 173 171 174 162 120 131 155 99 47 133 131 146 140 150 162 162 158 166 173 171 169 171 170 170 143 133 121 115 112 104 88 75 54 55 60 68 71 65 57 54 51 50 49 48 48 49 50 51 53 53 53 54 54 55 55 55 49 49 49 49 49 50 49 49 60 59 57 56 55 55 56 57 58 57 56 55 54 52 51 51 48 48 47 47 46 45 44 44 46 45 41 33 30 40 59 74 94 95 99 114 140 160 163 156 160 159 137 116 87 70 107 89 96 118 124 108 65 132 136 125 151 165 164 170 153 91 98 94 98 88 92 89 9 0 4 37 53 89 99 49 17 17 2 2 5 8 7 1 2 17 29 28 10 8 6 9 18 22 17 8 25 41 51 52 54 54 63 78 74 75 69 90 86 117 108 118 116 116 115 115
104 105 82 57 40 24 15 7 16 10 11 14 13 25 21 15 9 16 14 21 3 0 28 22 11 17 36 15 3 10 9 77 131 119 52 87 105 94 133 85 65 120 6 50 79 120 114 108 83 84 49 37 119 128 132 165 169 169 175 155 124 140 143 81 62 133 139 162 163 170 172 168 161 172 172 167 170 172 158 131 115 117 115 102 82 63 52 49 51 64 85 99 99 91 88 90 85 85 84 84 85 87 89 90 88 88 88 88 88 88 88 88 88 87 86 86 87 88 87 86 89 89 89 89 91 93 96 97 94 94 93 93 92 91 91 91 84 84 83 83 82 81 81 81 72 75 76 74 66 55 43 36 56 78 92 92 98 122 147 159 158 169 163 156 127 101 109 81 68 82 101 112 61 125 140 127 148 164 164 170 162 102 100 100 103 111 95 59 33 5 25 70 60 89 112 75 18 13 6 0 4 8 8 0 0 14 27 31 9 7 12 11 19 27 15 6 8 21 33 46 56 54 58 75 80 76 68 86 82 113 107 116 116 115 115 114
108 88 55 30 10 8 25 27 16 14 8 9 15 27 12 13 10 10 16 18 2 2 21 23 16 19 37 11 1 12 15 105 118 66 76 123 91 97 130 47 87 130 48 66 129 117 77 74 86 95 46 21 102 130 137 173 168 169 178 153 128 147 141 98 113 149 152 167 170 168 169 166 172 173 163 160 150 131 124 111 114 97 74 59 55 56 57 56 85 85 84 78 64 50 46 49 62 62 62 63 65 67 70 72 67 67 66 66 65 65 64 64 70 68 67 68 70 70 69 67 50 51 53 56 60 65 70 72 80 80 81 81 82 82 83 83 87 88 89 90 91 92 93 93 89 86 86 93 99 92 72 54 38 38 56 84 98 99 109 126 148 157 149 162 158 148 134 100 87 78 92 117 61 118 141 127 146 162 165 171 168 112 101 105 101 113 69 32 55 20 29 33 50 72 110 97 27 17 21 2 2 8 8 1 0 11 25 33 9 8 20 11 16 30 14 11 5 14 18 26 43 50 56 71 86 74 73 77 85 104 109 112 116 115 114 113
110 61 13 3 7 25 46 35 17 20 11 12 25 35 10 12 9 6 18 17 3 5 16 22 19 20 37 8 1 14 19 122 88 47 82 117 93 117 124 41 103 137 84 24 109 85 89 99 95 89 30 39 99 144 140 175 168 169 177 145 124 149 157 144 170 174 166 167 166 160 166 167 171 171 143 127 117 112 117 102 68 60 51 47 53 67 82 92 83 69 51 39 32 28 28 31 33 33 34 35 38 41 44 46 47 47 46 45 44 43 42 41 41 39 38 39 41 42 40 38 26 27 30 35 41 48 53 57 52 53 54 55 57 58 59 59 60 60 60 61 61 61 62 62 64 63 60 57 60 69 82 91 65 46 32 41 67 89 98 97 107 143 153 165 151 148 159 162 126 96 98 126 64 113 139 125 145 162 165 172 171 118 101 108 84 85 21 32 27 38 57 19 50 69 105 97 24 14 27 10 1 8 8 1 0 10 24 34 18 7 17 5 17 39 16 8 11 20 11 5 25 46 57 66 91 71 79 69 89 96 112 109 117 115 113 112
30 9 9 7 26 64 57 31 20 28 19 15 27 27 14 11 15 7 14 25 19 12 15 18 5 35 18 6 0 4 61 133 53 35 102 114 74 86 112 46 126 120 113 16 73 107 102 106 98 78 16 59 105 137 138 184 164 178 170 140 129 150 169 170 174 169 166 169 172 170 166 163 129 123 118 116 111 96 73 55 50 48 53 69 87 94 88 78 45 40 32 28 26 26 26 25 30 31 31 32 32 33 34 34 31 31 31 31 31 31 31 31 30 29 29 32 34 31 24 18 24 27 27 30 39 42 42 46 39 39 40 40 41 42 42 43 44 44 43 43 43 42 42 42 47 47 46 45 46 49 55 59 90 83 66 45 34 45 74 99 99 93 105 136 162 164 154 147 170 140 127 116 75 90 141 123 135 162 162 166 172 128 104 88 54 33 27 30 18 65 79 82 64 33 113 83 4 20 6 9 4 4 5 0 0 6 14 35 17 9 4 16 17 47 25 5 12 23 26 16 5 21 30 56 84 79 73 77 95 81 114 117 118 118 118 116
9 8 13 14 44 75 53 26 18 21 15 17 29 25 13 13 16 16 22 24 15 11 15 15 11 33 13 4 1 10 69 130 71 36 113 64 11 23 49 67 112 111 100 56 48 118 106 101 101 51 17 72 106 141 156 173 179 175 158 142 150 173 180 171 176 177 177 177 174 157 124 96 112 113 108 91 69 53 50 52 64 76 89 92 82 65 48 38 26 27 29 33 35 34 30 26 38 38 38 39 40 40 41 41 47 47 47 47 47 47 47 47 42 40 40 42 43 40 32 25 28 32 32 36 45 49 49 53 50 50 51 52 52 53 53 54 51 51 50 50 50 49 49 49 50 51 53 51 48 46 45 46 49 70 89 83 59 40 40 49 87 100 102 95 109 142 161 160 162 153 153 148 103 92 132 137 137 161 163 166 177 143 90 48 16 12 24 40 38 82 85 71 27 24 90 45 0 11 10 8 4 4 5 0 1 6 13 32 22 11 4 10 23 38 19 10 15 21 21 22 21 12 16 32 71 89 80 64 82 93 111 87 119 117 115 114
16 14 21 22 45 66 46 32 15 13 11 20 31 25 14 15 16 26 30 20 10 11 14 10 22 31 6 3 6 11 75 127 89 14 111 76 74 66 0 47 65 77 120 100 15 106 113 101 89 20 25 79 114 150 162 173 171 172 170 170 176 182 178 168 178 177 173 155 123 96 92 102 92 86 72 54 42 46 65 82 98 91 79 66 53 41 31 25 30 31 35 38 41 40 36 33 31 31 32 32 33 34 34 35 40 40 40 40 40 40 40 40 44 43 42 43 44 40 32 25 28 31 31 36 48 53 53 56 51 51 52 52 53 54 54 55 56 56 56 56 55 55 55 55 54 56 57 55 50 45 42 41 37 42 56 73 84 75 52 31 40 58 84 99 96 98 125 158 176 164 152 161 157 146 145 126 132 155 167 169 178 159 75 9 2 6 21 36 43 87 91 62 30 19 42 11 23 12 9 5 5 4 5 1 3 7 11 28 29 13 6 7 31 25 14 16 17 30 31 28 39 17 15 6 19 66 80 72 75 90 104 94 91 105 119 124
18 15 43 55 52 47 27 20 13 11 13 22 31 28 20 16 15 30 28 11 6 13 13 5 35 27 3 3 5 5 69 127 96 26 57 87 134 102 10 48 42 19 119 118 22 82 115 104 62 13 40 86 129 146 163 181 180 177 175 174 174 174 177 180 163 151 127 101 91 92 90 82 61 51 44 50 67 85 95 98 83 68 47 32 29 34 40 44 37 39 44 49 53 55 56 56 55 55 56 57 57 58 58 59 56 56 56 56 56 56 56 56 55 53 53 54 56 52 44 37 35 37 38 44 57 63 64 66 69 69 70 70 71 72 72 73 66 66 65 65 65 64 64 64 65 65 63 58 51 46 44 44 40 33 32 45 67 81 82 77 44 39 44 65 89 103 109 110 129 157 170 171 165 161 156 136 127 148 169 171 174 166 70 0 9 13 18 24 35 81 96 61 69 42 17 8 70 25 10 4 5 3 5 2 5 8 9 23 37 12 12 14 37 15 14 18 17 31 40 30 48 26 22 6 0 23 50 75 78 84 94 112 86 94 106 116
21 29 59 59 39 28 21 32 14 14 18 24 30 33 26 15 13 25 18 3 6 14 11 5 43 23 4 4 2 2 56 127 98 64 36 39 63 60 11 81 88 24 96 120 48 83 112 91 51 22 70 110 136 137 172 183 180 178 178 181 178 169 162 161 127 110 98 100 99 81 59 46 45 51 65 84 97 94 77 61 42 34 29 35 47 52 45 36 47 51 58 63 66 66 65 64 65 66 66 67 67 68 69 69 68 68 68 68 68 68 68 68 65 64 64 66 68 65 58 52 40 42 42 49 63 70 70 72 75 76 76 77 77 78 79 79 79 79 78 78 78 77 77 77 79 78 74 66 57 49 45 44 42 44 45 42 42 53 73 90 90 72 47 35 47 73 92 99 103 114 137 164 165 154 154 154 138 149 166 169 170 167 75 0 6 12 18 22 37 76 101 63 88 76 28 26 95 41 16 4 5 3 5 4 8 9 6 17 40 12 17 25 37 10 16 18 17 16 35 32 45 29 26 29 12 7 10 39 58 85 94 109 107 103 99 99
24 49 63 34 18 22 28 54 19 17 22 25 27 33 29 13 13 18 8 0 10 12 7 12 42 16 5 3 3 18 45 124 83 92 86 48 54 65 0 45 124 113 120 117 46 98 105 64 66 22 115 133 131 150 176 179 177 177 179 181 176 157 130 110 102 110 105 81 57 48 50 53 74 87 98 94 75 52 36 29 24 36 49 53 47 43 45 49 62 64 65 65 64 64 64 65 63 63 64 65 65 66 66 67 68 68 68 68 68 68 68 68 65 64 64 67 69 67 60 53 42 43 43 50 65 72 72 73 76 76 77 77 78 79 79 79 83 83 83 82 82 82 81 81 81 81 80 75 66 58 52 50 48 47 44 42 43 46 50 53 74 91 92 65 38 37 55 70 105 93 101 130 150 160 167 168 159 157 163 166 171 168 90 0 3 10 19 24 38 65 100 67 85 81 27 52 106 55 18 3 5 3 5 5 10 10 4 12 38 16 18 33 31 10 17 18 13 14 34 35 35 40 43 52 23 13 10 7 13 65 93 110 114 111 106 102
21 54 69 37 22 27 23 37 25 17 21 26 25 28 26 11 15 14 2 4 15 7 3 23 34 7 5 0 10 50 44 117 71 110 110 99 125 80 39 16 82 125 125 93 57 107 84 59 72 28 132 132 136 171 176 176 172 180 174 148 120 107 105 106 105 86 65 52 49 55 68 81 94 91 79 57 35 23 25 31 45 47 49 49 48 52 59 65 63 64 64 63 62 64 68 72 65 65 66 66 67 68 68 69 69 69 69 69 69 69 69 69 69 67 67 69 71 68 60 54 50 50 49 56 72 79 78 78 75 75 76 76 77 78 78 78 81 81 81 81 80 80 80 80 80 80 79 75 69 64 62 61 51 48 45 45 46 46 42 38 57 55 70 93 89 59 38 38 55 93 115 104 103 131 159 171 169 168 165 165 175 171 111 7 4 9 17 22 34 49 96 73 74 62 12 78 113 69 15 4 5 3 5 7 12 11 2 8 32 24 14 30 21 11 12 21 8 19 32 43 25 48 56 58 26 17 36 26 0 23 58 90 115 110 106 110
43 57 68 38 16 22 20 25 30 15 18 27 23 22 21 10 18 12 1 8 18 2 0 31 27 2 3 0 17 77 46 110 87 108 94 87 127 50 86 80 17 32 66 58 101 111 58 78 60 49 115 121 153 176 181 173 178 159 128 104 105 112 100 78 52 48 49 60 77 90 91 85 74 54 31 19 21 30 36 38 45 43 45 53 62 69 71 69 63 67 70 70 67 64 62 62 66 66 67 68 68 69 69 70 69 69 69 69 69 69 69 69 69 68 67 68 69 65 57 50 49 50 48 55 70 77 76 76 79 79 79 80 81 81 82 82 83 83 83 82 82 82 82 81 87 85 79 72 66 63 64 66 59 58 55 51 46 44 43 43 41 47 54 66 85 94 79 55 37 50 68 90 107 106 109 131 167 173 171 167 177 173 127 16 0 4 13 21 32 40 95 79 59 52 10 96 110 76 16 7 6 3 5 7 13 12 1 6 27 30 9 25 14 11 8 24 7 14 18 51 21 39 53 56 52 16 48 64 24 0 5 41 112 114 116 116
45 64 55 15 31 28 17 25 28 15 22 16 29 17 9 10 18 13 0 17 8 7 6 42 13 0 4 9 43 104 43 89 90 107 88 107 117 31 109 128 109 81 85 115 113 77 54 106 34 54 89 156 181 179 172 156 126 127 123 108 86 64 49 43 48 61 81 94 93 79 59 46 31 25 22 27 32 33 32 32 47 54 60 62 60 60 64 68 65 66 68 69 69 68 67 66 65 65 66 67 69 70 71 71 73 73 73 72 72 72 71 71 72 74 74 71 69 66 58 50 54 51 56 70 80 81 79 78 80 80 81 82 83 85 85 86 81 81 81 81 81 81 81 81 83 80 76 72 69 66 65 64 62 62 61 57 53 48 44 42 43 45 47 47 51 63 80 93 75 52 33 42 75 104 114 111 116 149 173 170 173 178 136 69 4 11 8 13 26 38 62 92 50 15 36 70 109 85 20 7 5 6 2 3 10 9 3 2 22 32 12 12 18 15 26 23 14 10 26 39 32 33 43 44 28 31 44 88 62 14 5 2 34 83 119 112
59 64 38 30 32 25 20 22 24 16 22 16 30 16 9 13 25 5 0 16 7 9 21 39 8 8 3 5 56 110 27 73 94 103 88 113 101 41 113 126 127 106 110 115 104 53 91 93 40 58 95 161 172 151 138 128 131 115 90 63 47 46 55 64 87 90 89 78 58 39 27 22 31 40 40 31 29 41 57 64 61 65 70 71 70 70 72 74 65 66 67 68 68 68 68 68 66 67 68 69 70 71 72 72 74 74 74 74 73 73 73 73 73 75 75 73 71 69 62 54 57 55 61 74 84 86 84 84 79 79 80 81 83 84 84 85 83 83 83 83 83 83 83 83 88 85 80 75 71 69 69 69 67 66 65 64 61 57 51 47 49 47 44 41 41 49 62 71 87 84 71 47 31 43 79 112 110 118 137 159 176 180 159 129 65 7 15 25 29 40 60 71 37 32 66 64 31 45 20 13 5 6 2 3 10 9 3 2 18 34 13 10 19 16 22 23 22 13 21 33 28 28 40 50 25 28 44 85 70 22 14 3 7 21 66 116
70 52 24 45 28 25 18 21 19 17 22 15 32 16 9 19 24 0 5 12 13 12 30 32 15 15 2 0 35 95 25 70 101 96 88 121 76 57 119 122 122 121 111 119 62 67 103 83 30 66 104 147 143 125 122 118 91 70 46 38 49 68 82 88 91 77 57 40 31 30 32 34 47 45 50 58 60 59 65 76 78 77 77 76 75 75 75 75 69 68 65 62 60 58 57 56 58 59 59 60 61 62 63 63 70 70 69 69 69 68 68 68 67 70 70 69 68 67 60 53 48 49 55 67 75 77 76 76 77 78 78 79 80 81 82 82 83 83 83 83 83 83 83 83 86 84 81 78 75 72 71 70 68 67 67 68 68 66 61 57 49 48 46 44 43 43 44 45 55 73 87 79 56 40 43 53 97 105 113 121 137 161 171 163 111 1 6 26 26 35 70 65 37 56 75 31 5 78 38 7 5 6 2 3 10 9 3 2 13 36 17 7 20 17 16 23 32 17 15 25 26 21 33 54 15 16 35 65 66 24 25 5 16 12 13 49
63 28 24 48 21 25 13 21 15 18 21 15 33 15 11 23 14 2 12 8 22 14 27 22 12 5 6 7 13 76 33 69 106 90 91 123 54 76 124 119 111 117 109 95 49 97 95 72 34 73 104 138 133 115 98 78 46 46 52 67 84 92 87 79 48 38 27 26 35 45 50 51 54 64 72 72 68 68 70 71 79 76 74 74 76 77 76 74 72 68 62 54 47 41 38 37 39 39 39 40 41 42 42 43 44 44 44 43 43 43 42 42 41 43 45 44 44 43 37 29 28 31 37 45 51 53 52 51 51 51 52 53 53 54 55 55 60 60 60 60 60 60 60 60 65 66 69 71 73 74 73 73 68 66 65 67 70 71 68 65 55 53 51 51 50 47 42 38 36 43 58 78 89 81 56 35 37 69 100 108 109 125 148 162 145 30 1 14 26 31 78 67 31 69 86 40 63 105 25 6 5 5 2 3 10 9 3 2 6 35 22 6 18 18 11 21 33 19 12 24 29 18 24 49 48 24 23 43 78 57 62 21 20 22 18 0
40 15 26 41 16 17 15 19 13 19 19 15 35 15 13 24 9 4 16 6 17 13 25 14 9 0 1 22 30 83 35 70 108 86 98 116 42 94 125 117 117 119 110 56 87 99 97 54 46 86 113 136 112 75 53 41 58 74 91 94 81 63 51 46 32 32 31 33 36 44 52 58 71 70 66 64 67 74 77 75 71 71 73 77 81 80 75 70 63 60 54 47 41 37 35 33 40 41 41 41 42 43 43 43 44 44 43 43 43 42 42 42 40 43 44 43 44 43 37 30 32 37 43 47 49 50 49 47 45 45 45 46 46 47 47 48 41 41 41 41 41 41 41 41 42 44 48 54 61 68 74 77 74 71 68 67 69 71 70 69 70 64 56 52 51 51 49 48 52 41 35 45 64 80 82 77 51 39 48 83 107 106 111 126 150 70 17 2 22 32 67 77 30 56 77 59 101 63 3 4 4 5 1 2 9 8 2 1 2 31 28 8 14 18 9 17 27 17 13 27 34 20 17 36 64 36 24 21 59 52 77 40 15 16 39 17
24 22 24 31 17 10 21 14 15 18 18 17 35 16 16 21 11 6 14 5 4 16 29 11 6 6 0 42 83 110 28 71 106 86 108 99 43 108 122 116 116 126 75 62 106 98 96 43 55 97 104 93 57 40 55 68 87 89 84 67 45 31 31 36 38 36 35 37 45 55 65 72 72 59 55 69 83 84 78 74 75 77 80 83 82 75 64 56 49 48 47 46 46 46 46 47 41 41 42 42 42 43 43 43 47 47 47 47 46 46 46 46 43 46 47 46 46 45 39 32 35 43 49 50 49 49 48 46 48 48 48 48 49 49 49 49 45 45 45 45 45 45 45 45 41 40 39 40 45 53 61 66 77 76 73 71 70 69 70 70 76 71 64 59 57 55 52 50 51 47 41 36 37 48 64 76 84 58 37 43 64 81 98 118 128 106 73 33 20 29 48 103 34 44 62 32 43 21 47 23 4 5 1 2 9 8 2 1 0 24 35 12 7 17 10 11 19 15 16 28 35 24 16 23 47 43 38 9 21 15 69 56 15 27 25 47
29 35 24 20 20 16 18 13 19 18 16 18 34 16 19 18 9 12 9 4 1 27 29 11 1 4 2 80 123 121 21 68 102 88 119 80 51 117 117 116 110 105 52 97 101 103 85 39 71 96 78 59 48 63 82 82 73 60 43 31 29 33 40 44 37 40 48 60 71 76 75 72 56 69 79 80 82 85 80 71 80 79 77 73 67 59 51 46 44 45 47 49 51 52 52 53 48 48 48 48 48 48 49 49 47 47 47 46 46 46 46 45 43 46 46 45 45 43 37 29 39 48 55 54 52 52 52 50 50 50 50 51 51 51 51 51 48 48 48 48 48 48 48 48 48 46 43 41 41 43 47 49 64 68 72 73 71 69 70 72 73 72 71 68 65 61 56 53 47 49 49 44 39 37 41 47 61 86 89 63 40 42 67 94 102 122 124 95 28 24 41 114 71 37 54 18 16 66 106 36 4 4 1 2 9 8 2 1 0 17 40 17 0 17 13 6 15 15 17 24 30 27 20 16 45 52 52 16 22 23 82 70 26 57 60 99
42 43 26 13 20 29 10 15 22 17 15 19 34 16 21 15 2 20 4 3 9 40 24 13 8 0 13 102 117 107 27 80 99 90 125 68 58 121 113 117 117 66 75 110 114 97 81 35 74 93 82 87 92 90 76 54 39 32 27 28 35 42 44 44 50 62 76 82 78 70 65 63 81 80 80 82 80 76 75 77 76 70 62 53 47 45 47 48 47 48 50 51 51 50 48 47 49 49 49 49 50 50 50 50 48 47 47 47 46 46 46 46 44 46 46 45 44 42 35 28 35 46 54 52 50 51 51 49 49 49 49 49 49 49 49 49 46 46 46 46 46 46 46 46 45 46 47 48 47 45 43 41 46 56 66 71 71 70 72 75 74 73 72 70 67 66 65 65 53 53 52 52 51 48 44 41 42 53 71 91 94 69 45 42 64 98 113 122 33 20 44 102 101 34 85 75 53 110 107 50 4 4 1 2 8 8 2 1 0 12 43 20 0 16 16 2 14 16 18 20 25 29 24 14 28 47 53 20 22 26 86 76 21 45 112 124
34 24 23 23 17 14 16 13 29 27 20 26 27 20 18 13 12 5 0 12 11 37 17 4 0 2 34 121 122 83 34 67 92 94 120 46 77 124 114 128 101 41 123 108 104 104 78 32 84 90 84 75 66 43 28 35 26 33 38 39 38 44 56 67 77 79 76 68 68 76 85 88 82 83 85 85 83 80 76 73 46 46 47 47 48 48 49 49 51 51 51 51 51 51 51 51 51 51 50 50 49 49 48 48 49 49 49 49 49 49 49 49 51 50 48 47 49 48 39 28 41 48 52 52 52 53 53 51 51 51 51 51 51 51 51 51 48 48 48 49 49 49 49 49 50 50 50 50 49 49 49 49 50 50 51 54 60 67 74 78 74 75 76 73 69 67 68 69 65 59 53 51 53 52 48 43 41 32 30 48 82 102 92 70 39 45 64 90 53 20 31 87 107 41 69 73 56 95 104 68 11 3 6 2 11 7 1 2 0 5 34 29 7 12 15 9 16 23 10 10 18 38 33 30 7 34 62 38 22 13 65 85 44 29 79 129
50 39 27 20 17 14 13 15 26 23 18 25 27 20 19 13 14 6 8 16 18 34 18 1 6 1 46 117 119 80 39 55 85 102 103 38 101 116 117 113 57 99 73 30 37 91 63 52 93 88 67 51 47 37 29 36 33 35 40 46 54 64 73 79 85 73 68 77 88 90 84 79 87 88 88 84 77 66 56 49 47 48 48 48 49 49 50 50 51 51 51 51 51 50 50 50 49 49 49 48 48 47 47 47 48 48 48 48 48 48 48 48 51 50 47 46 49 48 38 27 41 47 52 52 51 53 53 51 50 50 50 50 50 50 50 50 48 48 48 49 49 50 50 50 51 51 51 50 50 50 50 50 51 50 50 52 55 60 65 69 81 75 70 70 73 75 72 69 68 66 64 62 59 55 50 46 46 45 41 36 41 58 81 96 87 68 51 59 38 28 34 68 110 59 59 82 54 88 108 82 15 3 5 2 11 8 3 3 5 6 30 38 18 10 16 17 16 21 14 9 18 37 36 28 16 17 45 57 29 41 37 85 63 25 58 117
64 48 28 18 16 16 18 22 20 19 15 23 27 20 19 13 12 6 16 18 30 30 20 4 13 8 84 128 115 67 46 53 81 107 84 37 117 113 123 83 56 82 48 89 31 43 47 62 99 84 54 32 31 35 36 41 42 43 48 59 73 82 83 82 73 74 81 87 88 86 89 95 94 86 74 62 53 49 48 49 49 49 50 50 50 51 51 51 51 51 50 50 50 49 49 49 47 47 46 46 46 45 45 45 46 46 46 46 46 46 46 46 50 49 46 46 48 47 37 26 40 47 52 51 51 52 52 50 49 49 49 49 49 49 49 49 47 47 48 49 50 51 52 52 52 52 52 52 52 52 52 52 53 51 50 49 50 52 55 57 68 71 74 77 77 75 74 74 68 70 72 71 66 60 55 53 42 45 47 43 37 40 56 72 90 89 78 69 31 22 31 60 111 74 43 76 53 72 113 91 23 3 3 3 11 8 5 5 9 8 26 41 24 10 18 20 16 19 18 8 17 34 41 27 37 13 25 43 21 57 29 76 80 22 34 97
63 41 24 18 15 21 29 29 14 14 12 23 27 21 19 12 3 4 14 11 35 20 13 6 8 6 97 116 106 70 54 29 86 108 69 50 116 117 114 60 102 63 19 79 99 8 15 74 94 81 55 33 30 39 48 52 53 57 64 74 81 83 79 74 71 78 83 85 88 92 92 87 70 65 57 50 47 48 50 53 51 51 51 51 51 51 52 52 50 50 50 49 49 48 48 48 44 44 44 44 44 44 43 43 44 44 44 44 44 44 44 44 48 47 45 44 46 46 36 25 40 46 51 51 50 52 52 49 48 48 48 48 48 48 48 48 46 47 48 49 50 51 52 53 52 52 52 52 53 53 53 53 53 52 50 49 48 49 50 51 49 59 71 79 79 77 75 75 68 70 73 73 70 66 62 60 56 47 42 43 44 41 40 42 56 82 97 90 37 17 24 51 106 80 36 54 53 56 113 93 34 4 2 4 11 8 7 6 6 10 22 37 24 12 20 15 16 18 22 9 16 32 44 27 49 15 14 20 20 44 36 42 80 26 19 65
54 28 21 21 14 23 34 26 9 11 11 23 28 21 18 11 1 9 13 8 34 10 3 7 4 26 123 119 96 70 62 31 93 113 52 66 117 116 80 68 113 92 30 48 113 40 8 71 85 77 61 41 33 43 60 68 67 72 79 81 79 76 75 76 82 83 82 84 87 86 73 57 45 46 48 49 51 52 52 52 52 52 52 52 52 51 51 51 50 50 49 48 48 47 46 46 42 42 42 42 42 43 43 43 44 44 44 44 44 44 44 44 47 46 44 43 45 44 35 23 39 46 50 50 50 51 51 49 47 47 47 47 47 47 47 47 46 46 47 48 49 50 51 51 51 51 52 52 53 53 53 54 54 53 51 50 50 50 50 50 48 49 53 62 72 78 78 76 76 75 75 75 74 72 68 65 67 58 49 45 42 37 37 41 48 56 67 76 41 26 21 34 97 91 45 47 49 53 108 103 47 7 1 5 10 7 8 7 6 8 18 34 26 13 18 14 16 18 23 11 17 30 43 29 45 14 14 19 30 25 32 8 65 35 16 31
45 24 21 23 14 19 27 17 7 10 11 24 29 22 18 10 13 21 21 24 36 11 2 10 8 27 94 101 90 80 66 44 98 113 36 83 125 100 54 99 106 99 102 99 104 55 33 61 81 70 58 43 32 44 69 80 78 81 82 80 76 77 82 88 91 86 83 79 69 54 46 46 47 47 46 47 48 50 51 53 52 52 52 51 51 51 50 50 50 49 48 48 47 46 45 44 41 41 41 42 42 42 43 43 44 44 44 44 44 44 44 44 46 45 42 42 44 43 33 22 39 45 50 49 49 50 50 48 48 48 48 48 48 48 48 48 46 46 46 46 47 47 47 48 50 50 51 51 52 53 53 53 53 53 52 52 52 52 52 52 52 49 45 46 53 63 74 81 82 81 80 80 79 76 72 69 63 63 64 61 54 45 40 40 51 44 47 64 39 26 22 33 84 104 55 57 47 56 98 116 61 10 1 7 9 6 9 6 11 4 14 35 31 14 14 18 15 19 22 14 17 29 39 34 39 30 20 18 21 22 32 14 46 42 19 14
37 27 22 21 18 15 15 13 7 10 12 26 31 23 17 9 14 17 22 44 30 13 8 9 8 29 39 44 62 101 69 26 100 98 31 104 117 72 75 119 113 110 110 114 85 41 29 84 85 65 51 41 34 48 73 83 81 78 76 76 79 84 88 91 85 75 64 58 52 45 43 45 50 51 52 53 52 51 49 48 51 51 51 50 50 49 49 49 49 49 48 47 46 45 44 43 41 41 41 42 42 43 43 43 45 45 45 45 45 45 45 45 45 44 41 41 43 42 32 21 38 44 49 49 49 50 50 48 49 49 49 49 49 49 49 49 46 46 45 45 44 44 44 43 48 49 49 50 51 52 52 52 53 53 53 53 53 53 53 52 51 52 51 47 46 50 61 70 74 77 81 83 81 78 75 74 68 68 67 64 62 59 52 45 45 42 52 70 37 21 20 36 74 103 51 57 53 51 87 113 72 13 1 8 8 4 8 4 9 0 12 29 27 16 10 14 15 21 18 17 19 28 33 39 31 53 22 25 23 23 39 50 34 44 22 15
30 30 21 17 21 14 8 15 7 11 13 27 32 23 17 8 1 0 11 48 17 9 8 1 8 102 101 42 17 89 74 33 103 77 36 122 101 50 115 120 111 105 108 86 66 18 48 97 91 62 46 42 39 54 75 80 78 72 70 75 85 90 88 83 59 57 51 45 46 52 53 49 51 52 54 55 55 54 52 50 51 51 50 50 49 49 48 48 49 49 48 47 45 44 43 43 41 41 42 42 43 43 44 44 45 45 45 45 45 45 45 45 44 43 41 40 42 41 32 21 38 44 49 49 48 50 49 47 50 50 50 50 50 50 50 50 46 46 45 44 43 42 41 41 47 48 48 49 50 51 51 52 53 53 53 53 53 52 52 51 52 51 52 54 56 54 49 45 58 68 78 83 82 78 78 79 73 72 67 62 62 65 62 55 42 37 46 67 39 25 18 26 68 91 39 45 63 41 78 99 78 15 2 9 8 3 8 3 1 0 12 18 19 18 8 5 15 23 16 19 19 28 29 42 17 58 20 51 53 19 38 77 32 43 20 18
28 26 6 12 15 27 24 11 8 4 17 41 30 26 14 4 0 0 21 35 16 5 8 0 19 104 116 103 23 36 71 31 114 55 53 112 52 100 125 114 119 78 92 87 76 17 74 99 76 66 41 33 38 58 81 78 60 69 81 87 84 72 59 50 51 49 48 49 51 52 51 49 51 51 51 51 51 50 50 50 47 47 47 48 48 48 48 48 45 44 44 43 42 41 41 41 39 40 41 42 42 42 42 42 44 44 45 45 45 46 46 46 48 45 42 42 42 37 28 21 37 45 53 55 53 50 50 51 53 53 53 52 52 52 52 52 51 50 49 47 45 43 42 41 46 47 47 48 49 50 50 51 52 52 53 53 53 54 54 54 54 53 53 53 53 53 53 52 45 50 60 72 83 87 85 81 76 74 70 66 63 63 64 65 45 44 43 59 47 16 21 32 35 10 38 38 29 40 58 116 96 20 5 7 9 4 4 4 4 4 3 18 34 22 4 6 13 17 22 22 15 24 27 41 37 48 46 16 65 41 15 26 49 52 37 14
29 25 10 14 19 31 26 17 9 7 12 30 22 13 3 6 3 4 28 35 12 2 3 0 39 123 110 85 64 29 33 36 107 36 84 85 66 120 114 87 71 98 86 104 81 19 79 95 74 63 41 33 40 60 81 77 82 83 82 73 59 49 47 48 52 51 49 50 52 53 52 50 52 52 51 51 51 51 51 51 51 51 50 49 48 47 46 46 46 44 41 39 38 39 40 41 41 41 41 40 40 39 38 38 41 42 42 43 44 45 45 46 50 45 40 38 37 35 30 25 38 45 53 56 54 52 52 53 51 51 51 51 51 51 51 50 52 51 50 48 47 45 44 43 44 45 46 47 49 50 51 52 52 52 52 53 53 53 53 54 53 53 53 53 53 53 53 53 50 51 53 58 64 74 83 88 81 80 77 74 71 68 66 66 45 44 43 60 48 16 21 32 16 46 61 21 29 50 47 103 101 29 5 6 9 3 3 3 4 4 4 19 35 25 9 11 10 15 21 23 17 25 25 36 14 40 49 24 49 46 20 55 68 54 37 26
27 22 15 17 22 33 26 22 19 19 18 26 19 6 0 14 6 6 30 30 11 4 1 4 52 82 123 83 90 63 7 30 98 29 91 61 99 112 86 97 115 80 20 82 67 23 75 106 71 58 40 35 43 65 82 75 74 64 51 46 48 51 51 49 52 51 50 51 52 52 52 50 51 51 50 50 50 49 49 49 45 45 45 45 45 45 45 45 44 42 38 36 35 36 39 40 43 42 40 38 37 35 34 34 35 36 37 38 39 41 42 42 45 41 36 34 34 33 29 26 32 39 47 51 52 51 53 54 50 50 50 50 51 51 51 51 53 53 52 50 49 48 47 46 42 43 44 46 48 49 51 51 51 51 51 52 52 52 53 53 53 53 53 53 53 53 53 53 53 54 55 54 54 59 67 73 83 83 84 83 80 75 70 67 47 45 43 60 48 17 21 31 33 81 71 14 48 66 36 94 107 44 7 4 11 2 1 1 4 5 5 18 34 29 16 15 6 11 20 25 20 26 21 27 7 35 57 36 30 55 25 73 94 58 37 43
23 16 17 16 21 30 22 22 22 28 32 29 16 6 6 14 12 11 29 22 10 9 1 8 17 18 76 61 89 97 16 25 67 28 67 55 92 85 93 118 119 49 31 98 39 21 90 101 68 52 39 37 47 70 82 70 49 46 44 45 49 53 54 53 52 52 52 51 52 52 51 51 50 49 49 48 48 47 47 47 49 48 47 44 42 40 38 37 38 38 36 36 36 37 39 40 42 41 39 37 35 34 34 33 31 32 33 35 36 38 39 40 38 36 35 35 36 33 29 25 26 31 39 44 46 47 49 51 46 47 47 48 49 50 51 52 53 53 52 51 51 50 50 49 44 44 45 46 47 48 48 49 50 50 51 51 51 52 52 52 52 53 53 53 53 53 53 54 53 55 57 56 54 53 53 54 74 76 80 82 82 78 73 70 50 47 44 60 49 18 21 30 33 87 94 46 67 68 26 74 106 61 10 4 12 2 0 0 5 5 5 14 29 29 20 16 3 8 18 26 23 27 17 19 18 26 54 37 15 58 29 63 110 63 36 61
17 11 16 14 18 21 15 17 13 25 38 27 6 5 12 4 12 18 32 18 8 7 1 17 57 56 24 57 101 95 28 19 38 55 43 37 39 35 41 41 87 68 25 30 25 57 102 85 66 47 39 40 51 75 81 64 46 45 46 51 56 59 58 55 55 55 55 54 53 53 53 53 50 50 49 49 48 47 46 46 41 41 41 41 41 42 42 42 33 34 36 39 40 40 40 39 41 39 37 36 35 36 37 38 36 36 37 39 40 41 42 43 40 39 39 39 40 39 36 34 32 35 40 43 44 44 44 45 39 39 41 42 43 45 46 46 51 51 51 51 51 51 51 51 47 47 47 47 47 46 46 46 49 49 49 50 50 50 51 51 52 52 52 53 53 54 54 54 57 55 52 52 53 54 54 53 59 62 67 72 75 75 74 73 52 48 44 61 50 18 21 29 26 73 108 68 63 74 35 39 95 75 16 4 13 1 1 1 6 6 5 10 24 28 22 15 3 7 16 25 24 28 14 13 29 15 46 31 8 48 35 41 109 69 34 73
16 12 18 16 18 12 10 10 7 22 40 22 1 6 19 4 4 21 30 14 6 6 9 33 131 85 29 83 102 91 36 11 17 34 16 64 95 112 89 78 17 48 80 90 48 59 86 87 65 43 40 42 54 79 78 58 53 45 38 41 50 57 55 50 54 55 56 55 53 52 52 53 49 48 48 47 46 45 44 44 37 37 36 35 33 32 31 31 33 35 39 42 44 43 41 40 41 40 38 37 37 39 42 43 46 46 47 47 48 49 49 50 50 48 45 44 44 47 49 50 47 48 50 50 48 46 45 44 49 49 49 50 50 51 51 51 47 47 48 48 49 50 50 50 51 50 49 48 47 46 46 45 48 48 49 49 49 50 50 50 51 52 52 53 53 54 54 55 60 57 53 53 55 55 53 51 50 51 54 58 63 69 74 76 54 50 45 61 51 19 20 28 32 58 104 74 57 82 52 26 74 85 23 5 13 1 3 4 6 7 5 7 19 29 25 16 7 8 14 23 25 29 14 11 40 20 44 31 13 34 40 27 93 79 34 79
19 19 22 21 21 7 9 7 10 25 37 14 2 9 26 19 9 27 25 9 9 9 12 33 97 57 50 84 91 90 50 16 16 22 70 126 120 124 117 120 94 20 40 111 23 62 107 71 66 41 40 45 57 81 76 52 48 46 42 37 34 34 38 41 47 49 49 48 45 44 45 46 41 40 39 38 37 36 35 35 28 29 29 30 31 33 33 34 39 41 43 44 45 44 42 41 44 43 40 39 40 42 45 47 53 53 53 53 53 53 53 53 52 51 49 48 48 51 55 58 55 55 55 56 55 54 52 51 51 50 49 47 46 44 43 42 43 44 44 46 47 48 48 49 51 51 50 50 49 48 48 47 47 48 48 48 48 49 49 49 51 51 52 53 53 54 55 55 57 57 58 58 57 55 52 50 51 49 47 47 52 62 71 78 56 51 45 62 51 20 20 27 23 50 102 75 54 76 54 40 52 91 29 7 13 2 6 6 6 7 6 6 18 33 32 21 12 9 13 21 24 30 15 11 36 26 31 27 24 25 42 22 73 90 36 80
24 25 27 26 25 5 10 7 11 26 30 5 2 8 26 32 28 39 21 5 11 9 6 16 47 95 82 80 109 81 59 22 19 46 123 132 116 114 113 110 121 96 11 75 31 75 95 69 66 40 41 46 58 82 75 49 43 39 36 35 37 37 34 31 38 40 41 39 36 35 35 37 31 31 30 29 27 26 25 25 35 35 36 36 37 38 39 39 46 46 46 45 44 43 42 42 47 45 43 41 41 44 47 49 55 54 54 53 53 52 52 51 47 48 49 50 51 53 54 55 52 53 54 57 59 60 61 60 64 62 59 56 52 49 46 45 41 41 42 43 45 46 47 48 51 51 51 50 50 50 50 50 47 47 47 48 48 48 49 49 51 51 52 53 53 54 55 55 51 54 56 56 55 55 57 60 56 51 45 42 46 57 70 78 57 51 46 62 52 20 20 26 24 52 84 46 43 77 56 49 37 94 33 9 12 2 9 8 6 8 6 6 19 36 37 26 15 11 12 19 23 31 16 12 17 18 6 14 27 21 41 21 59 97 38 79
19 17 41 38 10 15 30 26 11 30 25 5 4 10 7 2 37 36 18 18 10 0 7 0 62 105 77 98 100 86 79 9 16 94 124 111 119 119 120 122 120 101 51 2 36 79 97 70 61 39 40 49 63 83 72 46 48 38 41 51 49 43 41 40 40 40 40 40 39 39 38 38 36 36 35 35 37 39 42 44 51 43 34 32 36 41 42 41 46 47 47 45 42 41 41 41 41 47 44 42 51 55 54 55 61 54 54 59 59 55 58 67 63 55 57 63 63 64 63 56 58 54 57 66 70 65 58 56 63 60 59 60 62 62 57 52 49 48 46 45 46 47 49 50 48 48 48 49 50 51 51 52 48 48 48 47 47 46 46 46 45 47 50 53 54 54 54 53 54 54 54 55 55 55 55 56 55 45 34 46 50 55 77 79 56 40 46 59 59 17 18 27 29 33 80 47 11 73 63 43 76 51 49 8 12 9 5 5 1 0 0 5 10 28 38 18 4 8 8 13 27 29 18 13 29 36 11 36 62 41 16 35 37 95 42 79
18 11 29 27 8 16 26 19 21 33 23 5 6 7 3 6 39 35 13 6 5 1 31 73 25 68 75 103 87 52 43 12 40 110 117 111 117 118 70 64 111 116 81 12 39 91 95 57 57 39 41 51 66 82 69 45 47 38 42 51 50 45 43 43 43 42 42 42 41 41 40 40 39 39 39 40 42 43 45 46 49 45 40 39 42 44 43 41 43 41 38 35 34 36 41 47 46 50 54 54 56 59 62 64 58 62 64 61 57 56 58 60 63 59 58 59 59 60 60 55 57 56 54 53 55 58 58 57 63 60 57 59 62 62 58 54 52 51 50 48 47 46 46 46 47 48 48 49 49 50 50 50 48 48 48 48 47 47 47 47 46 47 50 52 53 54 53 53 54 54 54 54 55 55 55 55 55 46 34 45 50 54 76 80 57 40 45 58 58 17 18 27 29 35 71 42 10 66 68 43 73 56 41 13 12 7 0 0 2 1 0 5 10 26 37 20 4 9 12 13 25 31 20 14 22 32 29 45 57 44 21 39 35 86 41 73
16 7 19 17 7 16 20 11 28 30 13 7 18 12 1 8 41 30 10 1 7 6 38 116 22 49 81 103 69 25 11 24 26 82 116 120 114 77 44 12 92 108 94 23 47 95 89 64 52 38 43 54 69 81 65 44 45 39 43 52 51 48 47 47 46 46 45 45 44 43 43 42 42 43 45 46 47 48 48 48 49 46 41 38 37 39 42 45 32 30 29 35 45 54 57 56 55 55 59 60 54 50 49 47 49 61 66 59 50 50 51 49 64 69 70 60 49 43 48 56 55 58 54 44 42 50 57 58 58 55 52 52 56 58 56 53 53 53 52 52 50 48 47 46 47 47 47 48 48 48 49 49 49 49 49 49 49 49 49 49 47 48 50 51 52 52 52 52 53 53 53 54 54 54 55 55 54 47 34 44 49 52 75 81 58 40 43 57 58 17 18 26 29 28 31 35 42 43 23 19 54 52 21 15 14 12 4 1 3 2 0 6 10 22 34 23 4 7 13 9 17 30 20 14 19 21 33 43 51 53 30 29 31 71 40 65
14 10 20 17 10 15 13 8 30 21 2 9 31 22 3 11 42 21 10 3 9 4 13 77 40 49 80 91 82 71 26 15 3 35 110 117 106 29 96 70 97 103 92 26 54 94 79 73 45 37 44 56 72 79 60 43 44 40 45 53 52 50 51 50 49 49 48 47 46 45 45 44 44 45 47 49 50 49 48 47 47 40 33 34 39 40 33 26 34 42 49 53 61 67 62 50 53 54 56 60 58 46 36 36 59 66 72 71 62 55 58 64 73 73 72 70 63 55 61 76 68 69 67 61 58 62 66 67 59 55 51 52 56 59 58 56 51 52 53 54 54 53 51 50 48 48 48 47 47 47 47 47 48 48 48 49 49 50 50 50 48 48 49 50 51 51 51 51 52 53 53 53 54 54 54 54 53 48 35 43 47 49 73 82 59 39 41 54 57 18 17 25 21 19 57 74 25 9 49 43 44 56 10 15 13 13 6 4 5 3 1 6 9 18 31 27 10 10 17 7 11 30 27 21 24 14 21 33 46 62 46 17 27 53 39 58
12 18 29 23 15 14 10 12 32 19 1 9 29 19 6 19 39 12 10 4 2 7 11 38 56 66 95 86 85 97 40 11 62 79 119 111 100 11 96 122 119 111 84 20 61 99 71 63 39 36 45 58 75 76 55 43 43 41 47 53 52 51 53 51 50 50 49 48 47 46 45 44 44 45 47 48 48 47 46 45 42 39 35 32 30 31 34 37 52 66 71 63 58 60 52 39 41 53 60 69 72 55 47 60 67 62 68 77 72 58 62 79 88 65 54 67 77 70 65 69 77 68 65 71 79 76 66 57 67 62 59 59 63 66 66 64 54 55 56 57 56 55 53 52 49 49 48 48 47 47 46 46 47 47 48 48 49 50 51 51 49 49 49 49 49 49 50 50 52 52 52 52 53 53 53 54 52 50 36 42 45 47 71 83 60 38 38 52 57 18 17 23 21 29 39 34 22 44 96 61 51 72 19 14 9 5 0 0 7 5 1 7 8 13 28 32 18 16 20 10 9 29 35 29 22 13 15 25 36 54 58 22 23 38 38 54
12 23 32 24 20 17 10 17 37 23 7 6 12 7 10 31 31 6 9 5 0 31 63 69 83 72 89 93 90 83 25 7 78 113 110 115 119 53 42 101 108 93 57 16 76 101 68 60 35 37 46 59 76 73 50 44 42 42 49 53 50 51 53 50 50 49 48 47 46 44 43 43 45 45 45 46 45 45 44 43 39 38 34 30 30 40 55 68 60 57 51 47 55 65 62 51 45 59 72 79 72 52 52 76 60 49 51 65 65 52 54 68 81 52 45 62 69 61 54 52 74 58 50 63 78 74 55 40 67 64 61 61 65 67 65 62 61 61 60 59 57 54 52 51 51 51 50 49 48 47 47 46 44 45 46 47 48 50 50 51 50 50 48 48 47 48 48 49 51 51 52 52 52 53 53 53 51 51 36 41 44 44 69 85 62 38 36 50 56 19 17 22 16 42 16 8 63 63 73 66 48 78 35 12 12 5 1 6 8 6 2 7 7 8 25 36 15 13 15 12 6 21 36 26 7 9 15 18 18 30 55 37 21 28 38 52
15 23 23 15 21 23 13 20 38 23 7 1 1 5 18 35 22 6 8 9 3 53 112 105 83 76 95 112 91 53 12 16 77 118 114 123 119 72 5 25 56 70 47 25 86 98 69 61 33 37 46 59 76 70 47 46 41 43 50 52 48 49 51 48 48 47 46 45 43 42 41 40 46 46 45 43 43 43 43 43 42 37 35 43 57 65 64 60 62 43 32 44 63 71 69 66 60 58 70 78 58 42 53 72 58 53 52 58 62 59 54 52 54 41 51 67 63 60 65 63 70 61 54 57 63 62 53 45 63 60 58 59 62 62 59 55 65 64 62 59 57 55 54 54 54 53 52 51 50 48 48 47 42 43 44 45 47 49 50 50 51 50 48 47 46 46 47 48 51 51 51 51 52 52 52 52 50 52 37 40 43 42 67 86 63 37 34 48 56 19 17 22 33 26 34 58 89 50 60 65 39 78 54 10 19 9 6 17 9 7 2 8 7 5 23 39 10 10 12 18 9 16 35 22 5 5 16 12 14 25 51 51 21 22 37 50
18 20 12 5 21 27 16 21 37 17 1 0 1 12 25 32 19 9 6 10 5 54 118 99 102 103 104 104 77 46 17 10 80 100 118 114 93 66 45 14 16 75 70 38 86 95 72 51 32 37 46 58 76 69 46 48 41 43 50 52 47 48 50 46 47 46 45 44 42 40 39 39 48 47 44 43 42 42 43 44 46 53 61 63 59 55 53 54 72 54 51 66 69 55 52 64 66 45 56 70 50 44 64 73 58 62 60 56 62 69 58 38 42 35 53 66 59 63 71 60 59 64 62 50 41 43 50 54 63 61 59 60 63 62 57 52 64 62 60 58 57 58 59 59 55 55 53 52 51 49 48 48 41 41 43 44 46 48 49 50 52 50 48 46 45 46 47 48 50 51 51 51 51 52 52 52 50 52 37 39 42 41 67 86 63 37 33 47 56 19 17 21 29 16 20 44 90 52 49 54 44 85 73 13 22 6 0 11 10 8 3 8 6 3 22 41 12 15 18 31 20 19 41 24 20 8 18 13 26 41 55 61 21 19 37 50
18 15 14 13 11 12 17 23 36 31 7 14 30 46 74 74 33 38 20 0 25 85 116 108 112 109 99 75 67 70 16 14 76 119 111 91 51 121 112 82 9 73 63 39 84 100 64 52 27 38 41 59 71 54 45 51 42 45 47 48 46 45 46 46 44 43 41 39 39 39 40 40 39 47 46 40 41 44 46 48 61 69 67 56 38 47 53 67 70 59 36 70 50 51 50 57 67 59 52 42 35 45 62 69 59 70 72 56 69 61 61 60 59 48 54 61 57 64 70 59 66 61 63 48 45 47 60 56 67 63 66 57 56 63 55 51 52 51 54 59 60 57 56 60 56 54 56 54 47 48 52 52 44 43 42 41 42 44 46 48 44 46 47 46 45 44 45 47 48 48 49 49 50 51 51 51 47 52 38 41 44 34 54 90 63 52 37 40 58 22 14 23 29 27 27 43 75 80 26 15 38 57 93 32 13 22 2 0 11 13 13 9 6 8 18 27 28 25 29 29 7 8 29 20 12 16 16 11 22 51 42 51 40 22 20 36
32 13 16 27 16 10 15 14 5 44 40 30 56 102 114 68 76 76 59 33 25 47 75 89 89 71 59 69 97 76 31 14 60 108 116 89 28 65 69 115 52 36 21 50 96 93 57 40 25 37 42 62 72 54 44 48 42 44 47 48 46 45 45 46 43 42 41 39 38 39 39 40 40 45 41 34 38 46 52 58 61 60 59 63 50 54 51 65 71 55 43 79 55 58 63 59 66 61 58 52 45 51 64 69 59 69 72 56 69 61 61 60 60 49 55 62 58 65 71 60 68 63 63 50 49 50 61 57 66 64 65 58 57 62 55 52 54 54 56 59 60 58 57 58 55 54 58 59 54 52 53 50 45 44 43 42 42 43 44 45 44 46 47 46 44 44 45 47 48 48 48 49 50 50 51 51 47 51 37 41 46 37 54 87 62 48 42 44 56 22 13 19 22 25 23 29 67 84 63 42 32 65 84 41 18 17 12 6 5 8 9 6 4 8 19 29 39 15 7 14 10 17 29 20 13 23 30 23 19 40 30 23 26 19 24 35
31 18 7 11 17 14 17 31 24 32 37 70 111 128 114 75 69 78 86 84 68 46 27 17 21 63 100 111 106 39 40 47 36 119 113 93 24 11 52 102 83 25 27 81 97 79 58 40 23 35 44 66 74 54 42 42 41 44 47 47 46 45 45 46 43 42 40 38 38 38 39 39 39 41 36 32 39 49 58 67 52 54 57 66 54 60 50 62 60 42 44 82 60 64 75 61 65 64 66 64 59 59 65 68 60 69 73 57 68 61 62 59 62 51 57 64 60 67 72 61 70 64 62 53 53 55 62 58 66 65 65 59 59 61 55 54 57 58 59 58 59 60 58 56 57 53 56 58 55 55 55 50 47 46 45 43 42 41 42 42 43 45 46 45 44 43 44 46 47 47 48 49 49 50 50 51 48 49 37 40 49 42 53 82 69 47 40 39 55 24 11 24 17 21 32 43 74 85 90 70 24 76 52 22 16 6 0 3 1 4 6 4 2 7 19 29 51 12 0 10 18 25 30 35 6 17 29 27 20 42 50 44 11 14 24 31
25 13 9 7 2 11 28 33 42 44 77 131 139 96 62 56 62 74 85 86 82 75 65 55 29 57 81 95 98 39 54 64 16 100 117 104 67 60 100 99 86 63 83 100 73 54 51 33 23 33 46 69 73 53 41 36 41 43 46 47 45 44 44 45 42 41 39 37 37 37 38 38 36 38 34 35 45 54 60 67 44 54 62 61 47 60 52 63 43 31 40 73 64 65 79 63 65 66 70 71 67 64 66 70 60 68 73 58 67 61 63 59 64 53 58 65 61 67 73 62 69 64 59 55 56 58 60 57 65 66 64 60 61 60 56 57 60 62 61 58 59 62 60 55 58 51 50 51 50 53 55 51 50 49 47 45 43 41 40 39 42 44 45 44 43 42 43 45 47 47 47 48 49 49 50 50 48 47 36 40 52 47 53 78 71 46 36 33 57 31 8 15 34 31 31 29 56 84 74 27 37 66 41 29 13 18 9 13 3 6 7 4 1 5 16 25 48 14 3 11 17 14 15 37 17 16 15 13 6 17 41 56 21 17 21 28
15 10 14 15 8 16 35 43 72 111 137 116 81 65 58 57 57 65 70 73 80 85 77 63 66 44 29 43 59 37 59 90 41 52 124 111 103 118 111 95 94 92 89 67 41 42 44 27 25 31 46 71 71 51 41 33 40 43 45 46 44 43 43 44 41 40 38 36 36 36 37 37 39 38 34 38 49 56 59 65 53 56 65 57 50 64 58 69 43 41 46 65 72 67 79 66 66 68 70 72 70 64 65 72 61 67 73 58 66 60 64 58 65 53 59 65 61 67 73 61 66 63 57 57 58 59 57 57 64 68 63 61 63 59 56 60 64 65 62 59 60 64 62 56 54 48 47 48 48 51 53 49 53 52 50 48 45 42 40 38 41 43 44 43 42 41 42 44 46 46 47 47 48 49 49 49 48 46 37 38 52 51 52 75 63 38 39 36 58 52 30 5 23 23 39 38 24 35 29 30 83 95 92 80 28 28 6 11 9 11 10 5 0 2 12 20 47 23 10 13 23 15 8 33 21 13 9 16 17 9 30 65 48 28 20 27
11 6 6 19 35 49 75 104 126 126 105 58 53 89 94 83 64 57 51 53 60 64 61 56 57 50 49 47 39 31 46 85 72 31 90 113 107 96 88 78 77 67 48 41 57 69 53 29 30 31 46 70 66 48 41 32 39 42 45 45 44 43 43 44 40 39 37 35 35 35 36 36 43 40 34 39 51 56 57 63 67 52 65 58 66 70 65 75 60 62 60 62 80 68 80 71 68 68 69 71 70 63 64 75 61 66 73 59 66 60 65 58 65 53 59 65 60 67 72 60 63 63 57 60 59 59 54 59 64 69 62 63 66 57 56 62 67 65 62 60 62 65 63 59 49 46 50 53 52 53 53 49 55 54 53 51 48 44 41 40 40 42 43 42 41 40 41 43 45 46 46 47 47 48 49 49 48 46 38 37 51 52 52 75 61 35 45 42 53 75 81 38 26 24 36 43 45 60 32 27 49 68 89 92 29 22 4 18 11 12 11 5 0 0 9 17 45 32 10 9 31 30 19 35 4 0 9 23 33 18 25 57 53 28 17 26
31 12 24 55 74 97 121 128 113 75 63 68 93 106 82 72 86 82 74 65 54 49 55 65 53 51 54 50 58 59 42 36 55 30 39 97 95 74 82 68 43 42 48 68 87 81 52 26 34 32 45 67 61 45 43 33 39 41 44 45 43 42 42 43 39 38 36 35 34 34 35 36 42 39 36 44 57 59 55 58 62 45 69 58 77 74 69 74 72 71 66 56 79 65 83 73 68 69 69 72 72 64 64 76 62 65 73 60 65 60 65 57 64 53 58 64 59 65 71 59 62 65 60 65 62 60 54 63 63 71 62 64 67 56 57 64 70 64 60 61 65 66 64 64 52 52 57 60 56 57 59 56 56 56 56 54 51 47 44 42 39 41 42 42 40 39 40 42 45 45 46 46 47 48 48 48 48 47 40 35 48 53 52 77 69 42 44 41 47 66 100 84 44 31 31 42 44 27 17 47 66 59 70 93 22 14 22 6 7 8 7 2 0 0 8 17 41 48 18 0 18 20 17 33 25 19 32 28 31 22 19 29 32 18 16 24
50 51 67 99 127 131 111 90 57 56 89 102 93 70 41 52 60 69 81 86 81 68 51 40 42 37 40 35 47 48 42 42 39 34 27 66 66 75 52 36 43 58 83 90 69 48 38 31 37 32 45 66 58 44 43 34 39 41 44 44 43 42 42 43 39 37 36 34 34 34 35 35 37 36 38 51 65 62 53 52 44 40 77 56 77 73 70 68 71 67 63 48 72 61 85 74 68 70 70 74 75 65 64 76 62 65 73 60 65 60 66 57 64 52 57 63 58 65 70 58 62 67 62 69 64 62 55 66 63 71 61 64 68 56 57 65 71 63 58 62 67 66 65 66 59 58 62 62 57 60 66 67 57 57 57 56 53 49 46 44 39 41 42 41 40 39 40 42 45 45 45 46 47 47 48 48 48 47 41 34 47 52 52 78 75 50 38 39 45 35 72 96 97 71 38 26 36 19 45 97 97 77 40 71 28 17 34 3 1 3 3 0 0 0 9 18 53 79 45 6 4 1 9 32 31 21 31 8 5 16 18 13 14 13 20 25
75 104 132 134 114 87 63 48 83 94 90 65 38 29 34 42 37 42 51 61 69 74 77 78 36 27 20 25 36 39 36 35 37 34 45 62 57 40 43 61 79 81 75 57 37 29 38 50 51 47 54 62 57 47 41 35 41 42 43 43 42 40 38 36 37 36 36 36 35 35 35 34 31 40 49 50 51 54 58 60 49 43 64 66 68 77 65 66 67 63 74 63 67 68 73 81 67 70 71 73 70 71 61 73 69 60 74 68 66 62 62 54 59 53 55 66 61 69 68 60 68 59 59 67 67 58 58 66 70 69 63 69 65 55 64 71 66 63 63 64 68 60 68 56 58 59 62 60 62 56 68 55 52 51 52 53 54 52 47 43 37 39 46 46 40 40 41 38 43 44 44 45 46 47 47 48 43 45 42 35 44 51 52 69 73 46 39 41 44 31 24 55 95 94 67 50 25 35 80 69 50 79 17 79 26 15 68 30 5 0 0 0 5 23 54 80 95 113 120 77 12 0 20 40 37 19 16 19 13 13 17 12 30 18 27 16
128 129 117 89 63 58 70 81 82 76 58 38 30 34 37 35 30 32 35 40 46 52 57 60 71 58 38 22 19 25 34 39 49 46 36 27 35 54 68 71 76 61 42 33 35 43 48 50 59 55 60 64 55 45 38 33 43 42 41 40 39 39 38 38 38 36 34 33 31 31 31 32 28 38 47 51 54 59 63 63 53 48 63 67 70 76 67 64 67 65 73 65 66 69 72 81 67 69 69 71 68 69 60 71 67 58 71 67 63 60 60 53 61 55 57 67 62 70 69 61 69 61 61 69 68 60 59 68 68 67 63 68 63 53 63 71 64 61 62 63 66 58 66 55 58 59 62 61 60 59 64 55 52 52 52 53 54 52 47 43 37 37 42 42 38 39 43 41 43 43 44 45 45 46 47 47 43 45 42 35 43 50 52 68 71 48 38 39 61 67 38 28 46 78 85 75 45 45 75 57 9 17 27 76 19 35 73 64 4 9 21 41 67 89 99 102 101 88 108 139 108 35 13 46 41 17 12 17 9 9 24 34 9 27 47 19
124 104 77 62 67 81 89 90 58 49 36 25 27 37 39 32 27 25 23 23 25 30 35 39 50 55 56 46 28 17 19 24 29 31 34 44 62 73 62 44 40 37 33 32 36 45 55 61 68 66 69 67 53 42 37 33 43 42 40 38 37 38 40 41 38 37 36 35 33 30 29 28 27 36 46 53 60 66 68 66 58 55 61 69 72 74 70 62 67 68 71 69 64 70 71 80 67 67 67 70 67 68 58 67 68 59 71 67 62 61 61 54 63 56 58 67 62 71 70 62 70 62 62 69 69 61 61 68 65 66 64 67 60 53 62 72 62 60 61 62 63 58 63 54 59 60 63 62 57 63 59 56 53 53 53 54 55 52 48 44 39 37 39 40 37 38 42 40 42 43 43 44 44 45 45 46 43 44 41 35 42 49 51 66 72 51 37 27 46 69 58 51 23 36 55 84 76 61 77 72 41 26 66 63 24 63 58 78 34 55 80 98 110 112 103 91 81 62 62 100 141 138 93 51 16 18 8 13 28 15 11 41 13 28 54 32
82 76 75 85 98 95 73 51 34 32 30 30 36 47 47 37 28 26 24 22 21 22 24 25 28 28 38 50 52 46 39 31 25 36 52 65 66 53 33 20 23 28 33 37 42 52 66 77 71 69 71 66 51 43 42 40 41 40 39 39 39 40 42 43 37 38 39 39 36 32 28 26 29 38 48 56 65 71 70 66 61 60 59 69 73 73 75 63 66 70 69 72 63 70 70 77 70 66 66 70 66 68 58 64 70 61 71 69 62 64 63 57 62 55 55 65 59 68 68 61 67 61 61 66 66 60 59 65 63 65 66 66 59 55 63 73 62 60 62 64 61 59 62 56 60 61 63 63 55 66 55 57 55 54 54 55 55 53 48 44 43 37 38 41 38 38 39 37 42 42 42 42 43 43 44 44 43 42 41 35 40 48 51 64 76 47 33 21 23 41 55 79 57 33 24 53 70 68 75 70 86 79 92 38 32 74 44 80 75 91 105 104 92 79 70 64 61 67 65 55 78 134 145 107 41 28 16 18 19 6 13 42 32 15 28 41
75 88 102 100 80 55 36 28 34 32 36 43 52 64 61 44 26 27 28 28 26 23 20 18 23 23 28 33 41 55 59 48 43 60 65 47 29 26 28 27 31 31 37 51 67 77 76 72 73 71 70 62 48 44 46 44 38 40 41 43 43 43 43 42 38 37 37 35 34 32 30 30 36 44 53 60 67 72 70 66 61 61 58 69 72 72 78 67 65 71 67 72 63 67 68 74 72 66 65 70 66 69 58 61 67 59 66 66 58 62 60 56 59 52 51 60 54 63 63 57 62 57 57 61 61 56 56 60 63 64 67 64 59 58 64 74 63 61 65 66 61 62 61 59 61 63 64 62 56 65 53 56 57 56 56 57 56 54 49 45 39 32 33 40 41 40 40 38 41 41 41 41 41 42 42 42 43 41 40 34 38 46 50 62 76 34 26 29 27 28 32 54 68 62 41 25 33 58 67 53 63 73 70 30 40 67 56 81 78 74 70 69 66 65 68 73 90 85 100 101 66 51 91 137 132 77 23 4 8 15 20 23 49 29 17 38
100 97 88 70 46 29 28 34 39 46 61 69 68 71 65 48 23 26 29 31 30 26 22 19 20 21 21 23 49 92 99 70 50 54 48 34 30 38 43 39 36 48 64 76 81 79 75 72 82 78 71 58 43 39 41 37 42 43 45 46 46 44 42 41 38 36 32 30 30 32 36 38 44 52 60 64 67 70 69 66 61 62 60 68 69 69 77 69 63 69 67 69 64 62 67 69 73 63 63 68 64 67 56 56 60 52 58 60 49 56 54 51 57 49 48 56 49 59 60 53 57 54 54 57 56 53 53 56 61 61 64 60 58 61 64 72 63 61 66 68 59 64 60 60 61 65 64 61 59 62 54 54 58 57 57 58 57 54 49 45 34 23 24 34 38 40 42 41 40 40 40 40 40 40 40 40 43 40 40 34 36 45 50 60 68 26 22 28 28 30 24 30 43 59 63 43 27 30 41 53 44 44 46 53 56 60 66 55 53 49 52 63 74 80 88 96 101 79 84 116 117 80 62 77 125 124 91 39 10 9 11 6 33 46 21 25
88 71 53 45 43 41 43 46 55 63 81 85 75 71 63 43 29 30 31 32 33 34 34 34 23 27 29 22 33 70 88 72 78 61 48 47 48 42 34 30 54 68 82 82 73 67 73 82 80 74 65 52 40 41 44 39 52 51 50 48 45 43 40 39 36 36 35 35 37 40 43 45 49 58 65 66 66 68 69 68 63 63 64 68 65 66 73 70 61 67 66 66 64 57 66 64 71 59 58 64 59 64 53 50 56 48 52 56 43 53 49 48 56 47 46 53 47 57 58 52 55 53 53 54 54 52 52 53 59 56 59 55 55 62 61 67 61 59 65 67 56 63 57 60 61 67 64 59 63 57 56 53 59 58 58 58 58 55 50 45 35 19 15 24 29 32 37 39 39 39 39 39 39 39 39 39 43 38 40 34 35 44 49 59 61 27 28 27 22 31 31 30 34 37 56 65 52 23 12 38 47 40 44 65 61 55 55 38 46 55 68 78 81 80 81 82 63 58 56 76 112 126 97 59 57 103 145 119 44 7 17 28 33 49 27 29
32 34 41 50 54 55 61 69 83 76 79 79 74 74 63 36 38 37 35 35 38 42 47 50 44 37 34 27 23 41 60 57 56 51 52 59 56 48 51 62 74 73 74 77 79 77 71 66 64 59 53 45 41 50 57 54 61 58 53 48 43 40 39 38 34 37 42 47 50 51 50 49 52 60 67 67 65 67 70 71 64 64 67 67 62 63 69 70 60 65 66 63 65 54 65 62 69 56 55 61 56 61 50 45 55 48 52 56 42 53 49 48 56 48 46 53 47 56 58 51 55 53 53 54 54 52 52 53 57 52 55 50 53 62 59 63 60 58 63 66 54 62 54 58 61 69 64 57 65 54 58 51 60 59 59 59 58 55 50 46 41 20 11 16 20 23 30 33 39 39 39 39 38 38 38 38 43 38 39 34 34 43 49 58 59 30 37 36 27 35 31 24 30 23 37 55 69 52 15 11 29 40 46 48 48 48 43 56 60 69 75 72 68 64 58 50 47 45 52 56 62 90 116 118 74 57 77 126 130 74 37 46 42 29 18 41
30 42 56 64 68 73 82 91 73 82 82 74 74 76 61 39 36 36 38 40 42 44 45 46 41 38 39 33 27 44 60 55 60 40 46 61 62 71 78 65 82 76 75 75 75 79 74 59 37 40 44 49 62 75 78 73 53 51 48 44 41 38 35 34 54 54 54 53 52 52 52 51 56 74 74 62 63 68 69 73 62 65 68 68 68 69 71 74 63 62 63 64 58 50 49 54 58 55 53 54 57 56 51 46 52 52 52 53 53 54 54 54 60 57 54 53 54 55 55 54 53 54 55 54 52 51 51 53 57 55 53 54 57 59 58 57 54 55 56 54 52 53 56 59 63 63 62 61 59 58 57 57 57 58 60 59 55 50 49 50 50 25 18 23 21 20 22 16 30 36 43 46 44 40 38 37 39 38 36 35 37 41 46 49 48 39 34 38 40 35 31 30 35 29 27 35 48 53 47 39 22 24 28 37 48 56 61 62 71 66 58 51 46 46 48 50 44 46 47 45 47 58 77 92 124 93 58 56 96 130 113 74 22 34 33 34
55 61 69 74 77 81 86 90 81 83 77 69 71 75 61 40 36 37 39 41 43 46 47 48 51 45 44 42 42 58 67 56 41 36 40 55 64 63 67 76 70 78 77 73 72 61 46 40 39 49 64 79 89 88 71 53 48 48 46 40 36 40 52 63 56 56 56 55 55 54 54 54 50 67 73 66 64 67 69 69 66 67 69 68 67 66 67 69 62 60 61 62 59 52 50 53 56 53 51 53 56 55 50 46 49 49 50 51 51 52 53 53 60 57 54 53 55 55 55 54 58 59 60 59 57 57 58 59 56 54 53 54 57 58 57 56 54 55 55 54 53 53 56 58 62 61 61 60 59 58 58 57 59 59 60 58 55 51 50 51 52 29 22 26 23 22 23 17 26 28 33 37 41 42 40 39 38 37 35 34 35 38 41 44 44 37 33 36 38 35 34 35 29 32 35 36 37 40 47 53 29 30 34 42 51 58 62 63 57 55 52 49 47 46 46 46 40 43 45 44 43 49 61 72 79 110 116 81 54 71 113 142 92 47 35 46
66 69 74 80 84 85 85 84 81 79 73 70 75 74 53 26 36 37 39 42 44 47 49 50 56 53 52 46 44 65 90 95 44 37 40 76 101 71 51 77 71 74 68 59 51 39 33 39 66 81 93 89 75 61 53 49 47 40 36 45 61 70 68 61 60 60 60 59 59 59 58 58 47 59 72 72 65 66 69 66 70 71 70 68 64 62 61 62 62 58 57 59 59 56 52 51 55 52 51 52 54 54 51 47 50 50 51 53 54 55 56 57 63 60 57 56 57 58 58 57 58 60 61 60 58 57 58 59 55 54 53 54 56 57 56 54 54 55 54 53 53 53 56 58 58 58 58 58 58 58 59 59 61 61 60 57 54 52 52 52 51 32 26 29 26 24 25 19 22 21 22 27 34 39 41 40 38 36 34 32 31 32 33 35 40 36 35 37 37 36 36 38 28 30 30 28 27 30 37 43 42 42 43 47 51 54 55 55 49 48 47 46 45 44 44 44 46 47 47 43 39 40 47 54 61 68 96 120 100 62 68 105 133 123 88 52
77 80 85 90 92 90 85 82 66 79 85 75 59 46 36 29 35 36 38 40 43 46 48 49 55 52 52 49 45 49 50 41 49 50 60 102 129 86 47 65 68 52 43 40 35 44 63 74 93 89 79 64 51 45 46 48 37 49 65 75 75 72 68 66 65 65 65 65 65 64 64 64 52 57 72 76 65 65 70 64 73 72 70 66 62 58 56 55 61 57 55 57 60 60 55 51 55 54 52 53 55 55 53 51 51 52 53 54 56 57 58 59 63 61 58 57 58 59 58 57 62 63 63 62 59 57 58 59 54 54 55 55 56 56 55 54 54 54 53 53 53 54 55 57 55 56 56 57 58 58 59 59 62 62 60 55 52 53 53 52 45 32 28 30 28 27 27 23 21 19 18 20 25 31 36 38 37 36 33 30 27 25 24 23 32 35 38 41 41 38 36 35 32 30 27 25 24 24 24 24 43 43 43 44 45 46 46 46 46 46 45 45 47 51 54 57 63 60 55 47 41 40 44 49 51 50 60 85 112 112 80 46 74 123 133 111
90 91 93 92 88 83 79 77 72 75 71 55 37 27 28 33 33 34 36 38 40 43 44 45 60 57 55 51 46 45 42 34 38 48 49 55 67 59 49 59 47 31 28 39 52 72 92 100 93 76 58 51 53 52 45 37 68 72 77 80 81 76 70 65 70 70 70 70 70 71 71 71 63 59 71 77 66 65 70 65 72 70 67 64 60 57 54 52 60 57 55 57 62 63 59 53 57 56 55 55 57 58 57 56 52 52 53 55 56 57 58 59 64 62 59 58 59 60 59 58 62 63 62 60 56 54 54 55 53 55 57 58 57 56 54 54 55 54 52 52 53 54 55 56 53 54 54 55 56 57 58 58 61 62 59 53 51 54 54 50 36 29 28 30 30 30 29 27 25 24 22 20 19 22 27 32 35 34 32 29 24 20 17 14 19 27 36 42 44 43 39 36 36 35 32 28 24 22 22 22 29 31 33 36 39 41 44 46 42 44 48 53 60 66 72 75 74 71 65 57 51 48 48 49 43 54 55 50 68 99 110 101 67 58 94 139
94 92 88 84 79 76 74 73 77 59 40 32 31 31 29 27 34 35 36 37 39 40 41 42 45 51 58 59 53 47 45 43 28 34 36 37 45 53 54 51 42 43 42 54 74 80 76 77 53 56 60 61 58 58 69 81 91 91 88 82 75 71 71 72 75 75 75 76 76 76 77 77 72 60 66 74 68 66 69 65 68 66 63 61 59 57 55 52 58 58 57 58 63 67 63 57 58 57 56 56 57 59 60 60 57 57 58 58 59 60 60 60 68 66 63 62 63 64 63 62 62 63 63 61 57 55 55 56 54 57 60 60 59 56 55 54 55 53 51 51 53 54 55 55 53 53 54 54 55 55 56 56 59 61 58 51 51 54 53 46 30 29 30 32 32 32 32 30 30 30 29 24 20 19 22 25 29 29 29 27 24 19 15 12 8 16 25 32 39 44 44 40 41 34 27 23 24 25 24 23 20 23 28 32 35 39 43 46 49 53 61 68 74 77 78 77 73 72 71 68 65 60 54 51 50 39 42 56 57 54 80 117 117 81 62 73
95 91 85 82 80 75 69 63 49 41 34 33 31 28 30 36 38 38 38 39 39 39 40 40 41 40 41 48 54 55 52 48 43 33 28 32 39 46 48 47 59 61 56 54 61 62 56 56 67 57 54 66 82 89 88 86 94 93 89 82 76 73 75 77 79 79 79 80 80 81 81 81 72 58 59 71 71 68 67 64 62 60 58 58 59 59 57 55 57 59 60 60 64 69 67 61 57 56 56 55 56 58 60 62 56 56 56 56 56 56 56 56 61 58 56 55 56 57 56 55 60 61 62 61 59 58 58 60 55 59 62 63 61 58 56 56 55 53 51 51 53 55 55 54 53 53 53 53 54 54 54 54 55 59 57 50 50 54 51 42 30 32 34 35 35 35 34 32 33 33 31 28 25 22 21 21 21 23 25 26 24 21 18 15 9 11 11 14 24 37 43 42 40 35 28 25 25 25 23 20 20 24 29 34 38 42 47 51 64 68 73 78 79 77 74 72 72 72 73 74 74 70 64 59 56 50 45 46 50 52 55 57 91 112 92 60
90 84 79 78 76 67 51 37 31 28 30 34 32 29 35 45 41 41 40 40 40 40 40 39 38 38 38 38 40 41 46 52 56 52 43 33 29 36 44 46 69 60 51 38 30 45 65 70 52 66 86 97 92 84 88 98 93 87 80 78 79 81 80 79 81 81 81 82 83 83 83 84 69 54 54 69 74 70 65 62 58 56 55 56 59 60 59 57 56 60 62 61 64 70 69 64 55 55 54 54 55 57 60 62 47 47 47 46 45 45 44 44 44 42 39 38 39 40 39 38 41 43 45 45 44 44 46 48 56 60 64 65 62 58 57 56 55 53 50 50 53 55 55 54 54 54 53 53 53 53 53 52 53 58 56 50 50 54 50 39 32 36 38 38 38 37 34 33 35 33 31 31 30 28 23 19 15 17 21 25 25 24 21 19 17 12 4 0 10 27 38 39 35 43 48 42 28 19 20 26 17 22 30 37 43 50 57 62 73 75 76 78 77 76 74 73 76 74 73 74 77 77 73 70 63 63 59 52 46 46 50 53 50 69 107 128
94 89 79 65 50 39 35 34 32 32 33 34 35 35 36 36 38 39 40 41 42 41 41 40 39 39 39 39 39 39 39 39 44 37 32 31 29 25 23 24 34 42 48 43 32 29 41 55 84 86 95 98 87 81 88 96 97 88 88 82 83 76 85 84 86 86 86 88 88 85 78 72 48 32 50 60 71 72 73 64 51 52 54 57 59 61 63 63 54 60 63 61 62 65 66 62 62 54 54 53 47 47 48 42 44 46 47 46 49 56 61 62 65 59 52 48 45 41 38 36 41 45 46 42 41 42 40 35 40 43 48 52 54 53 51 49 52 51 53 58 59 56 55 56 50 51 52 53 53 53 52 52 47 52 53 53 58 58 39 15 36 39 40 38 39 41 40 37 35 34 34 33 32 31 30 29 21 14 10 15 25 30 27 22 13 11 13 22 35 45 48 48 59 57 47 33 23 22 25 26 16 22 33 44 54 61 65 66 74 75 76 76 75 73 71 69 76 78 79 80 80 79 78 78 75 72 65 56 48 45 46 48 53 56 67 81
78 70 58 46 38 35 35 36 32 32 32 33 34 35 36 37 40 40 41 41 42 42 41 41 39 40 40 40 39 37 36 35 37 39 49 61 61 48 36 32 29 21 22 31 33 36 64 98 96 90 91 93 90 90 92 91 98 90 92 89 86 81 94 89 91 90 89 88 83 76 68 63 50 32 43 63 68 73 67 64 56 55 55 56 57 60 63 65 63 60 55 53 55 57 55 51 46 43 44 48 51 53 51 45 48 51 54 54 52 49 44 39 21 17 14 13 13 11 8 6 10 20 31 40 50 60 62 60 47 45 41 38 37 38 41 42 51 51 54 58 57 51 47 47 53 53 52 52 51 50 50 49 47 51 53 54 56 53 35 15 36 40 41 39 39 41 41 37 37 36 35 35 33 33 32 31 25 22 17 14 15 17 18 19 17 27 41 51 56 58 59 61 60 57 48 34 26 26 27 26 18 26 39 53 63 67 68 67 73 74 76 76 75 72 68 66 61 61 63 71 79 83 80 76 81 80 74 63 52 46 46 49 43 43 48 56
52 46 39 35 35 35 34 32 34 33 32 31 32 35 37 39 41 41 40 40 40 40 41 41 39 40 40 40 39 37 35 34 42 53 63 70 78 78 59 36 45 28 13 10 14 30 65 99 101 101 100 91 86 96 105 102 97 95 92 90 87 83 97 90 90 91 91 87 79 70 62 58 54 31 34 63 66 71 60 64 60 58 56 54 55 57 61 63 57 59 60 54 41 32 32 37 51 43 30 23 23 20 11 7 2 4 8 12 13 9 4 1 8 13 19 25 27 23 15 9 11 11 7 4 7 14 21 23 44 46 50 51 49 43 36 31 32 34 40 49 53 52 51 53 53 52 52 51 50 49 49 49 47 50 53 56 53 43 28 17 36 40 42 41 41 43 42 39 40 39 39 38 37 36 35 35 31 30 25 15 7 7 14 22 40 51 64 70 68 63 61 61 47 44 37 28 25 28 28 27 22 30 43 56 65 69 69 68 73 73 73 72 68 64 59 56 46 43 44 52 65 78 85 87 83 82 80 73 65 56 49 46 50 49 51 55
37 35 33 33 34 35 34 33 34 33 31 30 31 34 38 41 41 39 37 36 35 36 37 39 40 39 39 39 39 40 41 42 56 62 70 73 67 59 57 60 53 35 16 6 4 8 22 38 68 80 90 86 81 89 92 83 70 89 82 88 97 90 96 89 82 86 88 86 79 71 66 64 56 28 30 58 66 66 56 61 61 60 58 56 55 55 55 56 61 54 46 39 31 25 29 37 24 20 8 7 20 25 23 25 32 28 29 35 39 39 41 45 40 44 47 48 49 51 49 46 47 47 46 42 36 28 20 15 4 6 9 13 19 26 32 35 19 19 23 31 38 42 47 53 52 52 52 51 51 50 49 49 46 48 53 55 48 34 23 19 36 41 45 44 43 44 43 41 43 43 42 41 40 39 38 38 35 35 29 19 11 13 25 37 56 60 66 70 68 59 48 39 29 28 24 21 25 32 35 32 27 33 42 52 60 64 67 67 70 68 64 59 54 50 46 44 40 40 41 43 49 62 77 87 86 83 78 76 74 68 59 52 49 48 49 51
37 35 32 29 27 29 34 38 34 32 30 30 31 35 39 41 39 37 33 30 29 31 33 35 40 39 38 39 41 45 50 53 55 69 72 56 45 47 49 44 43 32 33 45 46 26 8 2 9 24 56 82 83 68 46 27 17 62 48 62 93 86 79 76 78 82 86 86 81 76 73 72 56 27 31 48 65 59 54 57 62 63 64 63 60 55 50 47 36 41 51 56 48 30 16 12 26 29 27 34 50 58 58 62 60 52 51 58 61 56 55 60 56 57 54 48 48 53 57 56 66 65 64 62 59 55 52 51 40 36 29 20 13 8 5 3 13 9 8 12 19 26 36 45 52 52 53 53 51 49 46 45 46 46 50 51 41 26 19 21 36 42 47 47 45 46 45 43 46 46 45 44 43 42 41 41 37 35 32 27 26 33 46 56 55 57 62 66 64 52 33 19 21 21 20 21 28 36 39 36 29 34 42 50 56 59 60 60 58 55 49 44 41 40 40 41 43 45 46 45 46 51 60 67 89 86 82 79 77 74 70 67 61 59 56 53
33 34 33 30 26 25 28 32 32 31 31 31 33 36 39 41 39 36 30 26 25 26 30 32 40 39 39 40 44 48 53 56 58 53 51 53 50 40 32 29 42 49 62 79 89 77 44 13 1 8 37 64 56 30 20 24 20 71 34 41 84 83 78 82 79 82 86 86 83 79 75 73 52 29 33 39 59 55 53 53 61 64 67 67 63 54 44 38 38 37 35 28 19 18 28 39 57 60 58 56 57 57 59 63 55 48 53 68 72 60 52 54 66 69 65 55 53 59 63 62 56 57 60 64 64 60 57 57 57 58 60 61 59 55 50 47 23 17 12 12 13 16 23 30 46 48 51 52 51 47 42 39 45 45 46 44 33 21 19 23 35 43 50 49 47 47 47 45 48 47 47 46 45 44 43 42 39 37 36 38 44 53 61 65 61 61 59 55 46 34 23 16 18 20 20 19 23 28 29 27 28 34 43 51 55 54 50 48 42 39 36 35 36 39 43 45 48 45 41 41 45 50 55 58 74 81 88 88 83 77 74 74 70 69 63 55
30 31 32 31 29 27 25 25 30 30 31 32 34 36 38 39 41 36 30 24 23 25 29 32 40 41 43 44 46 47 48 49 44 50 53 45 37 35 40 44 56 72 77 77 91 99 66 18 12 27 52 56 32 11 14 26 52 93 31 27 69 74 77 83 81 82 84 85 84 80 75 71 46 35 34 36 48 55 51 50 55 58 62 62 56 45 33 25 24 22 20 23 34 47 55 56 50 55 61 61 55 58 70 79 61 52 58 77 83 71 63 67 86 87 80 68 65 74 82 83 62 61 64 69 70 66 65 67 79 74 66 59 56 57 60 63 56 49 42 36 27 17 11 11 28 33 41 47 50 48 44 41 45 44 42 36 27 19 20 25 35 44 51 51 49 48 48 46 48 48 47 46 45 44 44 43 44 43 43 48 55 60 62 61 64 59 50 37 25 18 16 17 15 19 20 18 17 19 19 17 26 31 39 45 47 44 39 36 33 33 34 36 39 42 46 47 47 43 40 39 42 47 53 57 54 61 72 80 83 81 77 75 77 77 73 65
36 32 28 26 28 29 29 28 29 30 31 33 35 37 38 38 42 38 30 25 23 25 30 33 41 43 46 48 47 45 41 39 53 47 41 36 31 33 52 72 79 85 82 77 89 96 63 17 34 50 53 26 0 3 19 22 69 105 36 31 67 75 80 79 80 79 80 83 84 82 76 70 42 39 34 36 40 58 49 48 48 51 53 53 46 34 22 14 21 32 43 50 58 65 67 64 52 61 77 78 66 65 78 84 83 68 66 81 85 73 70 78 80 87 86 77 75 82 85 82 76 72 71 74 74 70 71 75 77 76 74 71 67 64 62 61 73 69 66 60 48 31 18 12 9 18 30 42 50 52 49 47 45 44 40 32 23 19 22 26 35 45 52 52 50 49 49 47 49 48 47 46 45 44 44 43 47 47 50 54 59 60 57 53 52 46 35 25 18 14 13 13 16 22 24 21 18 18 19 18 25 28 32 35 36 34 31 29 33 35 38 42 44 45 45 45 42 46 50 48 42 40 42 46 46 43 45 56 72 83 84 81 77 79 77 71
35 34 32 30 29 30 31 32 32 29 26 28 33 39 43 44 44 41 34 27 23 25 33 39 42 43 44 42 40 41 44 48 40 34 36 47 54 58 73 91 112 94 78 80 80 61 38 29 54 42 23 4 0 0 10 21 52 71 43 36 56 77 76 77 79 84 84 80 80 83 79 70 44 37 37 38 33 35 43 47 53 56 44 49 31 31 16 27 45 65 72 57 48 60 77 84 67 72 78 81 82 83 86 88 80 81 82 83 84 85 86 87 86 85 83 82 82 83 85 86 79 78 77 76 77 78 79 80 88 86 81 77 73 70 69 68 62 71 72 63 58 58 50 37 19 10 12 18 37 54 48 43 43 38 30 23 19 20 23 25 35 49 53 49 50 52 50 49 51 50 47 46 46 47 50 51 54 54 56 61 65 62 54 47 40 34 25 17 13 14 17 20 23 22 22 21 20 20 19 19 27 28 29 31 32 34 35 35 35 35 36 38 41 44 47 49 48 47 46 45 44 43 42 42 34 35 36 36 40 50 66 78 85 85 84 81
36 35 34 33 32 32 32 33 32 30 28 29 34 39 43 44 44 41 34 29 27 31 38 43 48 42 35 34 37 41 41 39 33 42 53 59 62 68 80 91 65 58 61 59 42 35 40 41 49 31 8 0 0 2 15 25 21 46 55 52 65 73 75 78 81 85 85 80 80 81 75 65 42 36 37 38 32 33 39 42 44 58 51 36 31 38 47 50 56 74 82 73 67 77 87 89 82 82 83 84 86 86 86 85 81 80 77 74 71 68 65 64 53 53 52 51 51 51 52 52 68 67 65 65 67 70 75 78 83 85 88 90 88 85 80 77 73 78 75 66 63 68 67 60 58 28 4 4 26 45 45 42 40 35 28 22 20 21 24 27 35 49 54 50 52 53 51 51 49 48 46 45 46 47 49 50 53 52 52 55 56 52 43 36 32 26 19 16 18 22 25 25 23 23 23 23 23 23 23 22 26 27 28 29 31 32 33 34 35 35 36 37 38 40 42 43 44 43 43 42 41 40 39 39 34 34 34 31 31 37 48 57 85 85 85 83
38 38 38 38 37 36 35 34 33 32 30 31 35 39 42 43 42 37 31 28 30 35 40 43 38 38 37 35 34 34 35 37 49 60 67 68 73 79 76 67 33 52 51 36 34 39 44 53 23 8 0 0 2 4 4 4 2 32 75 62 59 64 71 72 80 85 86 81 79 78 69 58 40 36 36 37 31 29 33 36 45 46 37 25 45 50 73 70 60 78 92 93 93 96 93 86 84 79 71 65 60 55 49 44 40 40 38 36 34 32 31 30 36 36 36 37 36 35 34 34 34 32 29 27 29 33 38 41 52 56 63 71 77 82 84 85 87 89 86 78 73 74 72 66 70 56 25 5 11 32 46 41 34 31 25 21 20 23 27 30 35 50 56 53 54 55 53 53 47 47 47 47 48 49 50 51 55 52 49 48 45 39 30 24 22 18 15 18 25 31 33 33 27 26 26 26 26 26 26 27 26 26 27 28 30 31 32 32 34 34 35 35 35 35 34 34 38 38 37 36 36 35 35 34 33 34 34 32 31 35 42 48 61 69 80 88
40 41 42 42 42 40 38 36 35 34 33 33 35 37 39 40 38 33 27 26 29 34 37 38 38 36 32 27 26 32 45 55 60 65 67 67 73 78 69 55 44 49 49 41 44 57 51 28 4 0 0 1 5 1 0 0 19 46 90 64 41 58 68 66 76 82 84 81 78 76 66 53 38 36 37 36 30 25 28 32 42 31 22 38 68 58 80 85 77 86 92 91 89 85 74 62 53 49 43 38 35 32 29 27 35 36 38 40 43 45 47 48 46 47 49 49 49 47 45 44 43 40 37 34 33 33 35 36 31 31 32 36 43 54 64 70 77 82 86 87 86 83 77 71 57 73 63 38 16 17 38 44 28 26 22 20 21 25 29 32 34 51 58 55 55 56 54 54 49 50 51 52 52 53 53 53 57 52 47 41 36 30 22 16 17 16 18 23 30 36 38 38 34 32 28 26 25 26 28 29 27 27 28 29 31 32 32 33 34 35 35 35 34 31 29 27 32 32 32 32 32 31 31 31 32 34 35 35 34 36 41 44 41 52 67 79
43 44 45 45 44 43 41 39 38 37 36 35 33 33 34 35 35 31 26 26 29 32 34 34 37 31 25 26 35 48 57 61 65 66 66 63 59 57 54 51 53 45 44 50 55 49 25 0 3 0 0 0 0 4 18 32 43 57 84 68 35 52 59 63 68 76 81 80 78 75 64 50 37 38 38 35 30 24 25 32 29 35 39 67 84 72 85 93 93 86 75 63 55 49 42 36 37 38 39 40 41 44 48 52 53 54 56 58 60 62 63 64 60 60 62 62 61 59 57 56 55 54 53 50 48 45 43 42 44 41 36 32 32 35 39 42 46 50 60 72 81 85 87 89 68 80 80 72 43 17 25 37 23 21 20 19 22 26 31 34 33 50 58 55 54 54 51 52 51 53 55 57 57 56 54 53 51 46 39 33 27 22 17 14 18 22 27 31 33 36 39 41 42 38 32 27 25 25 27 29 30 30 31 32 33 33 34 34 34 35 37 37 36 32 27 24 29 29 29 29 30 30 30 30 30 31 32 32 32 32 34 35 43 47 53 57
45 46 46 46 45 44 43 42 40 40 39 35 31 28 27 27 32 30 28 28 30 32 34 34 28 30 35 42 50 56 59 60 71 63 57 54 51 46 45 46 55 51 49 57 55 24 0 0 0 0 2 1 4 15 33 47 42 45 62 78 49 36 35 49 61 71 78 79 79 75 62 47 39 41 39 35 30 24 26 36 30 58 66 84 90 93 88 79 69 60 49 42 38 35 36 39 48 51 55 57 58 61 66 70 67 67 67 66 66 66 66 66 66 67 66 66 65 64 62 61 57 58 58 58 57 54 52 50 52 52 53 51 48 44 39 36 32 28 31 41 51 58 69 80 87 84 78 76 64 44 29 20 19 19 18 19 22 26 31 34 31 49 58 54 51 49 46 47 50 52 55 57 56 53 49 47 38 34 28 23 19 17 17 17 24 29 35 37 36 36 40 44 46 43 39 34 30 29 28 29 31 32 32 33 33 34 35 35 34 36 40 42 40 36 31 27 29 29 29 30 31 31 32 32 28 30 31 32 33 34 35 36 40 43 47 48
48 47 46 45 44 44 44 44 43 43 41 36 29 23 21 21 24 25 26 27 28 30 33 35 36 41 47 49 49 51 57 63 58 50 45 49 55 57 56 56 62 55 58 53 25 4 4 7 2 9 11 8 11 22 32 35 33 42 60 97 77 21 11 24 58 68 77 79 78 74 59 44 41 44 40 35 32 26 29 41 51 76 84 87 84 83 67 54 43 41 42 47 47 46 51 59 58 60 63 66 68 70 72 73 70 70 69 69 69 69 68 68 72 71 69 68 67 66 66 66 62 62 62 62 62 61 60 60 53 55 58 60 59 56 52 49 44 33 28 31 32 32 39 51 70 73 76 73 75 73 49 26 17 17 17 18 22 26 31 34 29 48 57 52 48 44 41 41 45 47 50 52 50 46 40 37 28 25 21 17 17 19 23 26 29 33 38 40 41 41 44 47 46 46 46 45 41 37 32 29 31 31 31 32 32 33 33 33 34 38 43 46 46 42 36 32 30 30 31 32 33 34 34 35 35 35 36 37 38 39 41 41 34 39 45 48
49 48 46 44 43 44 45 46 44 44 42 35 27 20 17 17 15 19 22 24 24 26 31 34 47 47 48 51 55 55 53 50 46 50 54 55 55 57 61 64 57 66 54 22 0 0 1 7 37 34 20 6 7 22 31 29 36 58 80 119 103 18 3 7 56 68 77 79 78 73 57 41 42 45 41 36 32 27 31 45 69 82 93 89 72 47 34 41 53 51 54 59 57 53 59 70 74 73 72 73 74 73 69 65 69 69 69 69 69 69 69 69 75 73 70 68 67 67 68 68 69 68 66 65 64 64 64 65 65 64 61 58 56 56 56 56 56 46 41 44 40 30 30 37 36 51 76 83 84 80 62 53 16 16 17 18 22 26 30 33 28 47 56 51 46 41 37 37 40 42 45 46 44 39 32 28 24 22 19 17 18 24 31 35 33 34 37 41 44 47 48 49 43 47 51 53 51 43 35 29 29 30 30 30 31 31 32 32 34 38 45 49 50 46 40 36 31 32 33 34 35 36 37 37 45 44 41 39 38 37 36 35 42 43 42 40
50 50 50 50 48 46 44 42 41 39 34 29 26 23 22 22 12 11 13 21 31 39 41 40 41 46 50 48 44 42 44 48 51 52 57 62 61 58 60 67 68 52 19 0 0 9 28 49 55 34 14 10 16 24 33 41 75 86 105 122 85 19 0 6 38 70 83 83 83 75 64 47 38 42 38 35 37 30 33 51 84 83 72 58 44 49 43 60 58 60 63 69 76 74 71 79 79 71 64 79 85 65 55 77 76 66 48 53 77 74 53 49 72 74 58 48 57 72 71 48 46 62 69 53 42 55 67 61 55 63 68 63 58 60 62 61 60 50 53 50 45 34 37 37 34 33 38 55 75 86 83 75 60 10 21 14 20 35 32 30 36 39 41 41 38 35 34 35 36 32 29 33 39 38 30 21 14 16 20 25 30 33 34 35 41 42 43 45 47 49 51 52 54 51 48 53 60 55 49 51 35 28 23 23 25 27 30 34 33 36 40 44 46 45 43 42 40 40 40 40 41 41 41 41 45 44 43 42 42 44 45 46 44 43 43 42
54 51 47 44 42 41 42 43 38 36 33 29 27 25 25 25 22 21 22 28 36 42 43 42 50 47 43 39 38 42 50 55 59 55 55 60 65 66 65 63 52 36 19 13 12 12 23 40 30 21 14 16 24 36 51 64 84 90 95 100 73 29 13 12 32 64 77 78 80 79 70 53 34 41 39 35 32 26 35 59 76 72 60 49 43 53 52 68 74 69 74 76 79 76 69 78 78 66 58 73 81 61 52 72 76 66 48 54 78 73 53 50 72 74 58 48 57 72 71 48 46 62 69 53 42 55 67 61 44 55 66 62 53 59 67 64 56 54 57 52 52 40 39 40 40 34 31 39 56 70 77 77 71 23 16 17 24 33 30 29 33 35 37 36 32 29 28 28 26 24 23 27 31 31 24 18 18 21 25 29 33 36 38 39 43 44 45 47 49 51 53 53 55 52 49 53 60 56 50 52 43 37 32 31 29 25 23 24 29 33 39 44 46 46 44 42 42 42 42 42 42 42 42 42 44 44 43 43 43 44 45 45 46 46 45 45
49 49 47 44 41 38 36 34 33 32 31 30 29 29 30 30 35 33 33 36 42 45 44 43 41 39 39 42 47 52 55 57 68 64 59 61 68 71 66 57 22 25 30 30 27 26 25 20 13 15 20 27 33 44 60 75 77 77 69 62 52 39 33 25 32 62 73 72 75 78 73 53 31 40 40 35 31 26 38 66 61 56 47 45 48 63 66 77 88 80 85 79 82 78 61 77 79 60 52 68 76 57 51 68 76 65 48 54 78 72 52 51 72 74 58 48 57 72 71 48 47 63 70 54 43 55 67 61 38 50 68 62 45 55 70 62 51 61 62 52 58 48 42 44 38 39 39 34 33 42 62 77 82 42 12 20 28 31 30 30 28 29 30 28 25 22 20 20 17 17 18 21 23 23 21 19 24 27 30 35 39 41 43 43 47 48 49 51 53 54 55 56 56 54 50 53 60 57 52 53 49 44 40 39 35 28 21 19 27 30 36 41 44 45 45 44 45 45 45 44 44 44 44 43 43 44 44 45 45 44 44 43 45 46 46 46
45 45 45 43 40 35 31 28 30 30 30 31 32 34 35 36 43 41 40 41 43 44 42 40 40 39 40 44 50 56 61 63 71 68 68 74 82 77 50 22 1 17 36 39 34 34 28 9 11 16 25 33 40 47 56 63 56 51 39 30 31 36 37 30 42 68 75 70 70 74 68 45 34 40 39 38 40 34 41 63 45 44 45 52 64 76 80 83 86 86 83 71 85 76 49 79 83 57 51 67 76 56 53 68 76 65 48 56 78 71 51 52 72 74 58 48 57 72 71 48 48 64 71 55 43 56 67 62 44 53 71 63 41 53 70 55 47 66 63 48 60 52 44 50 42 48 49 41 30 30 45 60 79 58 14 21 27 29 32 31 25 25 24 21 19 16 14 13 12 14 16 17 17 20 23 26 30 32 36 40 43 45 46 47 52 53 54 55 56 57 58 59 58 57 52 54 60 59 54 55 49 45 42 43 40 34 29 27 28 29 32 35 39 42 45 46 46 46 46 46 45 45 45 45 43 44 45 46 46 44 43 42 43 43 44 45
45 43 39 35 33 31 31 32 29 30 32 34 36 38 39 40 44 43 41 41 41 41 40 38 42 44 48 52 55 59 64 67 65 76 86 84 72 50 21 0 2 11 28 34 27 25 24 15 11 15 23 33 43 49 48 45 38 30 22 18 21 28 30 31 54 74 77 71 69 71 65 40 41 42 39 44 52 46 41 51 34 40 53 69 83 87 87 82 73 86 70 59 87 71 40 82 89 57 55 71 80 57 58 70 76 64 48 57 78 69 50 53 72 74 58 48 57 72 71 48 49 65 72 56 44 56 67 62 50 55 72 65 43 56 71 52 45 68 62 43 57 51 45 54 59 56 52 48 44 40 37 34 62 62 20 20 24 28 34 32 24 22 20 17 15 13 11 10 10 12 15 15 15 20 28 35 35 37 41 44 47 49 50 50 56 57 57 58 59 60 60 61 59 60 55 54 60 62 57 56 52 46 43 43 42 39 37 37 31 30 29 29 32 38 43 47 45 45 45 45 45 45 46 46 43 44 45 46 46 44 42 41 43 43 44 45
38 37 36 34 33 33 32 32 32 34 36 38 40 42 42 42 42 41 40 40 41 41 40 40 41 46 54 60 65 68 72 74 77 77 68 49 28 14 8 6 6 20 28 20 13 19 24 19 15 19 24 31 39 42 35 26 25 18 20 23 25 29 33 44 61 74 76 75 73 73 67 43 46 45 41 49 60 50 36 38 30 43 65 83 92 86 86 75 62 87 58 53 90 65 41 84 90 56 59 76 82 56 61 72 76 64 48 58 79 68 49 55 72 74 58 48 57 72 71 48 51 67 73 56 44 56 67 62 49 53 71 66 46 58 73 58 46 69 62 42 56 50 44 56 65 62 59 56 53 46 36 29 41 51 26 18 21 26 31 29 22 19 16 14 13 12 11 10 7 11 15 17 19 24 33 39 41 43 46 49 51 53 53 53 60 60 60 60 61 61 61 61 61 62 57 54 61 64 60 58 58 51 45 44 43 40 39 40 35 32 29 27 28 33 38 42 41 41 42 43 44 45 45 46 45 45 45 45 44 43 42 42 46 46 47 48
29 31 34 36 37 36 34 33 37 38 40 43 44 44 44 43 40 40 41 42 43 44 45 45 55 55 58 63 69 74 77 78 71 47 20 6 5 9 9 9 7 34 40 22 15 26 26 15 17 25 32 32 30 29 23 16 24 18 26 30 33 37 43 60 65 72 76 81 79 76 70 48 48 50 47 52 58 43 27 29 33 49 73 87 88 75 79 68 63 90 53 60 92 61 53 85 87 51 61 78 81 52 60 70 76 63 48 59 79 67 49 56 72 74 58 48 57 72 71 48 51 67 73 57 45 57 67 62 46 53 70 68 48 56 71 64 47 68 64 47 59 49 44 55 56 61 65 63 56 46 39 36 26 33 28 16 23 24 24 24 19 16 12 10 11 11 10 9 6 13 21 28 32 35 39 43 47 49 52 55 57 58 58 58 61 61 61 61 62 62 62 62 62 64 58 54 61 65 62 59 61 54 48 46 44 40 39 40 36 34 31 29 28 30 32 34 36 36 38 40 42 43 45 46 47 46 45 44 43 43 43 43 46 47 47 47
30 30 30 31 33 36 38 40 40 41 43 45 46 45 44 43 39 41 42 44 46 48 50 51 64 65 69 76 81 77 66 57 16 10 8 10 10 7 5 7 11 39 50 40 35 31 22 16 14 27 37 33 25 21 19 16 31 26 34 34 35 40 46 64 70 73 77 85 83 77 70 50 47 52 52 53 52 34 20 26 37 54 76 85 81 64 72 63 68 95 53 68 94 59 63 85 83 47 60 78 80 48 57 67 76 63 48 59 79 66 48 56 72 74 58 48 57 72 71 48 52 68 74 57 45 57 68 62 45 54 72 69 48 50 66 65 47 67 66 53 62 50 43 54 50 54 60 64 62 54 44 36 20 20 27 16 25 22 17 19 16 13 9 8 9 10 10 9 7 16 28 39 44 45 46 46 52 53 56 59 61 61 62 61 62 62 62 62 62 62 62 62 63 65 59 54 61 66 63 60 60 53 49 48 46 42 39 40 35 34 33 31 30 28 27 27 32 33 35 37 40 42 44 45 48 47 45 43 42 42 43 44 44 44 44 44
33 34 36 38 41 43 45 46 44 44 43 43 42 41 40 40 40 46 49 46 46 52 60 65 68 70 77 79 64 37 15 6 11 10 10 11 13 13 11 9 27 36 44 46 44 38 27 18 23 26 29 29 26 23 22 23 34 41 45 48 55 56 57 63 76 77 78 79 82 81 67 50 49 51 50 53 53 34 22 31 37 64 76 72 76 59 84 57 81 79 51 77 89 51 59 84 81 51 60 83 78 49 56 74 80 56 48 67 79 67 53 53 71 77 56 54 52 71 63 45 53 64 71 57 45 50 72 63 51 53 72 71 48 53 72 69 48 63 76 55 60 74 54 54 65 44 62 45 63 53 50 38 17 14 14 16 15 12 12 14 42 25 9 6 9 9 5 2 23 30 38 43 44 47 53 58 59 60 62 64 65 65 65 64 67 67 66 65 64 63 62 62 65 65 60 50 58 69 63 63 65 57 49 48 49 46 44 43 38 36 33 33 35 36 35 34 34 34 34 35 37 39 41 42 52 46 41 39 42 45 47 46 41 41 41 40
36 37 38 40 42 43 44 45 42 42 43 43 44 44 45 45 50 53 53 51 54 62 71 74 87 69 48 32 18 6 5 10 5 9 17 26 32 33 29 25 30 37 43 45 44 41 34 27 13 16 20 22 22 23 25 27 38 46 49 53 59 60 62 67 80 82 82 81 82 80 68 55 49 49 45 47 46 28 17 28 38 65 76 72 77 59 84 57 81 79 51 77 89 51 60 84 81 51 60 83 78 49 56 74 80 55 46 64 75 64 53 53 74 79 60 60 56 71 65 52 53 64 71 57 47 53 75 66 51 53 72 72 48 53 72 69 48 63 76 55 60 74 54 54 66 46 63 46 64 54 52 39 15 13 12 14 14 11 11 13 30 21 11 8 7 7 10 15 30 36 43 47 48 50 55 60 60 61 63 65 66 66 66 65 67 67 66 65 64 63 63 62 65 65 60 50 57 68 63 64 66 57 50 49 49 47 44 44 39 36 34 33 34 35 35 34 34 34 34 35 37 39 41 43 42 40 38 39 42 46 49 50 46 46 46 46
41 41 41 42 42 43 43 44 40 41 43 45 47 49 50 51 51 52 52 56 66 77 81 80 53 35 16 7 2 0 5 14 23 27 34 41 46 44 37 32 30 34 37 38 38 40 38 33 7 9 13 17 21 26 32 36 43 51 54 58 64 66 67 72 78 80 77 71 67 60 50 42 47 46 40 40 39 22 12 24 39 65 75 72 77 59 84 56 81 80 52 78 90 52 60 85 81 51 60 83 78 49 56 74 80 55 45 59 68 60 52 53 64 67 52 56 48 55 52 47 48 59 66 54 45 52 75 66 51 54 73 72 48 52 72 70 47 63 76 55 60 74 54 54 68 48 65 48 66 56 53 40 13 10 10 12 12 9 9 11 15 14 14 11 5 6 17 30 37 43 49 52 53 55 59 62 62 63 65 67 68 68 68 67 68 67 66 66 64 64 63 62 65 64 61 51 57 68 64 64 66 57 50 49 50 47 45 45 40 37 34 33 34 35 35 34 35 35 34 35 37 39 42 44 43 44 44 42 39 38 38 39 33 33 33 32
44 44 44 44 43 43 42 42 41 42 44 46 49 52 54 55 56 62 70 79 84 75 50 28 6 2 3 11 14 11 13 19 49 48 47 46 44 40 34 29 29 28 28 28 28 33 36 31 10 11 14 18 24 31 39 43 46 54 57 61 67 69 70 75 76 77 70 58 47 34 24 22 41 41 36 38 37 20 11 22 40 66 75 72 78 60 84 55 82 80 52 78 90 52 61 85 81 51 60 83 78 49 56 74 79 54 44 55 60 55 52 53 49 52 40 48 36 37 35 39 41 51 59 48 41 50 72 63 50 54 74 73 48 52 72 71 47 62 76 55 60 75 55 55 71 50 68 50 68 58 55 41 11 8 8 10 10 8 8 10 5 10 14 12 5 6 22 40 41 45 51 55 57 59 62 65 64 65 67 69 70 70 70 69 68 68 67 66 65 64 63 63 65 63 62 52 55 67 65 64 66 57 50 50 50 48 46 46 42 38 34 32 33 34 34 33 36 35 34 34 36 39 43 45 50 52 51 45 35 27 24 24 17 17 17 16
